record_id,session_id,timestamp_utc,activity,notes,sample_number,accel_x_mps2,accel_y_mps2,accel_z_mps2,accel_avg_mps2,gyro_x_dps,gyro_y_dps,gyro_z_dps,gyro_avg_dps,board_time_ms,accel_msd,gyro_msd,slope_window_samples,accel_avg_slope,accel_msd_slope,gyro_avg_slope,gyro_msd_slope,elapsed_s,accel_magnitude_g,gyro_magnitude_dps,abs_accel_avg_slope,abs_accel_msd_slope,accel_msd_mean_500ms,accel_msd_mean_1000ms,abs_gyro_avg_slope,abs_gyro_msd_slope,gyro_msd_mean_500ms,gyro_msd_mean_1000ms
2043,3,2026-09-24T03:33:10.081+00:00,normal-walking,Trial 1: simulate walking and nomral everyday activity on board,9783,0.304,-1.02,9.767,3.017,-9.489,-37.213,0.033,-15.556,981134,0.06366482,7.480983,5,-0.6810913,-0.04369003,-32.02868,-361.8624,0.0,1.001852912412177,38.403770374795236,0.6810913,0.04369003,,,32.02868,361.8624,,
2044,3,2026-09-24T03:33:10.181+00:00,normal-walking,Trial 1: simulate walking and nomral everyday activity on board,9784,0.647,-1.245,9.679,3.027,-1.639,-28.224,3.244,-8.873,981234,0.05882427,50.91172,5,-0.04832086,-0.04913985,-16.9395,-554.7449,0.1,0.9972995296155799,28.457055944000956,0.04832086,0.04913985,,,16.9395,554.7449,,
2045,3,2026-09-24T03:33:10.280+00:00,normal-walking,Trial 1: simulate walking and nomral everyday activity on board,9785,0.814,-1.255,9.669,3.076,0.188,-24.038,3.203,-6.882,981334,0.009328521,6.954071,5,0.3675274,-0.2171085,19.21452,-513.4977,0.2,0.9976930838343876,24.25118547617827,0.3675274,0.2171085,,,19.21452,513.4977,,
2046,3,2026-09-24T03:33:10.380+00:00,normal-walking,Trial 1: simulate walking and nomral everyday activity on board,9786,0.981,-1.236,9.709,3.151,1.908,-22.088,-3.145,-7.775,981434,0.009905548,15.686,5,0.5090425,-0.1480341,27.82198,-69.84697,0.3,1.003033515989643,22.3922136690413,0.5090425,0.1480341,,,27.82198,69.84697,,
2047,3,2026-09-24T03:33:10.480+00:00,normal-walking,Trial 1: simulate walking and nomral everyday activity on board,9787,1.245,-1.324,9.826,3.249,-2.681,-23.268,-6.383,-10.777,981534,0.03058224,10.97866,5,0.5883987,-0.1150839,10.656,-28.23037,0.4,1.018967859265827,24.276125596972843,0.5883987,0.1150839,,,10.656,28.23037,,
2048,3,2026-09-24T03:33:10.579+00:00,normal-walking,Trial 1: simulate walking and nomral everyday activity on board,9788,1.697,-1.422,9.552,3.275,7.684,-15.841,-5.557,-4.571,981634,0.09617045,54.42528,5,0.6701217,0.09594608,4.708333,11.0517,0.5,0.9998555208539159,18.46243174665786,0.6701217,0.09594608,0.0409622058,,4.708333,11.0517,27.791146200000004,
2049,3,2026-09-24T03:33:10.679+00:00,normal-walking,Trial 1: simulate walking and nomral everyday activity on board,9789,2.01,-1.442,9.64,3.403,20.218,-6.403,-6.565,2.417,981734,0.03555096,82.39769,5,0.7779946,0.1387098,21.80167,189.6265,0.6,1.0148562072093963,22.200566614390723,0.7779946,0.1387098,0.0363075438,,21.80167,189.6265,34.0883402,
2050,3,2026-09-24T03:33:10.779+00:00,normal-walking,Trial 1: simulate walking and nomral everyday activity on board,9790,2.099,-1.275,9.522,3.449,20.466,-2.159,-15.161,1.049,981834,0.01647719,30.65475,5,0.748575,0.018112,30.84133,101.3565,0.7,1.0027492812541312,25.561188509144092,0.748575,0.018112,0.037737277599999994,,30.84133,101.3565,38.828476,
2051,3,2026-09-24T03:33:10.878+00:00,normal-walking,Trial 1: simulate walking and nomral everyday activity on board,9791,1.785,-0.765,9.64,3.553,18.114,3.14,-23.393,-0.713,981934,0.1241239,33.79237,5,0.7812626,0.10739,25.74867,21.85691,0.8,1.0027551919670343,29.752462839234,0.7812626,0.10739,0.060580948,,25.74867,21.85691,42.44975,
2052,3,2026-09-24T03:33:10.978+00:00,normal-walking,Trial 1: simulate walking and nomral everyday activity on board,9792,1.03,0.226,9.63,3.628,18.888,7.727,-24.334,0.76,982034,0.5171081,7.508376,5,0.8564467,0.9304483,7.533668,-142.4391,0.9,0.987856500908481,31.758567804609832,0.8564467,0.9304483,0.15788612,,7.533668,142.4391,41.7556932,
2053,3,2026-09-24T03:33:11.077+00:00,normal-walking,Trial 1: simulate walking and nomral everyday activity on board,9793,0.137,1.314,10.169,3.874,21.008,6.547,-7.768,6.596,982134,0.7574059,93.43971,5,1.121227,1.944341,8.069668,-1.062332,1.0,1.045663792942842,23.335404367612743,1.121227,1.944341,0.29013321,0.1655477079,8.069668,1.062332,49.5585792,38.67486269999999
2054,3,2026-09-24T03:33:11.177+00:00,normal-walking,Trial 1: simulate walking and nomral everyday activity on board,9794,0.0,1.677,10.434,4.037,25.258,3.142,9.924,12.775,982234,0.07353837,114.2211,5,1.497148,0.7474044,30.76067,226.7801,1.1,1.077626739038213,27.31894038940749,1.497148,0.7474044,0.297730692,0.1670191179,30.76067,226.7801,55.9232612,45.005800699999995
2055,3,2026-09-24T03:33:11.278+00:00,normal-walking,Trial 1: simulate walking and nomral everyday activity on board,9795,0.049,2.01,10.326,4.129,33.766,-0.111,27.848,20.501,982334,0.04173791,134.7459,5,1.559258,-0.6083417,54.44233,308.6199,1.2,1.0727335900571466,43.76832394552023,1.559258,0.6083417,0.30278283599999994,0.1702600568,54.44233,308.6199,76.7414912,57.7849836
2056,3,2026-09-24T03:33:11.377+00:00,normal-walking,Trial 1: simulate walking and nomral everyday activity on board,9796,0.481,2.03,9.797,4.102,35.019,-5.84,41.448,23.542,982434,0.1556678,73.11717,5,1.20295,-1.438549,59.46933,172.5238,1.3,1.021415021729982,54.57446898504831,1.20295,1.438549,0.309091616,0.18483628199999996,59.46933,172.5238,84.60645120000001,63.5281006
2057,3,2026-09-24T03:33:11.477+00:00,normal-walking,Trial 1: simulate walking and nomral everyday activity on board,9797,1.304,1.746,9.061,4.037,28.399,-8.58,45.016,21.612,982534,0.4334723,21.3542,5,0.3922663,-0.5657377,40.79967,-185.275,1.4,0.9503112454129796,53.91252041038334,0.3922663,0.5657377,0.292364456,0.225125288,40.79967,185.275,87.37561600000001,64.56565459999999
2058,3,2026-09-24T03:33:11.578+00:00,normal-walking,Trial 1: simulate walking and nomral everyday activity on board,9798,2.108,1.314,8.61,4.011,13.791,-6.89,30.734,12.545,982635,0.345444,140.0751,5,-0.143778,0.9331603,0.5924589,-61.00558,1.501,0.9137838514946117,34.38375396898948,0.143778,0.9331603,0.20997207600000004,0.25005264299999996,0.5924589,61.00558,96.702694,73.1306366
2059,3,2026-09-24T03:33:11.678+00:00,normal-walking,Trial 1: simulate walking and nomral everyday activity on board,9799,2.334,1.53,8.797,4.22,2.38,-0.04,12.218,4.853,982736,0.04404612,173.3252,5,0.09212102,0.1906928,-42.14699,144.2806,1.602,0.9411028549475817,12.447711596916118,0.09212102,0.1906928,0.204073626,0.250902159,42.14699,144.2806,108.523514,82.2233876
2060,3,2026-09-24T03:33:11.778+00:00,normal-walking,Trial 1: simulate walking and nomral everyday activity on board,9800,2.157,1.726,9.13,4.338,-6.702,2.297,-3.664,-2.69,982836,0.06026667,113.3941,5,0.6501327,-0.5781162,-68.82427,231.6581,1.702,0.9726864712756939,7.9760835627518345,0.6501327,0.5781162,0.207779378,0.25528110699999995,68.82427,231.6581,104.253154,90.4973226
2061,3,2026-09-24T03:33:11.877+00:00,normal-walking,Trial 1: simulate walking and nomral everyday activity on board,9801,1.726,2.001,9.503,4.41,-8.929,4.155,-14.98,-6.585,982936,0.1334845,45.48785,5,1.066735,-0.8823251,-71.29141,22.49459,1.802,1.0058046012797262,17.927394289187706,1.066735,0.8823251,0.20334271799999995,0.25621716699999997,71.29141,22.49459,98.72729,91.6668706
2062,3,2026-09-24T03:33:11.978+00:00,normal-walking,Trial 1: simulate walking and nomral everyday activity on board,9802,1.344,2.177,9.699,4.406,-15.289,1.191,-20.317,-11.472,983036,0.07196749,25.90615,5,0.9794002,-0.4578237,-59.36488,-355.1561,1.902,1.0228534690996467,25.45491094072026,0.9794002,0.4578237,0.131041756,0.211703106,59.36488,355.1561,99.63768,93.506648
2063,3,2026-09-24T03:33:12.078+00:00,normal-walking,Trial 1: simulate walking and nomral everyday activity on board,9803,0.971,2.314,9.915,4.4,-17.959,-0.279,-21.887,-13.375,983137,0.0680887,3.918233,5,0.4269634,0.05947279,-45.13166,-425.2822,2.003,1.042929242375894,28.31332355976599,0.4269634,0.05947279,0.07557069599999999,0.142771386,45.13166,425.2822,72.4063066,84.5545003
2064,3,2026-09-24T03:33:12.179+00:00,normal-walking,Trial 1: simulate walking and nomral everyday activity on board,9804,0.657,2.54,9.954,4.384,-14.606,0.928,-17.325,-10.334,983238,0.05029708,11.17043,5,0.08095635,-0.08509905,-21.93334,-244.5008,2.104,1.0496905650017119,22.67933078818685,0.08095635,0.08509905,0.076820888,0.140447257,21.93334,244.5008,39.975352599999994,74.24943329999999
2065,3,2026-09-24T03:33:12.279+00:00,normal-walking,Trial 1: simulate walking and nomral everyday activity on board,9805,0.343,2.756,10.12,4.406,-9.939,2.183,-5.346,-4.367,983339,0.05760604,55.61746,5,-0.02916008,-0.1718287,5.564726,5.658487,2.205,1.0701074368172907,11.49473470768247,0.02916008,0.1718287,0.07628876200000001,0.14203406999999998,5.564726,5.658487,28.420024599999998,66.3365893
2066,3,2026-09-24T03:33:12.379+00:00,normal-walking,Trial 1: simulate walking and nomral everyday activity on board,9806,0.186,2.756,10.287,4.41,-0.769,3.037,10.673,4.314,983439,0.01747092,113.8089,5,0.01291315,-0.1184118,40.22419,225.4401,2.305,1.0861413841144192,11.123293532043466,0.01291315,0.1184118,0.053086046,0.128214382,40.22419,225.4401,42.0842346,70.4057623
2067,3,2026-09-24T03:33:12.479+00:00,normal-walking,Trial 1: simulate walking and nomral everyday activity on board,9807,0.226,2.589,10.336,4.384,7.998,2.05,27.219,12.422,983539,0.01057877,117.2015,5,-0.006408726,-0.1470117,65.88451,327.5394,2.405,1.086784496914005,28.44370694898961,0.006408726,0.1470117,0.040808302,0.08592502900000001,65.88451,327.5394,60.343304599999996,79.9904923
2068,3,2026-09-24T03:33:12.580+00:00,normal-walking,Trial 1: simulate walking and nomral everyday activity on board,9808,0.52,2.246,10.15,4.305,12.596,-3.03,39.681,16.416,983640,0.0796933,67.41648,5,-0.1791369,0.01196317,69.9958,173.2492,2.506,1.0613742838222717,41.74232716320449,0.1791369,0.01196317,0.043129221999999995,0.059349958999999994,69.9958,173.2492,73.04295400000001,72.72463029999999
2069,3,2026-09-24T03:33:12.680+00:00,normal-walking,Trial 1: simulate walking and nomral everyday activity on board,9809,1.02,1.853,9.738,4.204,14.452,-5.58,42.378,17.083,983741,0.1912188,5.740346,5,-0.5079754,0.328633,54.68535,-146.0512,2.607,1.01615451255221,45.120855355367546,0.5079754,0.328633,0.07131356600000001,0.074067227,54.68535,146.0512,71.9569372,55.9661449
2070,3,2026-09-24T03:33:12.780+00:00,normal-walking,Trial 1: simulate walking and nomral everyday activity on board,9810,1.559,1.52,9.316,4.132,8.599,-5.987,34.723,12.445,983841,0.1933022,31.00742,5,-0.7312708,0.5294923,20.80114,-275.6874,2.707,0.9755691519515719,36.26945959068042,0.7312708,0.5294923,0.098452798,0.08737078000000001,20.80114,275.6874,67.0349292,47.7274769
2071,3,2026-09-24T03:33:12.880+00:00,normal-walking,Trial 1: simulate walking and nomral everyday activity on board,9811,1.893,1.275,9.169,4.112,1.041,-1.637,19.059,6.154,983941,0.06430601,107.1356,5,-0.7126395,0.2210717,-16.36794,-57.01614,2.807,0.9635084492861259,19.15747715645252,0.7126395,0.2210717,0.10781981600000001,0.080452931,16.36794,57.01614,65.7002692,53.892251900000005
2072,3,2026-09-24T03:33:12.979+00:00,normal-walking,Trial 1: simulate walking and nomral everyday activity on board,9812,1.922,1.304,9.385,4.204,-8.424,1.834,2.499,-1.364,984041,0.0160926,125.2892,5,-0.2941571,-0.2528087,-46.36453,216.2729,2.907,0.9858748240595078,8.976209277863346,0.2941571,0.2528087,0.108922582,0.074865442,46.36453,216.2729,67.3178092,63.83055689999999
2073,3,2026-09-24T03:33:13.079+00:00,normal-walking,Trial 1: simulate walking and nomral everyday activity on board,9813,1.775,1.353,9.699,4.276,-14.158,2.478,-11.548,-7.743,984141,0.04084025,76.87057,5,0.2157469,-0.4779668,-63.46067,236.5423,3.007,1.0148704029360827,18.43761785047081,0.2157469,0.4779668,0.101151972,0.072140597,63.46067,236.5423,69.2086272,71.1257906
2074,3,2026-09-24T03:33:13.179+00:00,normal-walking,Trial 1: simulate walking and nomral everyday activity on board,9814,1.54,1.255,9.826,4.207,-17.128,1.858,-22.556,-12.609,984241,0.02708804,43.46045,5,0.3138127,-0.3558941,-64.00433,-5.358949,3.107,1.0222465635684497,28.382982295734884,0.3138127,0.3558941,0.06832582000000001,0.06981969299999999,64.00433,5.358949,76.752648,74.35479260000001
2075,3,2026-09-24T03:33:13.279+00:00,normal-walking,Trial 1: simulate walking and nomral everyday activity on board,9815,1.255,1.432,9.924,4.204,-17.273,1.621,-29.429,-15.027,984341,0.04055184,15.77178,5,0.1863265,-0.0365129,-53.60767,-264.5564,3.207,1.0304252514531165,34.16211660597159,0.1863265,0.0365129,0.037775748000000005,0.06811427299999999,53.60767,264.5564,73.70551999999999,70.3702246
2076,3,2026-09-24T03:33:13.380+00:00,normal-walking,Trial 1: simulate walking and nomral everyday activity on board,9816,0.951,1.716,9.993,4.22,-13.987,1.74,-26.726,-12.991,984442,0.05933712,6.039391,5,-0.039089,0.08608117,-30.44741,-298.875,3.308,1.038455210329167,30.214944067464362,0.039089,0.08608117,0.03678197,0.072300893,30.44741,298.875,53.4862782,59.59327370000001
2077,3,2026-09-24T03:33:13.480+00:00,normal-walking,Trial 1: simulate walking and nomral everyday activity on board,9817,0.677,1.991,10.169,4.279,-8.915,1.987,-16.124,-7.684,984543,0.06065142,46.06286,5,0.02007964,0.07158883,-0.210162,-98.19893,3.409,1.0588905741910963,18.53129164413533,0.02007964,0.07158883,0.045693734,0.077308158,0.210162,98.19893,37.6410102,52.4794097
2078,3,2026-09-24T03:33:13.579+00:00,normal-walking,Trial 1: simulate walking and nomral everyday activity on board,9818,0.598,2.03,10.268,4.299,0.313,2.137,-1.575,0.292,984643,0.005770212,98.95063,5,0.2568172,-0.02228001,32.94939,140.4384,3.509,1.0690513748576034,2.6730811809595307,0.2568172,0.02228001,0.0386797264,0.0699158492,32.94939,140.4384,42.0570222,55.6328247
2079,3,2026-09-24T03:33:13.680+00:00,normal-walking,Trial 1: simulate walking and nomral everyday activity on board,9819,0.598,1.981,10.326,4.302,10.927,1.375,11.488,7.93,984743,0.001955503,94.62654,5,0.273387,-0.1298517,58.87164,249.3125,3.609,1.0738935480612253,15.914273404714399,0.273387,0.1298517,0.033653219,0.05098951950000001,58.87164,249.3125,52.29024019999999,64.5214441
2080,3,2026-09-24T03:33:13.780+00:00,normal-walking,Trial 1: simulate walking and nomral everyday activity on board,9820,0.735,1.912,10.287,4.312,18.52,-0.421,21.863,13.321,984844,0.008366847,56.17331,5,0.2052088,-0.1598641,67.95545,148.1447,3.71,1.0695765297137267,28.655861704021394,0.2052088,0.1598641,0.0272162204,0.0324959842,67.95545,148.1447,60.3705462,67.03803309999999
2081,3,2026-09-24T03:33:13.881+00:00,normal-walking,Trial 1: simulate walking and nomral everyday activity on board,9821,1.049,1.726,9.983,4.253,22.115,-2.73,27.387,15.591,984945,0.07520512,16.25669,5,-0.03932286,0.0320585,59.25224,-102.3485,3.811,1.0386087006307625,35.30685335738658,0.03932286,0.0320585,0.0303898204,0.03358589520000001,59.25224,102.3485,62.41400599999999,57.95014210000001
2082,3,2026-09-24T03:33:13.982+00:00,normal-walking,Trial 1: simulate walking and nomral everyday activity on board,9822,1.432,1.451,9.561,4.148,17.793,-3.867,23.602,12.509,985046,0.133164,11.43289,5,-0.3473283,0.3256931,31.80948,-251.4642,3.912,0.9968671117485113,29.809376746252177,0.3473283,0.3256931,0.044892336399999996,0.0452930352,31.80948,251.4642,55.488012000000005,46.56451109999999
2083,3,2026-09-24T03:33:14.082+00:00,normal-walking,Trial 1: simulate walking and nomral everyday activity on board,9823,1.775,1.196,9.218,4.063,8.357,-1.727,10.701,5.777,985147,0.1002094,86.68448,5,-0.6343582,0.3181237,-5.066667,-60.02427,4.013,0.9649800597546686,13.686978446684279,0.6343582,0.3181237,0.063780174,0.051229950200000006,5.066667,60.02427,53.03478199999999,47.545902100000006
2084,3,2026-09-24T03:33:14.182+00:00,normal-walking,Trial 1: simulate walking and nomral everyday activity on board,9824,1.804,1.265,9.238,4.102,-4.547,1.364,-6.026,-3.07,985247,0.001987522,151.9533,5,-0.6036595,0.0127807,-42.22289,259.5626,4.113,0.9684367063735265,7.671269842731384,0.6036595,0.0127807,0.0637865778,0.0487198984,42.22289,259.5626,64.500134,58.3951871
2085,3,2026-09-24T03:33:14.282+00:00,normal-walking,Trial 1: simulate walking and nomral everyday activity on board,9825,1.648,1.461,9.62,4.243,-12.09,2.615,-18.694,-9.39,985347,0.06978747,72.98003,5,-0.06639235,-0.1411494,-65.19404,253.0252,4.213,1.006345862134393,22.415886353209412,0.06639235,0.1411494,0.07607070240000001,0.0516434614,65.19404,253.0252,67.861478,64.1160121
2086,3,2026-09-24T03:33:14.383+00:00,normal-walking,Trial 1: simulate walking and nomral everyday activity on board,9826,1.393,1.491,9.807,4.23,-15.875,1.366,-26.218,-13.576,985448,0.03353149,24.1656,5,0.3413125,-0.2288479,-67.0597,11.7937,4.314,1.0214522246017574,30.6800440840622,0.3413125,0.2288479,0.0677359764,0.049062898400000006,67.0597,11.7937,69.44326,65.92863299999999
2087,3,2026-09-24T03:33:14.483+00:00,normal-walking,Trial 1: simulate walking and nomral everyday activity on board,9827,1.128,1.54,9.924,4.197,-15.073,1.602,-29.796,-14.422,985549,0.02878699,4.500326,5,0.3928228,-0.1106852,-50.61304,-290.9473,4.415,1.030517758236601,33.42997680226536,0.3928228,0.1106852,0.0468605744,0.0458764554,50.61304,290.9473,68.05674719999999,61.77237960000001
2088,3,2026-09-24T03:33:14.583+00:00,normal-walking,Trial 1: simulate walking and nomral everyday activity on board,9828,0.804,1.863,10.052,4.24,-12.267,1.744,-26.634,-12.386,985649,0.07523728,5.964012,5,0.2270039,0.1045626,-23.52491,-358.2893,4.515,1.0456934409314633,29.37500265531903,0.2270039,0.1045626,0.0418661504,0.05282316220000001,23.52491,358.2893,51.91265360000001,52.473717799999996
2089,3,2026-09-24T03:33:14.683+00:00,normal-walking,Trial 1: simulate walking and nomral everyday activity on board,9829,0.539,2.079,10.228,4.282,-7.17,1.238,-15.32,-7.084,985750,0.04927126,51.41402,5,0.08746312,0.0004550745,5.745874,-61.02707,4.616,1.0657119758236702,16.960069103632804,0.08746312,0.0004550745,0.05132289799999999,0.0575547379,5.745874,61.02707,31.8047976,48.1524658
2090,3,2026-09-24T03:33:14.783+00:00,normal-walking,Trial 1: simulate walking and nomral everyday activity on board,9830,0.441,2.069,10.356,4.289,3.25,1.226,-0.657,1.273,985850,0.008655395,107.86,5,0.201584,-0.02912289,36.83631,213.1286,4.716,1.0778259423671668,3.5351414398861043,0.201584,0.02912289,0.039096483,0.057583592700000005,36.83631,213.1286,38.7807916,53.321134799999996
2091,3,2026-09-24T03:33:14.883+00:00,normal-walking,Trial 1: simulate walking and nomral everyday activity on board,9831,0.481,2.03,10.375,4.295,12.57,-0.34,13.962,8.731,985950,0.001154043,101.01,5,0.24454,-0.1215051,59.77781,294.1254,4.816,1.079131929253456,18.789836188748428,0.24454,0.1215051,0.0326209936,0.050178484999999995,59.77781,294.1254,54.1496716,61.7964658
2092,3,2026-09-24T03:33:14.983+00:00,normal-walking,Trial 1: simulate walking and nomral everyday activity on board,9832,0.657,1.893,10.248,4.266,21.047,-2.32,25.994,14.907,986050,0.0220872,73.51632,5,0.06546137,-0.1542387,70.25316,184.5807,4.916,1.0647937144349173,33.52680487311608,0.06546137,0.1542387,0.0312810356,0.039070805,70.25316,184.5807,67.95287040000001,68.0048088
2093,3,2026-09-24T03:33:15.084+00:00,normal-walking,Trial 1: simulate walking and nomral everyday activity on board,9833,0.981,1.706,9.973,4.22,23.222,-4.487,30.765,16.5,986151,0.07161479,10.72965,5,-0.1470137,0.05829581,60.65524,-115.83,5.017,1.0365731346922937,38.8056655399698,0.1470137,0.05829581,0.0305565376,0.03621134399999999,60.65524,115.83,68.905998,60.4093258
2094,3,2026-09-24T03:33:15.184+00:00,normal-walking,Trial 1: simulate walking and nomral everyday activity on board,9834,1.412,1.569,9.542,4.174,20.584,-4.905,29.373,15.017,986252,0.1304071,3.023812,5,-0.3027482,0.3127474,35.03332,-298.5666,5.118,0.9965359959435751,36.201287408046696,0.3027482,0.3127474,0.0467837056,0.0490533018,35.03332,298.5666,59.227956400000004,45.516377
2095,3,2026-09-24T03:33:15.284+00:00,normal-walking,Trial 1: simulate walking and nomral everyday activity on board,9835,1.863,1.206,9.12,4.063,11.115,-4.431,20.839,9.174,986352,0.170991,54.23859,5,-0.5522983,0.4454126,0.9912724,-163.2425,5.218,0.9571198097784257,24.030000145651268,0.5522983,0.4454126,0.0792508266,0.05917365480000001,0.9912724,163.2425,48.5036744,43.642233000000004
2096,3,2026-09-24T03:33:15.383+00:00,normal-walking,Trial 1: simulate walking and nomral everyday activity on board,9836,2.04,1.118,9.012,4.057,-0.816,-1.17,5.234,1.083,986452,0.01686186,132.1663,5,-0.5724189,0.08934313,-34.74879,159.2755,5.318,0.9490905214761497,5.424897418384979,0.5724189,0.08934313,0.08239239000000001,0.057506691799999995,34.74879,159.2755,54.7349344,54.442303
2097,3,2026-09-24T03:33:15.483+00:00,normal-walking,Trial 1: simulate walking and nomral everyday activity on board,9837,1.883,1.265,9.326,4.158,-12.267,1.24,-9.094,-6.707,986552,0.04824557,114.075,5,-0.241785,-0.1594844,-60.20224,335.0117,5.418,0.9787161098375006,15.32050015502105,0.241785,0.1594844,0.087624064,0.0594525498,60.20224,335.0117,62.84667040000001,65.39977040000001
2098,3,2026-09-24T03:33:15.583+00:00,normal-walking,Trial 1: simulate walking and nomral everyday activity on board,9838,1.628,1.245,9.679,4.184,-19.175,1.647,-19.298,-12.275,986652,0.06334409,50.66924,5,0.1144114,-0.2568715,-70.46667,155.1273,5.518,1.0088670974680871,27.254468220825736,0.1144114,0.2568715,0.085969924,0.05826323079999999,70.46667,155.1273,70.8345884,69.87029320000002
2099,3,2026-09-24T03:33:15.683+00:00,normal-walking,Trial 1: simulate walking and nomral everyday activity on board,9839,1.383,1.216,9.826,4.142,-20.103,2.267,-27.423,-15.086,986752,0.02753685,22.4204,5,0.2843943,-0.2404261,-61.87934,-145.1334,5.618,1.0194185194599734,34.077717455839085,0.2843943,0.2404261,0.065395874,0.05608978979999999,61.87934,145.1334,74.713906,66.9709312
2100,3,2026-09-24T03:33:15.783+00:00,normal-walking,Trial 1: simulate walking and nomral everyday activity on board,9840,1.108,1.285,9.905,4.099,-19.242,2.26,-30.927,-15.97,986853,0.02875494,4.339795,5,0.06808683,0.002983528,-42.37594,-346.5227,5.719,1.0247407934572301,36.49440358465939,0.06808683,0.002983528,0.036948662,0.0580997443,42.37594,346.5227,64.73414700000001,56.6189107
2101,3,2026-09-24T03:33:15.883+00:00,normal-walking,Trial 1: simulate walking and nomral everyday activity on board,9841,0.745,1.52,10.052,4.106,-16.741,2.552,-27.797,-13.995,986953,0.06956324,5.379056,5,-0.189164,0.008031304,-18.20507,-262.8316,5.819,1.039451156676989,32.549147362104584,0.189164,0.008031304,0.047488938,0.06494066400000001,18.20507,262.8316,39.3766982,47.055816300000004
2102,3,2026-09-24T03:33:15.984+00:00,normal-walking,Trial 1: simulate walking and nomral everyday activity on board,9842,0.481,1.785,10.277,4.181,-10.368,2.106,-14.67,-7.644,987054,0.06369679,71.04406,5,-0.04209971,0.04253916,10.31744,23.7573,5.92,1.0647825475609063,18.08699975120252,0.04209971,0.04253916,0.050579182,0.069101623,10.31744,23.7573,30.7705102,46.808590300000006
2103,3,2026-09-24T03:33:16.083+00:00,normal-walking,Trial 1: simulate walking and nomral everyday activity on board,9843,0.402,1.824,10.483,4.236,0.536,1.614,0.985,1.045,987154,0.01670167,121.4061,5,0.2698392,0.01325469,40.37166,263.2865,6.02,1.085803232546201,1.965328725684332,0.2698392,0.01325469,0.041250698,0.063610311,40.37166,263.2865,44.917882199999994,57.876235300000005
2104,3,2026-09-24T03:33:16.183+00:00,normal-walking,Trial 1: simulate walking and nomral everyday activity on board,9844,0.392,1.804,10.621,4.272,13.282,-0.522,16.698,9.819,987254,0.006443394,137.9738,5,0.4759253,-0.09714317,66.41174,382.2603,6.12,1.099279243860428,21.34261492882257,0.4759253,0.09714317,0.0370320068,0.05121394040000001,66.41174,382.2603,68.02856220000001,71.37123410000001
2105,3,2026-09-24T03:33:16.284+00:00,normal-walking,Trial 1: simulate walking and nomral everyday activity on board,9845,0.588,1.687,10.366,4.214,21.686,-4.066,27.643,15.088,987355,0.03910922,67.66006,5,0.3059012,-0.1175234,75.31613,190.5861,6.221,1.0726215890818134,35.36877720532617,0.3059012,0.1175234,0.0391028628,0.038025762399999996,75.31613,190.5861,80.6926152,72.7133811
2106,3,2026-09-24T03:33:16.384+00:00,normal-walking,Trial 1: simulate walking and nomral everyday activity on board,9846,0.922,1.579,10.032,4.178,24.612,-7.022,34.084,17.225,987455,0.07799425,19.59529,5,-0.02965303,0.05105081,63.57876,-156.5009,6.321,1.039832322445056,42.623679850524404,0.02965303,0.05105081,0.0407890648,0.0441390014,63.57876,156.5009,83.53586199999998,61.4562801
2107,3,2026-09-24T03:33:16.485+00:00,normal-walking,Trial 1: simulate walking and nomral everyday activity on board,9847,1.275,1.471,9.679,4.142,23.919,-8.416,33.753,16.419,987556,0.08697016,0.8443489,5,-0.2831422,0.211064,37.94687,-357.8043,6.422,1.0067471122901965,42.21626020859735,0.2831422,0.211064,0.0454437388,0.0480114604,37.94687,357.8043,69.49591978,50.13321499
2108,3,2026-09-24T03:33:16.585+00:00,normal-walking,Trial 1: simulate walking and nomral everyday activity on board,9848,1.687,1.265,9.14,4.031,16.486,-7.134,28.569,12.64,987657,0.167657,27.92229,5,-0.5519945,0.3677661,6.909939,-284.7463,6.523,0.9565013849522441,33.747146738650365,0.5519945,0.3677661,0.0756348048,0.058442751400000006,6.909939,284.7463,50.79915778000001,47.858519990000005
2109,3,2026-09-24T03:33:16.685+00:00,normal-walking,Trial 1: simulate walking and nomral everyday activity on board,9849,1.991,1.069,8.875,3.978,4.664,-2.113,16.019,6.19,987758,0.06699864,107.4909,5,-0.6130942,0.1440944,-22.23051,87.68911,6.624,0.9338756100759998,16.817432205898733,0.6130942,0.1440944,0.087745854,0.0623889304,22.23051,87.68911,44.70257778,56.36556999
2110,3,2026-09-24T03:33:16.785+00:00,normal-walking,Trial 1: simulate walking and nomral everyday activity on board,9850,2.059,0.971,8.963,3.998,-9.137,3.472,0.534,-1.71,987858,0.00737305,153.815,5,-0.5192357,-0.1595226,-47.69466,371.9416,6.724,0.9429904783687497,9.789009602610472,0.5192357,0.1595226,0.08139862,0.060250741399999995,47.69466,371.9416,61.93356578,71.31309049
2111,3,2026-09-24T03:33:16.885+00:00,normal-walking,Trial 1: simulate walking and nomral everyday activity on board,9851,1.883,1.04,9.444,4.122,-17.842,5.684,-12.129,-8.096,987958,0.08892559,80.3405,5,-0.0727028,-0.1557194,-63.04894,283.9627,6.824,0.9876856959701984,22.310478726374296,0.0727028,0.1557194,0.083584888,0.0621869764,63.04894,283.9627,74.08260778,78.80923489
2112,3,2026-09-24T03:33:16.986+00:00,normal-walking,Trial 1: simulate walking and nomral everyday activity on board,9852,1.628,1.02,9.836,4.161,-22.324,5.365,-23.096,-13.352,988059,0.07308957,46.82173,5,0.403415,-0.1668158,-66.00027,10.75128,6.925,1.021945323508697,32.56638477018903,0.403415,0.1668158,0.08080877,0.0631262544,66.00027,10.75128,83.278084,76.38700189
2113,3,2026-09-24T03:33:17.086+00:00,normal-walking,Trial 1: simulate walking and nomral everyday activity on board,9853,1.314,1.0,10.003,4.106,-22.588,4.461,-30.394,-16.174,988159,0.04221875,18.04923,5,0.4171195,0.01609863,-56.19352,-285.1397,7.025,1.0338263216356098,38.13021768886194,0.4171195,0.01609863,0.05572112,0.0656779624,56.19352,285.1397,81.30347200000001,66.05131489
2114,3,2026-09-24T03:33:17.187+00:00,normal-walking,Trial 1: simulate walking and nomral everyday activity on board,9854,0.961,1.334,10.169,4.155,-17.973,2.908,-29.743,-14.936,988260,0.08786764,8.044611,5,0.2959323,0.1136572,-34.34476,-351.9497,7.126,1.050414803709316,34.87307330878654,0.2959323,0.1136572,0.059894920000000004,0.073820387,34.34476,351.9497,61.4142142,53.05839599000001
2115,3,2026-09-24T03:33:17.287+00:00,normal-walking,Trial 1: simulate walking and nomral everyday activity on board,9855,0.745,1.569,10.179,4.165,-11.327,0.781,-18.737,-9.761,988361,0.03401226,56.6085,5,0.07813863,-0.09435748,-4.861045,-85.47035,7.227,1.0529715573010818,21.90858413955589,0.07813863,0.09435748,0.065222762,0.07331069100000001,4.861045,85.47035,41.972914200000005,51.95323999
2116,3,2026-09-24T03:33:17.386+00:00,normal-walking,Trial 1: simulate walking and nomral everyday activity on board,9856,0.657,1.569,10.228,4.151,-1.32,1.863,-4.672,-1.376,988461,0.003398015,99.71166,5,0.03924341,-0.1466035,30.1838,143.5256,7.327,1.0572907970794516,5.200072403342092,0.03924341,0.1466035,0.048117247,0.0658510675,30.1838,143.5256,45.8471462,59.96487698999999
2117,3,2026-09-24T03:33:17.486+00:00,normal-walking,Trial 1: simulate walking and nomral everyday activity on board,9857,0.588,1.638,10.405,4.21,10.507,2.762,9.148,7.472,988561,0.01352804,110.5595,5,0.2049438,-0.1410727,60.50883,275.2428,7.427,1.0757537885500437,14.202520797379597,0.2049438,0.1410727,0.036204941000000004,0.058506855499999996,60.50883,275.2428,58.5947002,70.9363921
2118,3,2026-09-24T03:33:17.587+00:00,normal-walking,Trial 1: simulate walking and nomral everyday activity on board,9858,0.588,1.716,10.474,4.259,18.817,-0.028,22.033,13.607,988661,0.003622418,80.95448,5,0.2542886,-0.1888117,74.16213,199.6021,7.527,1.083949585713137,28.9747021037318,0.2542886,0.1888117,0.028485674599999993,0.0421033973,74.16213,199.6021,71.1757502,76.2396111
2119,3,2026-09-24T03:33:17.687+00:00,normal-walking,Trial 1: simulate walking and nomral everyday activity on board,9859,0.745,1.569,10.326,4.214,24.105,-4.903,32.134,17.112,988762,0.02263208,51.25291,5,0.2052554,-0.02237434,68.57184,-29.63522,7.628,1.0677507919345144,40.468313406911335,0.2052554,0.02237434,0.0154385626,0.03766674130000001,68.57184,29.63522,79.81741,70.6158121
2120,3,2026-09-24T03:33:17.788+00:00,normal-walking,Trial 1: simulate walking and nomral everyday activity on board,9860,1.147,1.353,9.865,4.122,24.536,-7.824,34.775,17.162,988863,0.1402165,5.230966,5,-0.05617034,0.2818437,46.4416,-247.2566,7.729,1.0220814701270202,43.272750051273604,0.05617034,0.2818437,0.0366794106,0.050951086300000004,46.4416,247.2566,69.54190320000001,55.7574087
2121,3,2026-09-24T03:33:17.889+00:00,normal-walking,Trial 1: simulate walking and nomral everyday activity on board,9861,1.618,1.049,9.356,4.008,19.714,-6.708,27.428,13.478,988964,0.191347,26.15852,5,-0.5389246,0.4886946,15.41142,-242.5167,7.83,0.9740988824920308,34.437396010732286,0.5389246,0.4886946,0.0742692076,0.06119322730000001,15.41142,242.5167,54.83127519999999,50.33921070000001
2122,3,2026-09-24T03:33:17.988+00:00,normal-walking,Trial 1: simulate walking and nomral everyday activity on board,9862,1.893,0.853,9.159,3.968,8.59,-1.338,10.403,5.885,989065,0.05077805,147.477,5,-0.7800017,0.260422,-18.88977,106.8818,7.931,0.9576559858787901,13.557313635082727,0.7800017,0.260422,0.0817192096,0.05896207530000001,18.88977,106.8818,62.214775200000005,60.4047377
2123,3,2026-09-24T03:33:18.088+00:00,normal-walking,Trial 1: simulate walking and nomral everyday activity on board,9863,1.804,1.196,9.473,4.158,-2.482,3.494,-6.88,-1.956,989165,0.07469242,148.2132,5,-0.2638296,0.01480363,-48.99725,333.4449,8.031,0.9908712148308009,8.105723903514109,0.2638296,0.01480363,0.09593320999999999,0.06220944230000001,48.99725,333.4449,75.6665192,73.42113470000001
2124,3,2026-09-24T03:33:18.188+00:00,normal-walking,Trial 1: simulate walking and nomral everyday activity on board,9864,1.648,1.432,9.856,4.312,-10.909,2.585,-17.567,-8.63,989265,0.07542972,62.01752,5,0.5251787,-0.2452903,-66.67286,235.2362,8.131,1.029394622855559,20.839577610882618,0.5251787,0.2452903,0.106492738,0.06096565029999999,66.67286,235.2362,77.8194412,78.8184256
2125,3,2026-09-24T03:33:18.289+00:00,normal-walking,Trial 1: simulate walking and nomral everyday activity on board,9865,1.481,1.451,10.081,4.338,-16.389,0.206,-26.65,-14.278,989366,0.02635063,39.39698,5,0.9988383,-0.3045486,-69.74487,-58.38193,8.232,1.0494922186785014,31.28680643657962,0.9988383,0.3045486,0.083719564,0.06019948730000001,69.74487,58.38193,84.652644,77.09727360000001
2126,3,2026-09-24T03:33:18.390+00:00,normal-walking,Trial 1: simulate walking and nomral everyday activity on board,9866,1.314,1.51,10.209,4.344,-16.981,-2.96,-31.712,-17.218,989467,0.01583603,11.99929,5,0.9258865,-0.1179211,-58.21296,-377.8021,8.333,1.06084982735217,36.09386242839633,0.9258865,0.1179211,0.04861737000000001,0.06144328880000001,58.21296,377.8021,81.820798,68.3260366
2127,3,2026-09-24T03:33:18.491+00:00,normal-walking,Trial 1: simulate walking and nomral everyday activity on board,9867,1.255,1.51,10.062,4.276,-16.27,-5.527,-31.571,-17.789,989568,0.008366799,2.37163,5,0.2651923,-0.1907567,-39.915,-338.7216,8.434,1.0453905075900831,35.94424390636142,0.2651923,0.1907567,0.0401351198,0.060927164700000015,39.915,338.7216,52.79972399999999,57.50724959999999
2128,3,2026-09-24T03:33:18.591+00:00,normal-walking,Trial 1: simulate walking and nomral everyday activity on board,9868,1.079,1.902,9.915,4.299,-11.187,-3.445,-25.27,-13.301,989669,0.06889001,23.2914,5,-0.08738584,-0.03075569,-12.72508,-113.3442,8.535,1.0353462987634217,27.849414607851273,0.08738584,0.03075569,0.0389746378,0.0674539239,12.72508,113.3442,27.815364,51.7409416
2129,3,2026-09-24T03:33:18.691+00:00,normal-walking,Trial 1: simulate walking and nomral everyday activity on board,9869,0.902,1.961,10.14,4.335,-5.957,-0.028,-12.04,-6.008,989770,0.02849842,71.3539,5,-0.05178452,0.05678174,20.25314,74.46135,8.636,1.0571596472080615,13.433102136141152,0.05178452,0.05678174,0.0295883778,0.0680405579,20.25314,74.46135,29.682640000000003,53.751040599999996
2130,3,2026-09-24T03:33:18.791+00:00,normal-walking,Trial 1: simulate walking and nomral everyday activity on board,9870,0.834,1.922,10.297,4.351,4.649,2.359,1.96,2.989,989870,0.0102902,104.7283,5,0.07119016,0.009144291,51.75284,252.3108,8.736,1.0715167533963483,5.5695315781491,0.07119016,0.009144291,0.0263762918,0.0550479279,51.75284,252.3108,42.748904,63.700774
2131,3,2026-09-24T03:33:18.891+00:00,normal-walking,Trial 1: simulate walking and nomral everyday activity on board,9871,0.824,1.932,10.415,4.39,13.059,1.419,16.415,10.298,989970,0.004680351,93.51958,5,0.2797175,-0.06544801,72.08675,262.5898,8.836,1.0834158448788354,21.023873739156635,0.2797175,0.06544801,0.024145155999999997,0.036381263000000004,72.08675,262.5898,59.052962,70.43688
2132,3,2026-09-24T03:33:18.992+00:00,normal-walking,Trial 1: simulate walking and nomral everyday activity on board,9872,1.069,1.657,10.199,4.308,18.964,-1.455,26.328,14.612,990071,0.06068358,47.13215,5,0.07468392,-0.03999225,71.83501,69.52797,8.937,1.0592687696371346,32.47943818787511,0.07468392,0.03999225,0.0346085122,0.037371816,71.83501,69.52797,68.00506600000001,60.402395
2133,3,2026-09-24T03:33:19.093+00:00,normal-walking,Trial 1: simulate walking and nomral everyday activity on board,9873,1.471,1.353,9.826,4.217,20.208,-3.593,28.688,15.101,990172,0.1309839,3.89606,5,-0.2772566,0.2546257,53.53084,-191.9607,9.038,1.0224897707042784,35.274271884760424,0.2772566,0.2546257,0.047027290199999995,0.043000963999999996,53.53084,191.9607,64.12599800000001,45.970681
2134,3,2026-09-24T03:33:19.193+00:00,normal-walking,Trial 1: simulate walking and nomral everyday activity on board,9874,1.991,0.863,9.228,4.027,13.896,-4.374,22.776,10.766,990273,0.2894728,25.13435,5,-0.8146826,0.6797047,20.15868,-246.835,9.139,0.9666610340996795,27.036583881844244,0.8146826,0.6797047,0.09922216619999999,0.06440527199999999,20.15868,246.835,54.882087999999996,42.282363999999994
2135,3,2026-09-24T03:33:19.293+00:00,normal-walking,Trial 1: simulate walking and nomral everyday activity on board,9875,2.167,0.726,9.11,4.001,4.734,-0.235,4.954,3.151,990374,0.02128578,139.5657,5,-1.048633,0.259406,-17.96007,69.40051,9.24,0.9577467868783818,6.8562451093874985,1.048633,0.259406,0.10142128219999999,0.063898787,17.96007,69.40051,61.849568,52.29923599999999
2136,3,2026-09-24T03:33:19.394+00:00,normal-walking,Trial 1: simulate walking and nomral everyday activity on board,9876,1.971,0.735,9.385,4.031,-6.687,1.643,-12.157,-5.734,990474,0.03798741,142.2508,5,-0.7659997,-0.1534744,-52.19659,323.2653,9.34,0.9807490957928564,13.971688051198395,0.7659997,0.1534744,0.108082694,0.06611392499999999,52.19659,323.2653,71.595812,65.324387
2137,3,2026-09-24T03:33:19.494+00:00,normal-walking,Trial 1: simulate walking and nomral everyday activity on board,9877,1.667,0.873,9.689,4.076,-16.775,0.339,-25.445,-13.96,990574,0.06789617,93.34637,5,-0.2775678,-0.3761164,-74.23138,295.152,9.44,1.0064642362520755,30.478903704037652,0.2775678,0.3761164,0.10952521199999998,0.07206686209999999,74.23138,295.152,80.83865599999999,74.421861
2138,3,2026-09-24T03:33:19.594+00:00,normal-walking,Trial 1: simulate walking and nomral everyday activity on board,9878,1.393,1.098,9.954,4.148,-22.223,-2.545,-31.841,-18.87,990675,0.06546007,26.30232,5,0.315759,-0.4004437,-76.06895,-43.52269,9.541,1.0310141258205066,38.912569113334065,0.315759,0.4004437,0.09642044599999999,0.0717238681,76.06895,43.52269,85.319908,74.722953
2139,3,2026-09-24T03:33:19.694+00:00,normal-walking,Trial 1: simulate walking and nomral everyday activity on board,9879,1.089,1.657,10.13,4.292,-18.994,-3.886,-29.638,-17.506,990775,0.1453455,5.692642,5,0.6975571,0.2746967,-54.27577,-382.7025,9.641,1.0525747153525655,35.41587322091607,0.6975571,0.2746967,0.067594986,0.08340857609999999,54.27577,382.7025,81.4315664,68.1568272
2140,3,2026-09-24T03:33:19.795+00:00,normal-walking,Trial 1: simulate walking and nomral everyday activity on board,9880,0.932,1.824,10.101,4.286,-12.478,-4.122,-17.433,-11.344,990876,0.01775946,63.82532,5,0.721904,0.03641587,-14.67121,-243.1216,9.742,1.0509797100214993,21.831190004211866,0.721904,0.03641587,0.066889722,0.08415550209999999,14.67121,243.1216,66.28349039999999,64.0665292
2141,3,2026-09-24T03:33:19.895+00:00,normal-walking,Trial 1: simulate walking and nomral everyday activity on board,9881,0.932,1.677,10.101,4.236,-4.441,-2.304,-3.117,-3.287,990977,0.007212777,90.94879,5,0.4539323,-0.1682746,28.68848,32.67203,9.843,1.048430704671153,5.894623482462641,0.4539323,0.1682746,0.060734795400000006,0.08440874469999998,28.68848,32.67203,56.023088400000006,63.8094502
2142,3,2026-09-24T03:33:19.995+00:00,normal-walking,Trial 1: simulate walking and nomral everyday activity on board,9882,0.951,1.687,10.248,4.295,4.334,-1.955,10.402,4.26,991077,0.007373037,86.6286,5,0.2366934,-0.2532202,60.12821,204.8976,9.943,1.0635003321827754,11.437096878141759,0.2366934,0.2532202,0.0486301688,0.0790776904,60.12821,204.8976,54.6795344,67.7590952
2143,3,2026-09-24T03:33:20.095+00:00,normal-walking,Trial 1: simulate walking and nomral everyday activity on board,9883,1.098,1.549,10.277,4.308,12.63,-3.618,22.134,10.382,991177,0.01378442,69.74301,5,0.04188593,-0.2727083,71.02672,150.5427,10.043,1.0656972815958583,25.739479015706593,0.04188593,0.2727083,0.0382950388,0.0673577424,71.02672,150.5427,63.36767239999999,74.3437902
2144,3,2026-09-24T03:33:20.196+00:00,normal-walking,Trial 1: simulate walking and nomral everyday activity on board,9884,1.294,1.353,10.15,4.266,18.187,-6.318,28.08,13.316,991278,0.03106302,24.50839,5,0.03223444,0.03304677,62.73415,-99.43536,10.144,1.0524713529701644,34.04659297198473,0.03223444,0.03304677,0.0154385428,0.0415167644,62.73415,99.43536,67.130822,74.28119419999999
2145,3,2026-09-24T03:33:20.296+00:00,normal-walking,Trial 1: simulate walking and nomral everyday activity on board,9885,1.638,1.167,9.856,4.22,20.71,-8.291,28.9,13.773,991379,0.07969305,3.643551,5,-0.06237793,0.1680345,42.92401,-235.701,10.245,1.025743628837364,36.508283731230094,0.06237793,0.1680345,0.0278252608,0.04735749139999999,42.92401,235.701,55.09446820000001,60.68897929999999
2146,3,2026-09-24T03:33:20.397+00:00,normal-walking,Trial 1: simulate walking and nomral everyday activity on board,9886,1.942,1.157,9.542,4.214,17.93,-8.738,25.402,11.531,991480,0.06366489,6.7214,5,-0.2498591,0.177114,17.76299,-224.0885,10.346,0.9999448504075042,32.29704549954995,0.2498591,0.177114,0.039115683400000004,0.0499252394,17.76299,224.0885,38.248990199999994,47.13603930000001
2147,3,2026-09-24T03:33:20.497+00:00,normal-walking,Trial 1: simulate walking and nomral everyday activity on board,9887,2.285,0.971,9.169,4.142,10.822,-7.183,17.494,7.044,991581,0.09713214,38.49273,5,-0.3819093,0.1973241,-8.376568,-79.49262,10.447,0.9686478930397818,21.788786313147412,0.3819093,0.1973241,0.057067504000000005,0.0528488364,8.376568,79.49262,28.6218162,41.6506753
2148,3,2026-09-24T03:33:20.597+00:00,normal-walking,Trial 1: simulate walking and nomral everyday activity on board,9888,2.481,0.618,8.924,4.008,-1.071,-3.322,4.16,-0.078,991681,0.07440377,111.3821,5,-0.5897881,0.1034475,-33.22601,206.6183,10.547,0.9466078990906494,5.430315368374106,0.5897881,0.1034475,0.069191374,0.0537432064,33.22601,206.6183,36.949634200000006,50.1586533
2149,3,2026-09-24T03:33:20.697+00:00,normal-walking,Trial 1: simulate walking and nomral everyday activity on board,9889,2.324,0.745,9.257,4.109,-6.98,3.248,-13.242,-5.658,991781,0.05068187,126.9703,5,-0.4263334,-0.04685055,-50.1985,349.3922,10.647,0.9762048002618026,15.317325745703785,0.4263334,0.04685055,0.073115144,0.0442768434,50.1985,349.3922,57.4420162,62.2864191
2150,3,2026-09-24T03:33:20.797+00:00,normal-walking,Trial 1: simulate walking and nomral everyday activity on board,9890,2.069,1.108,9.601,4.259,-15.612,1.596,-21.639,-11.885,991881,0.1048256,49.25005,5,0.05793468,0.03587212,-59.41029,173.4381,10.747,1.00785743087755,26.73065807270745,0.05793468,0.03587212,0.078141654,0.0529834574,59.41029,173.4381,66.563316,60.8288921
2151,3,2026-09-24T03:33:20.898+00:00,normal-walking,Trial 1: simulate walking and nomral everyday activity on board,9891,1.863,1.089,9.767,4.24,-21.124,0.444,-28.024,-16.235,991982,0.02352976,24.15916,5,0.4469291,-0.1167807,-58.24063,-90.8938,10.848,1.0199761004242502,35.09651105167008,0.4469291,0.1167807,0.070114628,0.054615155699999994,58.24063,90.8938,70.050868,54.14992910000001
2152,3,2026-09-24T03:33:20.998+00:00,normal-walking,Trial 1: simulate walking and nomral everyday activity on board,9892,1.667,1.265,9.885,4.272,-20.743,-0.734,-29.155,-16.877,992083,0.02782528,0.9373359,5,0.6562481,-0.120001,-43.93078,-322.0853,10.949,1.0303289467769858,35.78861313322996,0.6562481,0.120001,0.05625325600000001,0.05666037999999999,43.93078,322.0853,62.53978917999999,45.58080269
2153,3,2026-09-24T03:33:21.099+00:00,normal-walking,Trial 1: simulate walking and nomral everyday activity on board,9893,1.461,1.5,9.944,4.302,-15.802,-0.83,-23.843,-13.492,992184,0.03375581,17.54668,5,0.3951678,-0.1101652,-20.46571,-264.7456,11.05,1.0362427050499388,28.616092552967466,0.3951678,0.1101652,0.048123664000000003,0.058657519000000005,20.46571,264.7456,43.772705179999996,40.361169690000004
2154,3,2026-09-24T03:33:21.199+00:00,normal-walking,Trial 1: simulate walking and nomral everyday activity on board,9894,1.324,1.677,10.052,4.351,-9.524,-0.657,-13.769,-7.983,992285,0.02054838,46.97623,5,0.2427384,-0.1567608,10.44191,-11.04962,11.151,1.0479190898952624,16.75480784730162,0.2427384,0.1567608,0.042096966,0.05760605500000001,10.44191,11.04962,27.77389118,42.607953689999995
2155,3,2026-09-24T03:33:21.299+00:00,normal-walking,Trial 1: simulate walking and nomral everyday activity on board,9895,1.177,1.834,10.258,4.423,1.414,-1.385,0.96,0.33,992385,0.02955631,112.3711,5,0.4408758,0.004722949,41.66166,220.4259,11.251,1.0693680302025517,2.1998229474209965,0.4408758,0.004722949,0.027043108,0.052592381,41.66166,220.4259,40.398101180000005,53.48070858999999
2156,3,2026-09-24T03:33:21.399+00:00,normal-walking,Trial 1: simulate walking and nomral everyday activity on board,9896,1.177,1.687,10.277,4.38,11.088,-3.611,16.522,8.0,992485,0.007341004,113.5724,5,0.3352332,-0.04489754,63.2333,318.454,11.351,1.0687483441424126,20.22274830481752,0.3352332,0.04489754,0.0238053568,0.0469599924,63.2333,318.454,58.28074918,64.16580859000001
2157,3,2026-09-24T03:33:21.500+00:00,normal-walking,Trial 1: simulate walking and nomral everyday activity on board,9897,1.353,1.549,10.12,4.341,18.606,-4.895,27.056,13.589,992586,0.02487604,56.37805,5,0.1074029,-0.03080864,69.8549,143.4964,11.452,1.0530484964215328,33.19896680621251,0.1074029,0.03080864,0.0232155088,0.039734382400000004,69.8549,143.4964,69.368892,65.95434059
2158,3,2026-09-24T03:33:21.600+00:00,normal-walking,Trial 1: simulate walking and nomral everyday activity on board,9898,1.697,1.304,9.934,4.312,20.429,-6.471,30.494,14.817,992687,0.07087752,5.875649,5,-0.1597685,0.09576441,58.53318,-138.1382,11.553,1.0362272718233612,37.27065760085271,0.1597685,0.09576441,0.0306398508,0.039381757399999995,58.53318,138.1382,67.0346858,55.40369549
2159,3,2026-09-24T03:33:21.700+00:00,normal-walking,Trial 1: simulate walking and nomral everyday activity on board,9899,2.069,1.089,9.66,4.272,18.944,-7.793,27.14,12.764,992787,0.08693813,5.067409,5,-0.3671525,0.1773738,31.49894,-320.5942,11.653,1.0134885621642122,34.002729081648724,0.3671525,0.1773738,0.043917800800000004,0.0430073834,31.49894,320.5942,58.6529216,43.21340639
2160,3,2026-09-24T03:33:21.800+00:00,normal-walking,Trial 1: simulate walking and nomral everyday activity on board,9900,2.403,0.785,9.267,4.151,10.918,-8.417,15.875,6.125,992887,0.1191549,63.90209,5,-0.5233152,0.2842974,-4.493039,-150.5078,11.753,0.9795005781735819,21.0253237311581,0.5233152,0.2842974,0.061837518800000005,0.0444403134,4.493039,150.5078,48.959119599999994,44.67861039
2161,3,2026-09-24T03:33:21.899+00:00,normal-walking,Trial 1: simulate walking and nomral everyday activity on board,9901,2.54,0.755,9.101,4.132,-0.946,-4.177,-1.253,-2.125,992987,0.01583613,150.7002,5,-0.5772723,0.0304621,-40.00587,245.686,11.853,0.9665803114525551,4.462314870109458,0.5772723,0.0304621,0.063536544,0.043670950400000005,40.00587,245.686,56.384679600000005,57.33271439
2162,3,2026-09-24T03:33:21.999+00:00,normal-walking,Trial 1: simulate walking and nomral everyday activity on board,9902,2.452,0.981,9.316,4.25,-11.542,-0.787,-14.817,-9.049,993087,0.0350702,102.5831,5,-0.2647791,-0.1427166,-62.621,339.0477,11.953,0.9874019084591333,18.79842073154019,0.2647791,0.1427166,0.06557537599999999,0.0443954424,62.621,339.0477,65.6256896,67.4972908
2163,3,2026-09-24T03:33:22.099+00:00,normal-walking,Trial 1: simulate walking and nomral everyday activity on board,9903,2.285,1.265,9.669,4.406,-17.686,0.494,-22.942,-13.378,993187,0.07776966,35.13511,5,0.3661151,-0.1024217,-67.45734,98.81645,12.053,1.0213006967502058,28.97195188453826,0.3661151,0.1024217,0.066953804,0.0487968274,67.45734,98.81645,71.4775818,69.2561338
2164,3,2026-09-24T03:33:22.199+00:00,normal-walking,Trial 1: simulate walking and nomral everyday activity on board,9904,2.138,1.236,9.816,4.397,-20.754,-1.362,-25.396,-15.837,993287,0.01471413,6.293157,5,0.7649188,-0.146948,-55.178,-230.7829,12.153,1.0321452257628176,32.825910132089255,0.7649188,0.146948,0.05250900399999999,0.0482134024,55.178,230.7829,71.7227314,65.1878265
2165,3,2026-09-24T03:33:22.300+00:00,normal-walking,Trial 1: simulate walking and nomral everyday activity on board,9905,2.01,1.187,9.865,4.354,-19.765,-2.054,-25.872,-15.897,993388,0.007020438,0.5611871,5,0.5897685,-0.0380655,-34.24116,-395.5674,12.254,1.033729202181776,32.62260757511576,0.5897685,0.0380655,0.0300821116,0.045959815200000004,34.24116,395.5674,59.054550819999996,54.006835209999984
2166,3,2026-09-24T03:33:22.400+00:00,normal-walking,Trial 1: simulate walking and nomral everyday activity on board,9906,1.804,1.412,9.944,4.387,-13.511,-1.208,-20.874,-11.864,993489,0.0331467,21.60274,5,0.2205874,-0.07412579,-8.069485,-195.1365,12.355,1.0405667901649234,24.894382117256896,0.2205874,0.07412579,0.0335442256,0.0485403848,8.069485,195.1365,33.235058820000006,44.809869209999995
2167,3,2026-09-24T03:33:22.499+00:00,normal-walking,Trial 1: simulate walking and nomral everyday activity on board,9907,1.608,1.657,10.062,4.442,-5.023,-0.276,-9.093,-4.797,993589,0.03747439,70.56891,5,0.0616285,-0.06163452,21.00695,85.65336,12.455,1.0527065253294345,10.391792626876269,0.0616285,0.06163452,0.0340250636,0.049800219800000003,21.00695,85.65336,26.832220819999996,46.228955209999995
2168,3,2026-09-24T03:33:22.599+00:00,normal-walking,Trial 1: simulate walking and nomral everyday activity on board,9908,1.5,1.785,10.189,4.491,6.4,0.265,5.675,4.113,993689,0.01471405,116.2905,5,0.2760402,0.03042647,50.70238,288.2709,12.555,1.0658446635266106,8.557794692559526,0.2760402,0.03042647,0.021413941600000003,0.0441838728,50.70238,288.2709,43.06329882,57.270440310000005
2169,3,2026-09-24T03:33:22.699+00:00,normal-walking,Trial 1: simulate walking and nomral everyday activity on board,9909,1.589,1.667,10.199,4.485,17.347,-0.641,19.621,12.109,993789,0.007244836,105.0495,5,0.3654275,-0.01778358,71.82808,303.0722,12.655,1.066193207142393,26.197574906849677,0.3654275,0.01778358,0.019920082800000006,0.0362145434,71.82808,303.0722,62.81456742,67.26864941
2170,3,2026-09-24T03:33:22.800+00:00,normal-walking,Trial 1: simulate walking and nomral everyday activity on board,9910,1.814,1.432,10.12,4.455,24.35,-2.335,27.7,16.572,993890,0.03747437,39.06063,5,0.179103,-0.0213739,73.61673,68.80608,12.756,1.0585205394663997,36.95490123109518,0.179103,0.0213739,0.0260108692,0.028046490400000002,73.61673,68.80608,70.51445600000001,64.78450341
2171,3,2026-09-24T03:33:22.901+00:00,normal-walking,Trial 1: simulate walking and nomral everyday activity on board,9911,2.079,1.304,9.797,4.393,28.255,-4.218,28.895,17.644,993991,0.06369673,6.740909,5,-0.1338645,0.0751363,57.01379,-204.3368,12.857,1.029882409596407,40.633207773937805,0.1338645,0.0751363,0.032120875199999996,0.0328325504,57.01379,204.3368,67.5420898,50.388574309999996
2172,3,2026-09-24T03:33:23.001+00:00,normal-walking,Trial 1: simulate walking and nomral everyday activity on board,9912,2.344,1.236,9.365,4.315,23.378,-4.861,23.841,14.119,994092,0.0870022,16.5805,5,-0.4412881,0.1995589,25.30784,-295.3645,12.958,0.9924581912723759,33.7424582092058,0.4412881,0.1995589,0.0420264372,0.0380257504,25.30784,295.3645,56.7444078,41.78831431
2173,3,2026-09-24T03:33:23.101+00:00,normal-walking,Trial 1: simulate walking and nomral everyday activity on board,9913,2.579,1.138,9.042,4.253,14.016,-3.015,13.505,8.169,994192,0.05658031,65.96255,5,-0.5998763,0.1472529,-10.21663,-100.2428,13.058,0.9657958782281995,19.695773810642727,0.5998763,0.1472529,0.0503996892,0.0359068154,10.21663,100.2428,46.6788178,44.87105830999999
2174,3,2026-09-24T03:33:23.201+00:00,normal-walking,Trial 1: simulate walking and nomral everyday activity on board,9914,2.638,1.138,9.101,4.292,2.234,0.416,-0.931,0.573,994293,0.002308091,119.6618,5,-0.4642155,-0.07674569,-41.16801,218.6909,13.159,0.9731869858816391,2.4557225006095456,0.4642155,0.07674569,0.0494123402,0.0346662115,41.16801,218.6909,49.6012778,56.20792260999999
2175,3,2026-09-24T03:33:23.301+00:00,normal-walking,Trial 1: simulate walking and nomral everyday activity on board,9915,2.501,1.314,9.307,4.374,-8.527,0.837,-12.983,-6.891,994393,0.03080667,87.07569,5,-0.06201665,-0.1497591,-62.29845,262.5262,13.259,0.9918114779221032,15.555339501277366,0.06201665,0.1497591,0.04807880020000001,0.037044834699999994,62.29845,262.5262,59.204289800000005,64.8593729
2176,3,2026-09-24T03:33:23.401+00:00,normal-walking,Trial 1: simulate walking and nomral everyday activity on board,9916,2.295,1.461,9.473,4.41,-15.46,0.627,-22.074,-12.302,994493,0.03061422,43.58562,5,0.3095776,-0.1383246,-67.70417,75.17745,13.359,1.0050247416225069,26.95674692910849,0.3095776,0.1383246,0.041462298200000004,0.036791586700000004,67.70417,75.17745,66.57323199999999,67.0576609
2177,3,2026-09-24T03:33:23.502+00:00,normal-walking,Trial 1: simulate walking and nomral everyday activity on board,9917,2.079,1.706,9.591,4.459,-20.327,0.47,-26.46,-15.439,994594,0.04016712,14.31644,5,0.5273889,-0.004647107,-59.84677,-178.4537,13.46,1.0157313194324984,33.36973822192797,0.5273889,0.004647107,0.0320952822,0.0370608597,59.84677,178.4537,66.12042,61.432413899999986
2178,3,2026-09-24T03:33:23.602+00:00,normal-walking,Trial 1: simulate walking and nomral everyday activity on board,9918,1.863,1.873,9.767,4.501,-20.705,1.087,-25.13,-14.916,994694,0.03516639,0.7641577,5,0.5018497,0.07482428,-39.3968,-309.604,13.56,1.0317451504533452,32.57906527204241,0.5018497,0.07482428,0.0278124982,0.0391060937,39.3968,309.604,53.08074154,49.87977967
2179,3,2026-09-24T03:33:23.702+00:00,normal-walking,Trial 1: simulate walking and nomral everyday activity on board,9919,1.608,2.177,9.993,4.593,-15.283,0.745,-16.1,-10.213,994795,0.06943498,37.01864,5,0.5270399,0.08148418,-9.194513,-142.0817,13.661,1.0557143277053715,22.21114841695494,0.5270399,0.08148418,0.04123787599999999,0.0453251081,9.194513,142.0817,36.55210954,43.07669367
2180,3,2026-09-24T03:33:23.802+00:00,normal-walking,Trial 1: simulate walking and nomral everyday activity on board,9920,1.461,2.246,10.179,4.629,-3.587,1.136,-2.87,-1.774,994896,0.02035602,103.9941,5,0.5681116,0.008642383,26.12062,142.729,13.762,1.0733261698606267,4.732226220289981,0.5681116,0.008642383,0.039147746,0.043613273099999995,26.12062,142.729,39.935791540000004,49.570040670000004
2181,3,2026-09-24T03:33:23.902+00:00,normal-walking,Trial 1: simulate walking and nomral everyday activity on board,9921,1.432,2.187,10.248,4.622,7.389,-0.478,12.495,6.469,994996,0.003013328,119.7203,5,0.451842,-0.08857119,56.62639,312.363,13.862,1.0784678769268043,14.524146446521392,0.451842,0.08857119,0.0336275676,0.037544932899999994,56.62639,312.363,55.162727540000006,60.86797977
2182,3,2026-09-24T03:33:24.002+00:00,normal-walking,Trial 1: simulate walking and nomral everyday activity on board,9922,1.569,1.883,10.16,4.537,16.339,-3.281,24.158,12.405,995096,0.03968631,74.66164,5,0.1016545,-0.05719972,70.96436,229.8225,13.962,1.0657524863507017,29.34854078144261,0.1016545,0.05719972,0.0335314056,0.0328133439,70.96436,229.8225,67.23176754,66.67609377
2183,3,2026-09-24T03:33:24.103+00:00,normal-walking,Trial 1: simulate walking and nomral everyday activity on board,9923,1.834,1.618,9.915,4.455,21.599,-5.033,27.498,14.688,995197,0.06677424,13.96423,5,-0.3645642,0.01387096,63.71832,-75.06974,14.063,1.041352974200401,35.32687212307368,0.3645642,0.01387096,0.03985297559999999,0.03383273689999999,63.71832,75.06974,69.871782,61.47626177000001
2184,3,2026-09-24T03:33:24.204+00:00,normal-walking,Trial 1: simulate walking and nomral everyday activity on board,9924,2.128,1.549,9.611,4.429,21.501,-5.997,26.118,13.874,995298,0.06122856,0.9477661,5,-0.562767,0.1447993,39.27109,-310.4553,14.164,1.0161363643349508,34.35705071742917,0.562767,0.1447993,0.0382116916,0.039724783799999996,39.27109,310.4553,62.65760722,49.604858379999996
2185,3,2026-09-24T03:33:24.304+00:00,normal-walking,Trial 1: simulate walking and nomral everyday activity on board,9925,2.471,1.285,9.228,4.328,15.338,-6.352,20.113,9.7,995399,0.1113972,24.72287,5,-0.6906591,0.2363612,7.834504,-261.4161,14.265,0.9829188927195686,26.07939640789257,0.6906591,0.2363612,0.05641992760000001,0.0477838368,7.834504,261.4161,46.80336121999999,43.369576380000005
2186,3,2026-09-24T03:33:24.404+00:00,normal-walking,Trial 1: simulate walking and nomral everyday activity on board,9926,2.658,1.314,9.042,4.338,6.848,-3.504,7.489,3.611,995499,0.02343359,79.8522,5,-0.5223619,0.01241002,-22.37087,20.60978,14.365,0.970335522729427,10.735839091566154,0.5223619,0.01241002,0.06050398,0.0470657738,22.37087,20.60978,38.82974122,46.99623438
2187,3,2026-09-24T03:33:24.503+00:00,normal-walking,Trial 1: simulate walking and nomral everyday activity on board,9927,2.618,1.491,9.159,4.423,-2.336,-0.528,-4.428,-2.431,995599,0.01551546,78.40577,5,-0.1568952,-0.1391938,-44.25224,206.6134,14.465,0.9831898659119938,5.034169643545994,0.1568952,0.1391938,0.05566981,0.0446006078,44.25224,206.6134,39.578567220000004,53.40516738
2188,3,2026-09-24T03:33:24.604+00:00,normal-walking,Trial 1: simulate walking and nomral everyday activity on board,9928,2.52,1.54,9.326,4.462,-11.762,0.479,-13.523,-8.269,995699,0.01327159,57.52752,5,0.1592038,-0.191192,-56.2958,166.6479,14.565,0.9975320157292212,17.92890442832467,0.1592038,0.191192,0.04496928000000001,0.0424111278,56.2958,166.6479,48.29122522,59.08150360999999
2189,3,2026-09-24T03:33:24.704+00:00,normal-walking,Trial 1: simulate walking and nomral everyday activity on board,9929,2.363,1.549,9.493,4.469,-17.589,1.724,-21.184,-12.35,995800,0.01750297,31.3983,5,0.4043682,-0.1973467,-55.85847,-9.166919,14.666,1.0099835792096752,27.58816690177149,0.4043682,0.1973467,0.036224162000000004,0.0372179268,55.85847,9.166919,54.381332,58.51946961
2190,3,2026-09-24T03:33:24.805+00:00,normal-walking,Trial 1: simulate walking and nomral everyday activity on board,9930,2.138,1.569,9.738,4.482,-19.946,1.555,-24.813,-14.401,995901,0.03712171,6.251214,5,0.3313825,0.02934576,-45.69375,-193.3514,14.767,1.0291632015874694,31.873906412612808,0.3313825,0.02934576,0.021369064,0.038894495800000005,45.69375,193.3514,50.68700080000001,48.745181009999996
2191,3,2026-09-24T03:33:24.905+00:00,normal-walking,Trial 1: simulate walking and nomral everyday activity on board,9931,1.981,1.481,9.807,4.423,-20.227,1.078,-25.067,-14.739,996002,0.01237396,0.1236686,5,0.01921349,0.01742635,-30.48623,-206.1695,14.868,1.0313509339547782,32.2280638884808,0.01921349,0.01742635,0.019157138,0.039830559,30.48623,206.1695,34.741294520000004,36.78551786999999
2192,3,2026-09-24T03:33:25.006+00:00,normal-walking,Trial 1: simulate walking and nomral everyday activity on board,9932,1.795,1.549,9.875,4.406,-16.955,2.138,-21.967,-12.261,996102,0.01471405,7.146527,5,-0.1555578,-0.002188545,-10.31378,-131.1168,14.968,1.0355872126245582,27.83149579163865,0.1555578,0.002188545,0.018996856,0.037333333,10.31378,131.1168,20.48944592,30.034006569999995
2193,3,2026-09-24T03:33:25.106+00:00,normal-walking,Trial 1: simulate walking and nomral everyday activity on board,9933,1.598,1.706,10.052,4.452,-11.298,2.653,-13.622,-7.422,996203,0.03141562,33.96863,5,-0.1071067,0.005387327,11.89954,5.917586,15.069,1.0523685930435185,17.89530935748248,0.1071067,0.005387327,0.022625662,0.033797470999999996,11.89954,5.917586,15.777667919999999,32.03444657
2194,3,2026-09-24T03:33:25.206+00:00,normal-walking,Trial 1: simulate walking and nomral everyday activity on board,9934,1.491,1.804,10.071,4.455,-0.948,2.864,-2.271,-0.118,996304,0.007212787,78.67074,5,-0.02262245,-0.0405308,35.64465,177.5352,15.17,1.0543221544512165,3.77606157259121,0.02262245,0.0405308,0.0205676254,0.0283958937,35.64465,177.5352,25.232155919999997,39.80674395999999
2195,3,2026-09-24T03:33:25.306+00:00,normal-walking,Trial 1: simulate walking and nomral everyday activity on board,9935,1.422,1.795,10.16,4.459,6.971,1.395,10.686,6.351,996404,0.004199431,77.58412,5,0.1203497,-0.02372147,54.00378,225.2233,15.27,1.0620221188656278,12.834775494725259,0.1203497,0.02372147,0.013983169600000001,0.0176761168,54.00378,225.2233,39.49873712,45.09286896
2196,3,2026-09-24T03:33:25.406+00:00,normal-walking,Trial 1: simulate walking and nomral everyday activity on board,9936,1.461,1.569,10.179,4.403,14.083,-0.441,18.829,10.824,996504,0.01759919,40.08663,5,0.0004008421,-0.02138893,59.64829,109.3409,15.37,1.0607417376702037,23.51715567410311,0.0004008421,0.02138893,0.0150282156,0.0170926768,59.64829,109.3409,47.4913294,41.11631196
2197,3,2026-09-24T03:33:25.507+00:00,normal-walking,Trial 1: simulate walking and nomral everyday activity on board,9937,1.579,1.579,10.042,4.4,22.479,-1.293,22.539,14.575,996605,0.01093135,28.3276,5,-0.1561766,-0.03054203,54.7178,-49.52537,15.471,1.0490111962624966,31.85881057101787,0.1561766,0.03054203,0.0142716756,0.0166342658,54.7178,49.52537,51.727544,36.10849496000001
2198,3,2026-09-24T03:33:25.608+00:00,normal-walking,Trial 1: simulate walking and nomral everyday activity on board,9938,1.726,1.755,9.767,4.416,29.126,-0.217,23.606,17.505,996706,0.04273161,15.49296,5,-0.1364017,0.07746038,43.23827,-174.7073,15.572,1.0270997087405136,37.491521721583936,0.1364017,0.07746038,0.0165348736,0.019580267800000002,43.23827,174.7073,48.032410000000006,31.905038959999995
2199,3,2026-09-24T03:33:25.708+00:00,normal-walking,Trial 1: simulate walking and nomral everyday activity on board,9939,1.863,1.755,9.503,4.374,22.684,-1.545,21.047,14.062,996807,0.02965262,16.60381,5,-0.1554929,0.07541912,21.90987,-145.2661,15.673,1.0035675990544717,30.98269016725307,0.1554929,0.07541912,0.0210228402,0.0207952328,21.90987,145.2661,35.619024,30.425589960000003
2200,3,2026-09-24T03:33:25.808+00:00,normal-walking,Trial 1: simulate walking and nomral everyday activity on board,9940,2.069,1.608,9.208,4.295,9.54,-1.841,11.9,6.533,996908,0.05020084,85.50666,5,-0.2395011,0.08309363,-9.004291,78.33293,15.774,0.9762348321838946,15.362645638040343,0.2395011,0.08309363,0.030223122,0.022103145799999998,9.004291,78.33293,37.203531999999996,38.35113456
2201,3,2026-09-24T03:33:25.908+00:00,normal-walking,Trial 1: simulate walking and nomral everyday activity on board,9941,2.157,1.657,9.257,4.357,-0.212,-0.523,1.925,0.397,997008,0.004199429,65.44642,5,-0.2046005,-0.005729064,-38.99323,143.1618,15.874,0.9838562503629589,2.006015453579558,0.2046005,0.005729064,0.0275431698,0.021285692700000004,38.99323,143.1618,42.275490000000005,44.8834097
2202,3,2026-09-24T03:33:26.009+00:00,normal-walking,Trial 1: simulate walking and nomral everyday activity on board,9942,2.079,1.785,9.385,4.416,-8.524,-0.619,-7.358,-5.5,997108,0.01288681,51.75755,5,-0.01708193,-0.08460715,-59.37311,121.09,15.974,0.9969606985192973,11.277495333627941,0.01708193,0.08460715,0.0279342618,0.0211029687,59.37311,121.09,46.96148,49.344511999999995
2203,3,2026-09-24T03:33:26.108+00:00,normal-walking,Trial 1: simulate walking and nomral everyday activity on board,9943,1.942,2.089,9.473,4.501,-11.1,-0.166,-11.591,-7.619,997208,0.03968629,8.253091,5,0.3745699,-0.01720102,-55.29857,-49.9612,16.074,1.0088133150479062,16.049574355726694,0.3745699,0.01720102,0.0273251978,0.0219300357,55.29857,49.9612,45.51350620000001,46.7729581
2204,3,2026-09-24T03:33:26.207+00:00,normal-walking,Trial 1: simulate walking and nomral everyday activity on board,9944,1.873,2.01,9.561,4.482,-14.922,-0.177,-13.453,-9.517,997308,0.006219015,6.024949,5,0.5164828,-0.05247679,-40.11633,-216.1567,16.174,1.0144046989732034,20.091804846752815,0.5164828,0.05247679,0.022638476799999998,0.0218306585,40.11633,216.1567,43.397734,39.508379
2205,3,2026-09-24T03:33:26.307+00:00,normal-walking,Trial 1: simulate walking and nomral everyday activity on board,9945,1.775,1.863,9.689,4.442,-15.566,0.724,-15.654,-10.165,997408,0.01583603,2.023646,5,0.2353587,0.01660541,-25.141,-172.5781,16.274,1.0222527379060062,22.08783031445144,0.2353587,0.01660541,0.015765514799999998,0.022994318399999998,25.141,172.5781,26.701131200000003,31.952331599999997
2206,3,2026-09-24T03:33:26.407+00:00,normal-walking,Trial 1: simulate walking and nomral everyday activity on board,9946,1.608,1.883,9.787,4.426,-13.722,0.42,-15.415,-9.572,997508,0.01259837,1.183291,5,-0.03922701,-0.02442715,-10.69033,-107.378,16.374,1.0294423907381993,20.641993823272013,0.03922701,0.02442715,0.017445303000000002,0.0224942364,10.69033,107.378,13.848505399999999,28.0619977
2207,3,2026-09-24T03:33:26.506+00:00,normal-walking,Trial 1: simulate walking and nomral everyday activity on board,9947,1.471,1.961,9.846,4.426,-10.921,-0.245,-11.911,-7.692,997608,0.009488806,6.855281,5,-0.2059398,-0.05401562,-0.2016668,-7.637278,16.474,1.0346631745539199,16.161688865957046,0.2059398,0.05401562,0.016765702200000003,0.022349981999999997,0.2016668,7.637278,4.868051599999999,25.914765799999998
2208,3,2026-09-24T03:33:26.606+00:00,normal-walking,Trial 1: simulate walking and nomral everyday activity on board,9948,1.393,1.893,9.973,4.42,-7.0,-0.656,-7.008,-4.888,997708,0.009039996,13.19419,5,-0.1405611,-0.0007052587,11.73167,19.17012,16.574,1.044821688640885,9.92685247195706,0.1405611,0.0007052587,0.0106364434,0.0189808206,11.73167,19.17012,5.8562714,25.6848888
2209,3,2026-09-24T03:33:26.706+00:00,normal-walking,Trial 1: simulate walking and nomral everyday activity on board,9949,1.373,1.893,10.062,4.442,-0.927,-2.679,-0.968,-1.525,997808,0.002724818,25.81849,5,-0.006536484,-0.02978079,21.96567,59.60058,16.674,1.053384231408272,2.995562384594919,0.006536484,0.02978079,0.009937604,0.0162880404,21.96567,59.60058,9.814979600000001,26.606356799999997
2210,3,2026-09-24T03:33:26.805+00:00,normal-walking,Trial 1: simulate walking and nomral everyday activity on board,9950,1.422,1.824,10.101,4.449,4.292,-5.211,4.909,1.33,997908,0.002885107,22.72937,5,0.06210947,-0.02619051,27.97233,62.05536,16.774,1.056670370537309,8.347099256628017,0.06210947,0.02619051,0.007347419399999999,0.011556467099999999,27.97233,62.05536,13.956124400000002,20.3286278
2211,3,2026-09-24T03:33:26.905+00:00,normal-walking,Trial 1: simulate walking and nomral everyday activity on board,9951,1.559,1.804,10.042,4.469,10.446,-7.215,9.911,4.381,998008,0.007565399,22.30258,5,0.1144114,-0.0100017,30.364,40.42978,16.874,1.0524669860873725,16.105994598285445,0.1144114,0.0100017,0.0063408252,0.0118930641,30.364,40.42978,18.1799822,16.0142438
2212,3,2026-09-24T03:33:27.005+00:00,normal-walking,Trial 1: simulate walking and nomral everyday activity on board,9952,1.726,1.863,9.885,4.491,15.167,-8.088,13.225,6.768,998108,0.01862498,11.34419,5,0.1699815,0.02401054,29.21733,-7.215909,16.974,1.0407255342153974,21.68765220119504,0.1699815,0.02401054,0.00816806,0.0124668811,29.21733,7.215909,19.077764000000002,11.972907799999998
2213,3,2026-09-24T03:33:27.104+00:00,normal-walking,Trial 1: simulate walking and nomral everyday activity on board,9953,1.912,1.883,9.63,4.475,16.31,-8.096,15.413,7.876,998208,0.0333712,2.031285,5,0.1078725,0.07703263,24.23867,-58.95958,17.074,1.0194017502919974,23.85627558945444,0.1078725,0.07703263,0.013034300799999999,0.0118353721,24.23867,58.95958,16.845183,11.3507272
2214,3,2026-09-24T03:33:27.204+00:00,normal-walking,Trial 1: simulate walking and nomral everyday activity on board,9954,2.138,1.667,9.326,4.377,13.282,-6.912,14.517,6.962,998308,0.06328,3.791151,5,-0.1372938,0.1465956,14.75967,-58.14773,17.174,0.9903550269867323,20.854988779666126,0.1372938,0.1465956,0.0251453372,0.0175414706,14.75967,58.14773,12.439715199999998,11.127347399999998
2215,3,2026-09-24T03:33:27.304+00:00,normal-walking,Trial 1: simulate walking and nomral everyday activity on board,9955,2.324,1.491,9.13,4.315,8.019,-1.824,5.69,3.962,998408,0.03478173,43.83428,5,-0.4216866,0.09908768,-0.6436667,35.51036,17.274,0.9726454841907172,10.000371843086636,0.4216866,0.09908768,0.0315246618,0.0194360406,0.6436667,35.51036,16.660697199999998,15.308410799999999
2216,3,2026-09-24T03:33:27.403+00:00,normal-walking,Trial 1: simulate walking and nomral everyday activity on board,9956,2.275,1.677,9.257,4.403,0.134,0.942,-1.035,0.014,998508,0.01779159,38.34987,5,-0.3366947,-0.0002562415,-17.42267,95.81436,17.374,0.9869673192198652,1.4058965111273303,0.3366947,0.0002562415,0.0335699,0.019955362600000002,17.42267,95.81436,19.8701552,19.0250687
2217,3,2026-09-24T03:33:27.503+00:00,normal-walking,Trial 1: simulate walking and nomral everyday activity on board,9957,2.226,1.677,9.356,4.42,-7.914,2.159,-6.813,-4.189,998608,0.004007085,33.21223,5,-0.08499002,-0.1042166,-31.07867,96.9206,17.474,0.9954756768979863,10.663472511335133,0.08499002,0.1042166,0.030646320999999997,0.019407190499999998,31.07867,96.9206,24.2437632,21.660763600000003
2218,3,2026-09-24T03:33:27.604+00:00,normal-walking,Trial 1: simulate walking and nomral everyday activity on board,9958,2.148,1.657,9.532,4.446,-13.95,2.581,-12.477,-7.949,998708,0.01256623,22.89742,5,0.2418976,-0.1322022,-37.973,27.59049,17.574,1.0105926685840507,18.892844941935028,0.2418976,0.1322022,0.026485326999999996,0.0197598139,37.973,27.59049,28.416990200000004,22.6310866
2219,3,2026-09-24T03:33:27.703+00:00,normal-walking,Trial 1: simulate walking and nomral everyday activity on board,9959,1.971,1.716,9.738,4.475,-15.362,2.285,-16.637,-9.905,998808,0.02567744,6.462318,5,0.3628459,-0.02343394,-35.695,-90.19637,17.674,1.0281356213593336,22.759658125727636,0.3628459,0.02343394,0.018964815,0.0220550761,35.695,90.19637,28.951223600000002,20.6954694
2220,3,2026-09-24T03:33:27.803+00:00,normal-walking,Trial 1: simulate walking and nomral everyday activity on board,9960,1.795,1.697,9.826,4.439,-15.126,0.961,-17.115,-10.427,998908,0.01311127,0.6790523,5,0.1274862,0.0123097,-26.596,-102.0915,17.774,1.033149725763011,22.861378392389202,0.1274862,0.0123097,0.014630722999999998,0.0230776924,26.596,102.0915,20.320178059999996,18.490437630000002
2221,3,2026-09-24T03:33:27.901+00:00,normal-walking,Trial 1: simulate walking and nomral everyday activity on board,9961,1.667,1.706,9.895,4.423,-12.412,-0.084,-13.676,-8.724,999008,0.007020434,6.761516,5,0.0,0.006571734,-11.54733,-75.11979,17.874,1.0379105722385007,18.46883255649907,0.0,0.006571734,0.0124764918,0.023023195899999998,11.54733,75.11979,14.002507259999998,16.93633123
2222,3,2026-09-24T03:33:28.003+00:00,normal-walking,Trial 1: simulate walking and nomral everyday activity on board,9962,1.628,1.598,10.022,4.416,-8.399,-1.078,-8.892,-6.123,999109,0.009809357,13.32628,5,-0.1109324,-0.02411239,4.837636,-18.73498,17.975,1.0480999804191709,12.278963677770204,0.1109324,0.02411239,0.0136369462,0.022141633599999995,4.837636,18.73498,10.02531726,17.13454023
2223,3,2026-09-24T03:33:28.103+00:00,normal-walking,Trial 1: simulate walking and nomral everyday activity on board,9963,1.667,1.461,10.12,4.416,-3.166,-3.293,-4.866,-3.775,999209,0.01000171,16.1664,5,-0.140073,-0.03451026,16.52051,31.98445,18.075,1.056417187283977,6.674231116765436,0.140073,0.03451026,0.0131240422,0.0198046846,16.52051,31.98445,8.67911326,18.548051730000005
2224,3,2026-09-24T03:33:28.203+00:00,normal-walking,Trial 1: simulate walking and nomral everyday activity on board,9964,1.667,1.677,10.091,4.478,5.728,-5.602,0.183,0.103,999309,0.015804,36.64237,5,0.07155686,0.008338271,25.92818,81.06407,18.175,1.0568683339034273,8.014104878275553,0.07155686,0.008338271,0.0111493542,0.015057084599999998,25.92818,81.06407,14.71512366,21.83317363
2225,3,2026-09-24T03:33:28.303+00:00,normal-walking,Trial 1: simulate walking and nomral everyday activity on board,9965,1.716,1.814,10.013,4.514,12.276,-7.211,6.874,3.98,999409,0.009136181,30.07822,5,0.2444551,0.01021852,31.56498,69.80805,18.275,1.052312651579849,15.809825204599829,0.2444551,0.01021852,0.0103543364,0.0124925297,31.56498,69.80805,20.594957200000003,20.45756763
2226,3,2026-09-24T03:33:28.403+00:00,normal-walking,Trial 1: simulate walking and nomral everyday activity on board,9966,1.873,1.726,9.816,4.472,16.819,-7.805,12.068,7.027,999509,0.02362581,15.98977,5,0.209209,0.02676737,34.05533,19.2388,18.375,1.034100144238839,22.123141955879593,0.209209,0.02676737,0.013675411600000001,0.0130759517,34.05533,19.2388,22.440608000000005,18.22155763
2227,3,2026-09-24T03:33:28.501+00:00,normal-walking,Trial 1: simulate walking and nomral everyday activity on board,9967,2.079,1.716,9.611,4.469,18.196,-6.938,13.408,8.222,999609,0.02830623,1.481138,5,0.09806681,0.04443085,30.91833,-50.02312,18.475,1.0178699667634512,23.643280736818234,0.09806681,0.04443085,0.0173747862,0.015505866200000001,30.91833,50.02312,20.0715796,15.048448429999999
2228,3,2026-09-24T03:33:28.601+00:00,normal-walking,Trial 1: simulate walking and nomral everyday activity on board,9968,2.305,1.814,9.307,4.475,16.027,-5.116,13.118,8.01,999709,0.05097021,2.70278,5,-0.05230188,0.08950247,20.05567,-96.47627,18.575,0.9950668042293775,21.333544220311822,0.05230188,0.08950247,0.0255684862,0.0193462642,20.05567,96.47627,17.3788556,13.02898443
2229,3,2026-09-24T03:33:28.701+00:00,normal-walking,Trial 1: simulate walking and nomral everyday activity on board,9969,2.481,1.736,9.13,4.449,9.92,-2.402,10.958,6.159,999809,0.02282451,16.44228,5,-0.1274872,0.05472105,5.340333,-40.55887,18.675,0.9808692444773156,14.97510494120158,0.1274872,0.05472105,0.0269725882,0.0190609712,5.340333,40.55887,13.3388376,14.02698063
2230,3,2026-09-24T03:33:28.800+00:00,normal-walking,Trial 1: simulate walking and nomral everyday activity on board,9970,2.471,1.736,9.091,4.433,3.047,1.173,6.381,3.534,999909,0.0005449636,26.98923,5,-0.09806681,-0.05164341,-9.050668,36.96006,18.775,0.9768318118448119,7.167795965288075,0.09806681,0.05164341,0.02525434472,0.01780434056,9.050668,36.96006,12.721039600000001,16.6579984
2231,3,2026-09-24T03:33:28.901+00:00,normal-walking,Trial 1: simulate walking and nomral everyday activity on board,9971,2.471,1.638,9.228,4.446,-4.837,4.117,0.9,0.06,1000009,0.009488881,33.62198,5,-0.08826065,-0.08805994,-20.8,88.56814,18.875,0.9883615845976997,6.41531433368623,0.08826065,0.08805994,0.02242695892,0.018051185259999998,20.8,88.56814,16.2474816,19.3440448
2232,3,2026-09-24T03:33:29.000+00:00,normal-walking,Trial 1: simulate walking and nomral everyday activity on board,9972,2.412,1.648,9.483,4.514,-9.945,5.94,-5.345,-3.117,1000109,0.02285643,22.805,5,0.07518339,-0.06956319,-28.35133,57.38415,18.975,1.0118387481941555,12.757572261210203,0.07518339,0.06956319,0.021336998920000003,0.01935589256,28.35133,57.38415,20.512254000000002,20.291916800000003
2233,3,2026-09-24T03:33:29.100+00:00,normal-walking,Trial 1: simulate walking and nomral everyday activity on board,9973,2.275,1.706,9.728,4.57,-11.168,3.405,-8.121,-5.295,1000209,0.0274726,5.209378,5,0.3236194,0.03160765,-29.557,-26.65003,19.075,1.0334915376266225,14.222126774853331,0.3236194,0.03160765,0.016637476919999998,0.02110298156,29.557,26.65003,21.013573600000004,19.196214599999998
2234,3,2026-09-24T03:33:29.199+00:00,normal-walking,Trial 1: simulate walking and nomral everyday activity on board,9974,2.177,1.559,9.699,4.478,-11.141,0.838,-11.148,-7.15,1000309,0.01070696,5.250981,5,0.2157464,0.0383077,-26.72267,-71.8891,19.175,1.0260210577747024,15.78296641952963,0.2157464,0.0383077,0.014213966919999998,0.02059327756,26.72267,71.8891,18.7753138,16.0570757
2235,3,2026-09-24T03:33:29.299+00:00,normal-walking,Trial 1: simulate walking and nomral everyday activity on board,9975,2.02,1.598,9.66,4.426,-10.035,0.733,-12.491,-7.264,1000409,0.009232378,1.012637,5,-0.07518387,-0.01266248,-18.68233,-82.77272,19.275,1.0194592325055323,16.03943873706309,0.07518387,0.01266248,0.0159514498,0.020602897259999996,18.68233,82.77272,13.579995199999999,13.150517400000002
2236,3,2026-09-24T03:33:29.399+00:00,normal-walking,Trial 1: simulate walking and nomral everyday activity on board,9976,1.873,1.608,9.738,4.406,-8.978,1.074,-9.788,-5.897,1000509,0.00929645,2.84658,5,-0.3595767,-0.04536017,-7.531,-44.11359,19.375,1.0244085367067612,13.325273130408997,0.3595767,0.04536017,0.0159129636,0.01916996126,7.531,44.11359,7.424915200000001,11.8361984
2237,3,2026-09-24T03:33:29.498+00:00,normal-walking,Trial 1: simulate walking and nomral everyday activity on board,9977,1.814,1.51,9.826,4.384,-6.803,1.085,-6.553,-4.09,1000609,0.006956369,5.065324,5,-0.4445677,-0.04244297,3.661667,-2.692511,19.475,1.030473420597488,9.507883202900633,0.4445677,0.04244297,0.012732951400000001,0.01703497516,3.661667,2.692511,3.8769800000000005,12.194617000000001
2238,3,2026-09-24T03:33:29.599+00:00,normal-walking,Trial 1: simulate walking and nomral everyday activity on board,9978,1.765,1.432,9.856,4.351,-4.314,1.093,-3.602,-2.274,1000710,0.003141565,4.967862,5,-0.2968598,-0.01738437,12.90489,3.483876,19.576,1.0314094792071362,5.7253514302617265,0.2968598,0.01738437,0.007866744399999999,0.01225211066,12.90489,3.483876,3.8286768,12.4211252
2239,3,2026-09-24T03:33:29.699+00:00,normal-walking,Trial 1: simulate walking and nomral everyday activity on board,9979,1.687,1.461,9.895,4.348,-1.66,1.642,0.466,0.149,1000810,0.002853051,7.964581,5,-0.2118763,-0.01886609,18.39599,15.97105,19.676,1.0343537787818713,2.380949390474312,0.2118763,0.01886609,0.006295962599999999,0.01025496476,18.39599,15.97105,4.3713968,11.5733553
2240,3,2026-09-24T03:33:29.799+00:00,normal-walking,Trial 1: simulate walking and nomral everyday activity on board,9980,1.657,1.422,10.003,4.361,1.975,0.829,4.602,2.469,1000910,0.004680279,10.3269,5,-0.1272243,-0.01331045,20.90727,17.79845,19.776,1.044040726042501,5.076048660129255,0.1272243,0.01331045,0.005385542799999999,0.0106684963,20.90727,17.79845,6.2342494,9.9071223
2241,3,2026-09-24T03:33:29.899+00:00,normal-walking,Trial 1: simulate walking and nomral everyday activity on board,9981,1.677,1.393,9.983,4.351,6.223,-1.338,8.194,4.36,1001010,0.0005449636,11.88129,5,-0.05559716,-0.01127213,21.59856,18.94479,19.876,1.0419736845337386,10.375818473739796,0.05559716,0.01127213,0.00363524552,0.00977410456,21.59856,18.94479,8.041191399999999,7.7330533
2242,3,2026-09-24T03:33:29.998+00:00,normal-walking,Trial 1: simulate walking and nomral everyday activity on board,9982,1.765,1.285,9.826,4.292,8.009,-2.876,9.435,4.856,1001110,0.01468199,2.365107,5,-0.1144118,0.02077275,18.471,-1.288805,19.976,1.0264076921533496,12.705694864902116,0.1144118,0.02077275,0.0051803697199999995,0.008956660560000001,18.471,1.288805,7.501148000000001,5.689064
2243,3,2026-09-24T03:33:30.099+00:00,normal-walking,Trial 1: simulate walking and nomral everyday activity on board,9983,1.883,1.216,9.63,4.243,6.881,-3.294,8.283,3.957,1001210,0.01900976,0.9247375,5,-0.2778563,0.04231513,10.002,-22.04148,20.076,1.0082371283141691,11.26084748142874,0.2778563,0.04231513,0.00835400872,0.00811037656,10.002,22.04148,6.6925231,5.2605999500000005
2244,3,2026-09-24T03:33:30.197+00:00,normal-walking,Trial 1: simulate walking and nomral everyday activity on board,9984,1.961,1.177,9.561,4.233,3.165,-1.893,4.742,2.005,1001310,0.004135318,9.436713,5,-0.3628469,0.01737488,-1.331001,-12.73692,20.176,1.002457129365219,6.0072654344551815,0.3628469,0.01737488,0.00861046212,0.00745321236,1.331001,12.73692,6.9869495,5.67917315
2245,3,2026-09-24T03:33:30.297+00:00,normal-walking,Trial 1: simulate walking and nomral everyday activity on board,9985,1.971,1.236,9.62,4.276,-0.706,-1.017,0.896,-0.276,1001410,0.002340143,10.18124,5,-0.2092085,-0.006956309,-12.122,3.671523,20.276,1.0092457350545825,1.5282476893488175,0.2092085,0.006956309,0.00814243492,0.00676398886,12.122,3.671523,6.9578175,6.59603345
2246,3,2026-09-24T03:33:30.398+00:00,normal-walking,Trial 1: simulate walking and nomral everyday activity on board,9986,1.971,1.196,9.709,4.292,-3.627,-0.412,-2.81,-2.283,1001510,0.003109501,7.544234,5,0.03268909,-0.03981459,-18.51033,19.61476,20.376,1.0175722389441888,4.6066227325449605,0.03268909,0.03981459,0.0086553424,0.006145293960000001,18.51033,19.61476,6.0904063,7.06579885
2247,3,2026-09-24T03:33:30.496+00:00,normal-walking,Trial 1: simulate walking and nomral everyday activity on board,9987,1.942,1.177,9.807,4.308,-5.31,-0.501,-6.622,-4.144,1001610,0.003622468,5.790585,5,0.1895962,-0.03180041,-20.48967,7.839217,20.476,1.0264948933733729,8.502822178547543,0.1895962,0.03180041,0.006443438,0.00581190386,20.48967,7.839217,6.7755019,7.13832495
2248,3,2026-09-24T03:33:30.597+00:00,normal-walking,Trial 1: simulate walking and nomral everyday activity on board,9988,1.873,1.236,9.915,4.341,-6.1,-1.88,-8.676,-5.552,1001711,0.006603687,2.248218,5,0.2479521,0.006220545,-18.9411,-18.74046,20.577,1.0366209028051725,10.771136244612263,0.2479521,0.006220545,0.0039622234,0.0061581160600000006,18.9411,18.74046,7.040197999999999,6.8663605500000005
2249,3,2026-09-24T03:33:30.698+00:00,normal-walking,Trial 1: simulate walking and nomral everyday activity on board,9989,1.893,1.206,9.689,4.263,-6.08,-4.822,-10.409,-7.104,1001811,0.01737487,3.886352,5,0.02286222,0.03347,-16.87268,-17.83583,20.677,1.0141671452886047,12.98327250734575,0.02286222,0.03347,0.006610133800000001,0.00761029796,16.87268,17.83583,5.930125800000001,6.458537649999999
2250,3,2026-09-24T03:33:30.797+00:00,normal-walking,Trial 1: simulate walking and nomral everyday activity on board,9990,1.893,1.294,9.463,4.217,-5.05,-4.071,-10.326,-6.482,1001911,0.01955459,0.5439298,5,-0.1952799,0.04649678,-11.32789,-15.86277,20.777,0.9928824126574906,12.194335447247628,0.1952799,0.04649678,0.0100530232,0.00909772906,11.32789,15.86277,4.00266376,5.48024063
2251,3,2026-09-24T03:33:30.897+00:00,normal-walking,Trial 1: simulate walking and nomral everyday activity on board,9991,1.755,1.432,9.581,4.256,-4.417,-1.128,-5.977,-3.841,1002012,0.01718243,9.325247,5,-0.227521,0.03988653,-0.3174181,5.357415,20.878,1.0039219274074376,7.517100637878943,0.227521,0.03988653,0.012867608999999999,0.010761475699999998,0.3174181,5.357415,4.35886636,5.22463633
2252,3,2026-09-24T03:33:30.997+00:00,normal-walking,Trial 1: simulate walking and nomral everyday activity on board,9992,1.697,1.432,9.748,4.292,-1.545,-0.321,-0.527,-0.798,1002112,0.01041843,12.86738,5,-0.1039731,0.007384117,12.74377,26.6236,20.978,1.0194813299866827,1.6636691377795045,0.1039731,0.007384117,0.014226801399999999,0.010335119700000001,12.74377,26.6236,5.77422536,6.2748636300000005
2253,3,2026-09-24T03:33:31.098+00:00,normal-walking,Trial 1: simulate walking and nomral everyday activity on board,9993,1.657,1.412,9.856,4.308,1.938,-0.52,5.327,2.248,1002212,0.004520063,15.48007,5,0.1662638,-0.03473007,24.31444,35.42203,21.078,1.029257564506342,5.692378501118843,0.1662638,0.03473007,0.013810076600000002,0.008886149999999999,24.31444,35.42203,8.420595760000001,7.730396879999999
2254,3,2026-09-24T03:33:31.197+00:00,normal-walking,Trial 1: simulate walking and nomral everyday activity on board,9994,1.657,1.412,9.934,4.335,6.003,-1.93,10.417,4.83,1002312,0.002051628,14.80681,5,0.2871588,-0.04756574,28.65555,34.64234,21.178,1.0370255644903323,12.17681395111217,0.2871588,0.04756574,0.010745428199999999,0.008677781,28.65555,34.64234,10.60468736,8.26740658
2255,3,2026-09-24T03:33:31.297+00:00,normal-walking,Trial 1: simulate walking and nomral everyday activity on board,9995,1.755,1.285,9.836,4.292,8.422,-3.407,13.377,6.131,1002412,0.01182894,5.59823,5,0.1144114,-0.01907376,25.57033,-5.514604,21.278,1.0272250142106074,16.170400798990727,0.1144114,0.01907376,0.009200298199999998,0.0096266607,25.57033,5.514604,11.6155474,7.809105580000001
2256,3,2026-09-24T03:33:31.397+00:00,normal-walking,Trial 1: simulate walking and nomral everyday activity on board,9996,1.932,1.049,9.601,4.194,7.331,-3.535,11.922,5.239,1002512,0.04731591,1.107897,5,-0.2124772,0.08110385,15.95633,-33.4008,21.378,1.004367287845516,14.435160892764584,0.2124772,0.08110385,0.0152269942,0.014047301600000001,15.95633,33.4008,9.9720774,7.16547188
2257,3,2026-09-24T03:33:31.495+00:00,normal-walking,Trial 1: simulate walking and nomral everyday activity on board,9997,2.04,0.961,9.532,4.178,3.03,-1.566,5.074,2.179,1002612,0.008046252,23.09022,5,-0.4020729,0.05231666,0.2713337,1.521396,21.478,0.9988230657646603,6.113814848357775,0.4020729,0.05231666,0.014752558600000002,0.014489680000000001,0.2713337,1.521396,12.016645399999998,8.89543538
2258,3,2026-09-24T03:33:31.597+00:00,normal-walking,Trial 1: simulate walking and nomral everyday activity on board,9998,2.04,1.04,9.64,4.24,-1.297,-0.719,-0.464,-0.827,1002713,0.005930493,16.70326,5,-0.3028706,0.003868491,-15.24693,21.24417,21.579,1.0103571362967176,1.5538552056095831,0.3028706,0.003868491,0.015034644599999999,0.0144223606,15.24693,21.24417,12.2612834,10.34093958
2259,3,2026-09-24T03:33:31.697+00:00,normal-walking,Trial 1: simulate walking and nomral everyday activity on board,9999,1.981,1.118,9.758,4.286,-3.212,-0.574,-5.37,-3.052,1002813,0.007821846,9.252361,5,0.03298717,-0.04928954,-24.36234,22.80308,21.679,1.0217172221408881,6.283575415318893,0.03298717,0.04928954,0.016188688200000002,0.013467058199999998,24.36234,22.80308,11.1503936,10.877540479999999
2260,3,2026-09-24T03:33:31.796+00:00,normal-walking,Trial 1: simulate walking and nomral everyday activity on board,10000,1.902,1.187,9.836,4.308,-3.616,-1.13,-8.822,-4.523,1002913,0.005674095,4.129551,5,0.3357809,-0.08326194,-24.68504,-7.77267,21.779,1.028718649996,9.601043693265852,0.3357809,0.08326194,0.014957719200000002,0.012079008700000001,24.68504,7.77267,10.856657799999999,11.236102600000002
2261,3,2026-09-24T03:33:31.897+00:00,normal-walking,Trial 1: simulate walking and nomral everyday activity on board,10001,1.834,1.265,9.856,4.318,-3.307,-2.23,-10.169,-5.235,1003013,0.003750644,1.039963,5,0.3492533,-0.008830239,-18.49591,-56.56997,21.879,1.0303903959115837,10.923264621897614,0.3492533,0.008830239,0.006244666,0.0107358301,18.49591,56.56997,10.843071,10.4075742
2262,3,2026-09-24T03:33:31.996+00:00,normal-walking,Trial 1: simulate walking and nomral everyday activity on board,10002,1.824,1.285,9.787,4.299,-3.477,-3.282,-10.199,-5.653,1003113,0.001731061,0.3788347,5,0.1503687,-0.01247007,-11.83533,-40.86125,21.979,1.0236019330791428,11.26413130250176,0.1503687,0.01247007,0.0049816278,0.009867093200000001,11.83533,40.86125,6.30079394,9.15871967
2263,3,2026-09-24T03:33:32.096+00:00,normal-walking,Trial 1: simulate walking and nomral everyday activity on board,10003,1.775,1.412,9.689,4.292,-2.992,-1.971,-8.944,-4.636,1003213,0.009424751,1.176324,5,0.003269196,-0.0007372234,-4.297334,-19.90279,22.079,1.0147128863582737,9.634938557147109,0.003269196,0.0007372234,0.005680479400000001,0.010357562,4.297334,19.90279,3.19540674,7.728345069999999
2264,3,2026-09-24T03:33:32.194+00:00,normal-walking,Trial 1: simulate walking and nomral everyday activity on board,10004,1.687,1.52,9.836,4.348,-1.666,-0.55,-4.503,-2.24,1003313,0.01368832,7.833334,5,0.05230188,0.02170256,5.165666,7.543926,22.179,1.0293744251320556,4.832707833089023,0.05230188,0.02170256,0.006853774200000001,0.011521231199999999,5.165666,7.543926,2.91160134,7.03099747
2265,3,2026-09-24T03:33:32.297+00:00,normal-walking,Trial 1: simulate walking and nomral everyday activity on board,10005,1.598,1.726,10.013,4.446,3.58,-0.307,2.187,1.82,1003414,0.02712001,24.11189,5,0.3038404,0.05862081,17.5036,53.55573,22.28,1.0488357470976262,4.206378252130923,0.3038404,0.05862081,0.011142957200000001,0.0130503382,17.5036,53.55573,6.90806914,8.88236347
2266,3,2026-09-24T03:33:32.397+00:00,normal-walking,Trial 1: simulate walking and nomral everyday activity on board,10006,1.618,1.706,10.101,4.475,9.055,-1.472,8.272,5.285,1003514,0.002853046,22.78669,5,0.5054094,0.01990005,28.25388,67.58878,22.38,1.0575522073649068,12.352562203850665,0.5054094,0.01990005,0.0109634376,0.0086040518,28.25388,67.58878,11.257414540000001,11.05024277
2267,3,2026-09-24T03:33:32.495+00:00,normal-walking,Trial 1: simulate walking and nomral everyday activity on board,10007,1.716,1.628,9.954,4.433,13.003,-3.134,12.084,7.318,1003614,0.01247007,10.9601,5,0.4077346,-0.004685372,31.34185,34.49092,22.48,1.0432905695686459,18.025621237560717,0.4077346,0.004685372,0.013111239399999999,0.0090464336,31.34185,34.49092,13.3736676,9.837230770000001
2268,3,2026-09-24T03:33:32.597+00:00,normal-walking,Trial 1: simulate walking and nomral everyday activity on board,10008,1.863,1.53,9.709,4.367,13.357,-3.943,13.158,7.524,1003715,0.03045404,0.6444246,5,0.02613769,0.01889759,24.92276,-27.3819,22.581,1.020105415367401,19.15958407690522,0.02613769,0.01889759,0.0173170972,0.0114987883,24.92276,27.3819,13.267287719999999,8.231347229999999
2269,3,2026-09-24T03:33:32.696+00:00,normal-walking,Trial 1: simulate walking and nomral everyday activity on board,10009,2.05,1.314,9.463,4.276,8.53,-3.044,9.168,4.885,1003815,0.04712342,13.34274,5,-0.4467073,0.06749771,8.334985,-43.56615,22.681,0.9963909269645694,12.887166484530258,0.4467073,0.06749771,0.0240041172,0.015428945700000002,8.334985,43.56615,14.369168919999998,8.640385129999999
2270,3,2026-09-24T03:33:32.795+00:00,normal-walking,Trial 1: simulate walking and nomral everyday activity on board,10010,2.089,1.481,9.512,4.361,3.107,-1.268,2.956,1.598,1003915,0.01057873,23.71735,5,-0.3848455,0.05006442,-9.767201,4.167242,22.781,1.0044873754319266,4.4720475176366365,0.3848455,0.05006442,0.0206958612,0.0159194092,9.767201,4.167242,14.29026092,10.599165029999998
2271,3,2026-09-24T03:33:32.896+00:00,normal-walking,Trial 1: simulate walking and nomral everyday activity on board,10011,2.118,1.559,9.63,4.436,-2.009,-1.231,-1.58,-1.607,1004015,0.006956307,15.58337,5,-0.0005795387,-0.03068937,-23.71303,32.20928,22.881,1.017947025663264,2.836871868801973,0.0005795387,0.03068937,0.0215165134,0.0162399755,23.71303,32.20928,12.84959692,12.053505730000001
2272,3,2026-09-24T03:33:32.996+00:00,normal-walking,Trial 1: simulate walking and nomral everyday activity on board,10012,2.128,1.54,9.709,4.459,-4.201,-1.64,-6.75,-4.197,1004115,0.002211911,10.56702,5,0.3432331,-0.09665136,-29.93333,22.08581,22.981,1.0256371619949451,8.117912354786789,0.3432331,0.09665136,0.019464881599999997,0.0162880605,29.93333,22.08581,12.77098092,13.072324259999998
2273,3,2026-09-24T03:33:33.095+00:00,normal-walking,Trial 1: simulate walking and nomral everyday activity on board,10013,2.079,1.579,9.709,4.455,-5.635,-2.857,-10.4,-6.297,1004215,0.001314327,5.619981,5,0.4576435,-0.09998501,-28.15933,-28.59586,23.081,1.0252087194287018,12.168634845371932,0.4576435,0.09998501,0.013636939,0.0154770181,28.15933,28.59586,13.7660922,13.516689959999999
2274,3,2026-09-24T03:33:33.195+00:00,normal-walking,Trial 1: simulate walking and nomral everyday activity on board,10014,2.02,1.648,9.64,4.436,-6.308,-3.735,-11.72,-7.254,1004315,0.00429561,0.988738,5,0.169981,-0.01820822,-22.396,-55.42062,23.181,1.018317753364347,13.823873878186244,0.169981,0.01820822,0.005071377,0.014537747100000002,22.396,55.42062,11.2952918,12.83223036
2275,3,2026-09-24T03:33:33.294+00:00,normal-walking,Trial 1: simulate walking and nomral everyday activity on board,10015,1.922,1.785,9.591,4.433,-5.553,-2.013,-10.242,-5.936,1004415,0.01029022,1.906598,5,-0.0294199,0.008751521,-11.716,-36.93183,23.281,1.0139260901409914,11.823135878437666,0.0294199,0.008751521,0.005013675,0.0128547681,11.716,36.93183,6.933141400000001,10.611701159999999
2276,3,2026-09-24T03:33:33.393+00:00,normal-walking,Trial 1: simulate walking and nomral everyday activity on board,10016,1.824,1.893,9.728,4.482,-3.552,-0.564,-5.336,-3.151,1004515,0.01336766,10.05748,5,0.02288103,0.03128739,2.454001,-4.732457,23.381,1.0275603371636757,6.434881195484498,0.02288103,0.03128739,0.0062959456,0.0139062295,2.454001,4.732457,5.8279634,9.338780160000002
2277,3,2026-09-24T03:33:33.494+00:00,normal-walking,Trial 1: simulate walking and nomral everyday activity on board,10017,1.795,1.952,9.826,4.524,0.381,-0.073,0.46,0.256,1004615,0.004648286,16.4344,5,0.1830578,0.01573997,17.21033,30.69757,23.481,1.0378216801071827,0.6017391461422467,0.1830578,0.01573997,0.006783220599999999,0.0131240511,17.21033,30.69757,7.001439400000001,9.88621016
2278,3,2026-09-24T03:33:33.593+00:00,normal-walking,Trial 1: simulate walking and nomral everyday activity on board,10018,1.755,2.001,10.022,4.593,4.45,-1.769,6.925,3.202,1004715,0.014137,20.4098,5,0.4053421,0.01404085,27.10467,53.36992,23.581,1.0573847936304428,8.419470648443404,0.4053421,0.01404085,0.009347755199999998,0.0114923471,27.10467,53.36992,9.9594032,11.8627477
2279,3,2026-09-24T03:33:33.693+00:00,normal-walking,Trial 1: simulate walking and nomral everyday activity on board,10019,1.893,1.814,9.885,4.531,8.622,-4.004,11.843,5.487,1004815,0.02413873,15.52918,5,0.3072753,0.02846637,29.19867,37.59748,23.681,1.0428425379257777,15.186426472346943,0.3072753,0.02846637,0.0133163792,0.0091938781,29.19867,37.59748,12.8674916,12.0813917
2280,3,2026-09-24T03:33:33.792+00:00,normal-walking,Trial 1: simulate walking and nomral everyday activity on board,10020,2.059,1.697,9.679,4.478,10.141,-4.77,12.644,6.005,1004915,0.02801773,1.178572,5,9.536743e-07,0.04879059,23.54233,-18.66303,23.781,1.0237987900370127,16.89566562760994,9.536743e-07,0.04879059,0.0168618812,0.0109377781,23.54233,18.66303,12.721886399999999,9.8275139
2281,3,2026-09-24T03:33:33.893+00:00,normal-walking,Trial 1: simulate walking and nomral everyday activity on board,10021,2.256,1.451,9.444,4.384,7.15,-4.015,8.993,4.043,1005015,0.05132284,7.615302,5,-0.3955359,0.1072298,10.37633,-36.86942,23.881,1.0011103740918519,12.170323496111351,0.3955359,0.1072298,0.0244529172,0.0153744314,10.37633,36.86942,12.2334508,9.0307071
2282,3,2026-09-24T03:33:33.992+00:00,normal-walking,Trial 1: simulate walking and nomral everyday activity on board,10022,2.354,1.491,9.326,4.39,1.967,-2.241,2.597,0.774,1005115,0.008334753,23.63979,5,-0.5524411,0.01557961,-6.299666,-1.453889,23.981,0.9925284700348864,3.954184998201273,0.5524411,0.01557961,0.025190210600000002,0.0159867156,6.299666,1.453889,13.674528800000001,10.337984100000002
2283,3,2026-09-24T03:33:34.092+00:00,normal-walking,Trial 1: simulate walking and nomral everyday activity on board,10023,2.314,1.51,9.414,4.413,-5.122,-0.315,-2.654,-2.697,1005215,0.003237727,27.1788,5,-0.3236189,-0.06148499,-21.59867,45.76047,24.081,1.0004558980909823,5.777354498384187,0.3236189,0.06148499,0.023010356,0.0161790556,21.59867,45.76047,15.0283288,12.493866
2284,3,2026-09-24T03:33:34.192+00:00,normal-walking,Trial 1: simulate walking and nomral everyday activity on board,10024,2.314,1.461,9.601,4.459,-9.284,-0.271,-6.978,-5.511,1005315,0.01237388,12.00705,5,-0.009806156,-0.07937281,-29.77167,41.22046,24.181,1.018023700807937,11.617167511919591,0.009806156,0.07937281,0.020657386,0.0169868826,29.77167,41.22046,14.323902800000003,13.5956972
2285,3,2026-09-24T03:33:34.292+00:00,normal-walking,Trial 1: simulate walking and nomral everyday activity on board,10025,2.226,1.51,9.738,4.491,-9.623,-0.675,-10.903,-7.067,1005415,0.009681136,5.22792,5,0.2843933,-0.07924428,-28.50467,-16.40751,24.281,1.030185028027187,14.55792440562871,0.2843933,0.07924428,0.016990067200000004,0.016925974200000003,28.50467,16.40751,15.133772400000002,13.927829400000002
2286,3,2026-09-24T03:33:34.391+00:00,normal-walking,Trial 1: simulate walking and nomral everyday activity on board,10026,2.128,1.549,9.758,4.478,-8.722,-1.556,-11.642,-7.307,1005515,0.003846818,0.7113612,5,0.2549725,-0.002532462,-20.532,-67.80775,24.381,1.030601448656266,14.629784140581158,0.2549725,0.002532462,0.0074948628,0.01597389,20.532,67.80775,13.75298424,12.993217520000002
2287,3,2026-09-24T03:33:34.490+00:00,normal-walking,Trial 1: simulate walking and nomral everyday activity on board,10027,2.04,1.598,9.728,4.455,-7.084,-1.149,-10.236,-6.156,1005615,0.003686523,1.60851,5,0.1046038,-0.007629474,-8.714333,-62.43627,24.481,1.0265721101096135,12.501158066355293,0.1046038,0.007629474,0.0065652168,0.0158777137,8.714333,62.43627,9.346728240000001,11.510628520000001
2288,3,2026-09-24T03:33:34.590+00:00,normal-walking,Trial 1: simulate walking and nomral everyday activity on board,10028,1.971,1.598,9.807,4.459,-4.91,-0.791,-6.119,-3.94,1005715,0.003622466,7.268044,5,-0.03595781,-0.02349745,4.052667,-13.09743,24.581,1.0329664537497703,7.885172287274388,0.03595781,0.02349745,0.0066421646,0.0148262603,4.052667,13.09743,5.3645770399999995,10.19645292
2289,3,2026-09-24T03:33:34.690+00:00,normal-walking,Trial 1: simulate walking and nomral everyday activity on board,10029,1.932,1.657,9.905,4.498,-1.18,-0.698,-1.474,-1.117,1005815,0.004872621,11.83252,5,-0.006537437,-0.009841383,15.266,19.76589,24.681,1.0428426775201523,2.0130275706010585,0.006537437,0.009841383,0.0051419128000000005,0.012899649400000001,15.266,19.76589,5.329671039999999,9.82678692
2290,3,2026-09-24T03:33:34.790+00:00,normal-walking,Trial 1: simulate walking and nomral everyday activity on board,10030,1.912,1.687,9.964,4.521,3.122,-2.571,5.999,2.183,1005915,0.001570779,25.95369,5,0.1274872,-0.003365979,24.019,60.70867,24.781,1.0487869688302687,7.234979336528889,0.1274872,0.003365979,0.0035198414000000003,0.010254954299999999,24.019,60.70867,9.47482504,12.30429872
2291,3,2026-09-24T03:33:34.890+00:00,normal-walking,Trial 1: simulate walking and nomral everyday activity on board,10031,2.03,1.549,9.875,4.485,7.469,-4.43,11.604,4.881,1006015,0.01349591,17.92277,5,0.1209488,0.0175671,28.198,51.31417,24.881,1.04009017270552,14.493573644895173,0.1209488,0.0175671,0.005449659799999999,0.006472261300000001,28.198,51.31417,12.917106799999999,13.33504552
2292,3,2026-09-24T03:33:34.990+00:00,normal-walking,Trial 1: simulate walking and nomral everyday activity on board,10032,2.197,1.461,9.709,4.455,10.046,-5.685,14.145,6.169,1006115,0.02112549,4.890878,5,-0.01961422,0.04362935,26.21567,1.335916,24.981,1.0259480867718394,18.257118228241826,0.01961422,0.04362935,0.0089374532,0.007751335,26.21567,1.335916,13.5735804,11.460154320000001
2293,3,2026-09-24T03:33:35.089+00:00,normal-walking,Trial 1: simulate walking and nomral everyday activity on board,10033,2.403,1.324,9.463,4.397,8.304,-5.663,13.321,5.321,1006215,0.04045559,1.238008,5,-0.2680492,0.09072065,16.86133,-42.25184,25.081,1.0046960866239663,16.68757100359426,0.2680492,0.09072065,0.016304078,0.0114731213,16.86133,42.25184,12.3675732,8.86607512
2294,3,2026-09-24T03:33:35.189+00:00,normal-walking,Trial 1: simulate walking and nomral everyday activity on board,10034,2.569,1.089,9.287,4.315,3.2,-2.952,6.21,2.153,1006315,0.03811548,27.98889,5,-0.5001392,0.1000491,0.3783336,-12.61437,25.181,0.9888305998556767,7.584088870787314,0.5001392,0.1000491,0.022952649800000002,0.0140472813,0.3783336,12.61437,15.5988472,10.46425912
2295,3,2026-09-24T03:33:35.289+00:00,normal-walking,Trial 1: simulate walking and nomral everyday activity on board,10035,2.579,1.226,9.365,4.39,-2.605,-0.744,-0.837,-1.395,1006415,0.008366816,29.41117,5,-0.3301558,0.006731791,-16.56867,46.0748,25.281,0.9983721752876739,2.8355122993914166,0.3301558,0.006731791,0.0243118572,0.0139158493,16.56867,46.0748,16.290343200000002,12.88258412
2296,3,2026-09-24T03:33:35.388+00:00,normal-walking,Trial 1: simulate walking and nomral everyday activity on board,10036,2.54,1.265,9.561,4.455,-6.468,-0.05,-6.21,-4.243,1006515,0.01384849,14.75784,5,-0.006537437,-0.04664279,-27.53867,47.90709,25.381,1.016982492987318,8.966695266373225,0.006537437,0.04664279,0.024382373199999998,0.014916016499999999,27.53867,47.90709,15.657357199999998,14.287232
2297,3,2026-09-24T03:33:35.488+00:00,normal-walking,Trial 1: simulate walking and nomral everyday activity on board,10037,2.403,1.353,9.718,4.491,-7.056,1.047,-12.34,-6.116,1006615,0.01708624,13.04202,5,0.3301568,-0.07100569,-29.26933,10.37698,25.481,1.030087731821476,14.253383633369307,0.3301568,0.07100569,0.0235745232,0.016255988199999998,29.26933,10.37698,17.2875856,15.430582999999999
2298,3,2026-09-24T03:33:35.588+00:00,normal-walking,Trial 1: simulate walking and nomral everyday activity on board,10038,2.256,1.53,9.797,4.527,-7.112,0.26,-13.892,-6.915,1006715,0.01965086,1.010403,5,0.5262895,-0.02820981,-22.85567,-70.32611,25.581,1.0369648795662707,15.60883749675164,0.5262895,0.02820981,0.019413577199999997,0.017858827599999995,22.85567,70.32611,17.2420646,14.8048189
2299,3,2026-09-24T03:33:35.687+00:00,normal-walking,Trial 1: simulate walking and nomral everyday activity on board,10039,2.157,1.51,9.797,4.488,-6.104,-0.505,-11.854,-6.154,1006815,0.003333911,1.918244,5,0.2680483,-0.004263436,-12.19,-68.73329,25.681,1.0344665807758873,13.342831670975993,0.2680483,0.004263436,0.012457263399999998,0.017704956599999995,12.19,68.73329,12.0279354,13.813391299999997
2300,3,2026-09-24T03:33:35.787+00:00,normal-walking,Trial 1: simulate walking and nomral everyday activity on board,10040,2.089,1.51,9.767,4.455,-4.56,-0.326,-9.205,-4.697,1006915,0.001859288,3.144393,5,-0.003267765,-0.03773073,-0.9466667,-34.35068,25.781,1.0300562769066226,10.27773812665024,0.003267765,0.03773073,0.0111557578,0.017733807499999997,0.9466667,34.35068,6.77458,11.532461600000001
2301,3,2026-09-24T03:33:35.887+00:00,normal-walking,Trial 1: simulate walking and nomral everyday activity on board,10041,2.069,1.53,9.758,4.452,-2.912,0.21,-5.468,-2.723,1007015,0.0002885164,5.656123,5,-0.1503682,-0.05138702,9.003667,-12.6378,25.881,1.0290559770293506,6.1986182331226045,0.1503682,0.05138702,0.00844376308,0.016413068139999997,9.003667,12.6378,4.9542366,10.305796899999999
2302,3,2026-09-24T03:33:35.986+00:00,normal-walking,Trial 1: simulate walking and nomral everyday activity on board,10042,2.03,1.54,9.875,4.482,-0.644,0.262,-0.478,-0.287,1007115,0.005161201,10.01554,5,-0.1274858,-0.03202472,16.687,21.74816,25.981,1.0399511943737043,0.8437203328117677,0.1274858,0.03202472,0.0060587552800000005,0.014816639239999999,16.687,21.74816,4.348940600000001,10.8182631
2303,3,2026-09-24T03:33:36.086+00:00,normal-walking,Trial 1: simulate walking and nomral everyday activity on board,10043,2.01,1.432,10.003,4.482,2.842,-1.046,4.506,2.101,1007215,0.009424677,12.90111,5,0.01307535,0.01548345,20.92033,28.83687,26.081,1.050608289483874,5.42909900443895,0.01307535,0.01548345,0.00401351868,0.01171354794,20.92033,28.83687,6.7270819999999985,11.9845733
2304,3,2026-09-24T03:33:36.186+00:00,normal-walking,Trial 1: simulate walking and nomral everyday activity on board,10044,2.059,1.461,9.875,4.465,7.994,-2.114,8.769,4.883,1007315,0.006507515,15.28563,5,0.04903221,0.01843261,23.984,31.52746,26.181,1.0393586096276062,12.052733839258211,0.04903221,0.01843261,0.004648239479999999,0.008552751439999999,23.984,31.52746,9.4005592,10.7142473
2305,3,2026-09-24T03:33:36.285+00:00,normal-walking,Trial 1: simulate walking and nomral everyday activity on board,10045,2.197,1.383,9.718,4.433,9.023,-2.478,10.899,5.815,1007415,0.01654138,1.909412,5,-0.05557156,0.03385203,22.24567,-2.223331,26.281,1.0257099371597558,14.3646515446773,0.05557156,0.03385203,0.007584657880000001,0.00937020784,22.24567,2.223331,9.153563,7.9640715
2306,3,2026-09-24T03:33:36.385+00:00,normal-walking,Trial 1: simulate walking and nomral everyday activity on board,10046,2.344,1.265,9.591,4.4,7.642,-2.646,10.344,5.113,1007515,0.01724654,0.747803,5,-0.2124777,0.03128737,14.514,-29.52717,26.381,1.0150241149300987,13.130111042942477,0.2124777,0.03128737,0.0109762626,0.009710012839999999,14.514,29.52717,8.171899,6.563067800000001
2307,3,2026-09-24T03:33:36.485+00:00,normal-walking,Trial 1: simulate walking and nomral everyday activity on board,10047,2.461,1.177,9.522,4.387,4.436,-2.142,6.515,2.936,1007615,0.008783557,8.397898,5,-0.2549725,0.009456784,1.901667,-23.54424,26.481,1.010035646986291,8.167709899353673,0.2549725,0.009456784,0.011700733799999998,0.008879744540000001,1.901667,23.54424,7.8483706,6.098655599999999
2308,3,2026-09-24T03:33:36.584+00:00,normal-walking,Trial 1: simulate walking and nomral everyday activity on board,10048,2.501,1.206,9.532,4.413,0.789,-1.606,1.018,0.067,1007715,0.0008334738,14.60164,5,-0.1503682,-0.0191059,-12.51033,5.120496,26.581,1.0123910853251465,2.0586600010686564,0.1503682,0.0191059,0.00998249316,0.00699800592,12.51033,5.120496,8.188476600000001,7.4577793
2309,3,2026-09-24T03:33:36.684+00:00,normal-walking,Trial 1: simulate walking and nomral everyday activity on board,10049,2.481,1.265,9.591,4.446,-2.138,-0.452,-5.501,-2.697,1007815,0.002436313,17.46547,5,0.03922606,-0.04462319,-22.06967,44.96595,26.681,1.0184043556856655,5.919151037099831,0.03922606,0.04462319,0.009168252759999999,0.0069082461199999985,22.06967,44.96595,8.6244446,9.0125019
2310,3,2026-09-24T03:33:36.784+00:00,normal-walking,Trial 1: simulate walking and nomral everyday activity on board,10050,2.373,1.432,9.699,4.501,-4.123,-0.829,-8.973,-4.642,1007915,0.01702216,5.379045,5,0.2615099,-0.006796008,-25.14333,18.33005,26.781,1.0286119300361591,9.909646764643028,0.2615099,0.006796008,0.00926440876,0.00842453332,25.14333,18.33005,9.3183712,9.2359671
2311,3,2026-09-24T03:33:36.884+00:00,normal-walking,Trial 1: simulate walking and nomral everyday activity on board,10051,2.305,1.353,9.738,4.465,-5.139,-1.706,-10.842,-5.896,1008015,0.004135325,1.764849,5,0.2451658,0.006892217,-22.37267,-22.48869,26.881,1.0297229330696955,12.118940589011897,0.2451658,0.006892217,0.006642165760000001,0.00880921418,22.37267,22.48869,9.521780399999999,8.8468397
2312,3,2026-09-24T03:33:36.983+00:00,normal-walking,Trial 1: simulate walking and nomral everyday activity on board,10052,2.216,1.51,9.699,4.475,-4.519,-1.542,-9.969,-5.343,1008115,0.01131606,0.3911417,5,0.1438303,0.02266419,-14.01933,-44.12161,26.981,1.026127190915555,11.053510121223935,0.1438303,0.02266419,0.00714866636,0.009424700079999999,14.01933,44.12161,7.920429139999999,7.88439987
2313,3,2026-09-24T03:33:37.082+00:00,normal-walking,Trial 1: simulate walking and nomral everyday activity on board,10053,2.138,1.598,9.767,4.501,-2.969,-0.859,-5.989,-3.272,1008215,0.00621906,6.236463,5,0.08499193,0.001859399,-1.852333,-27.44591,27.081,1.0324793435306214,6.7395076229647515,0.08499193,0.001859399,0.0082257836,0.00910413838,1.852333,27.44591,6.24739374,7.217935170000001
2314,3,2026-09-24T03:33:37.182+00:00,normal-walking,Trial 1: simulate walking and nomral everyday activity on board,10054,2.099,1.726,10.081,4.635,1.728,-1.151,-0.151,0.142,1008315,0.03875655,18.74311,5,0.3040066,0.04555252,12.19067,31.19973,27.181,1.0646708381958538,2.0817266871517983,0.3040066,0.04555252,0.015489830999999999,0.012329041879999999,12.19067,31.19973,6.50292174,7.56368317
2315,3,2026-09-24T03:33:37.282+00:00,normal-walking,Trial 1: simulate walking and nomral everyday activity on board,10055,2.157,1.648,9.993,4.599,8.348,-2.718,2.844,2.825,1008415,0.005802266,18.41664,5,0.4282246,0.03077437,22.926,51.65554,27.281,1.0559288270605776,9.228486549808697,0.4282246,0.03077437,0.0132458522,0.01125513048,22.926,51.65554,9.11044074,9.21440597
2316,3,2026-09-24T03:33:37.383+00:00,normal-walking,Trial 1: simulate walking and nomral everyday activity on board,10056,2.187,1.834,9.767,4.596,12.613,-4.296,6.525,4.947,1008515,0.02881899,11.41002,5,0.3399639,0.03458907,26.67833,34.21794,27.381,1.037612301412047,14.836408258065696,0.3399639,0.03458907,0.0181825852,0.01241237548,26.67833,34.21794,11.03947494,10.280627670000001
2317,3,2026-09-24T03:33:37.482+00:00,normal-walking,Trial 1: simulate walking and nomral everyday activity on board,10057,2.314,1.716,9.561,4.531,11.629,-5.217,10.808,5.74,1008615,0.0241709,6.720194,5,0.01961231,0.02596612,22.83,-6.365619,27.481,1.0182466250039361,16.711181705672402,0.01961231,0.02596612,0.0207535532,0.013951109780000002,22.83,6.365619,12.3052854,10.112857270000003
2318,3,2026-09-24T03:33:37.581+00:00,normal-walking,Trial 1: simulate walking and nomral everyday activity on board,10058,2.53,1.451,9.346,4.442,8.476,-3.177,8.211,4.503,1008715,0.05440031,6.949138,5,-0.4543748,0.04965615,11.638,-35.28438,27.581,0.9983538183895164,12.221146672878122,0.4543748,0.04965615,0.0303898032,0.019307793400000002,11.638,35.28438,12.447820400000001,9.347607070000002
2319,3,2026-09-24T03:33:37.680+00:00,normal-walking,Trial 1: simulate walking and nomral everyday activity on board,10059,2.609,1.54,9.356,4.501,4.012,-1.07,3.375,2.106,1008815,0.004680295,15.91788,5,-0.3497701,0.02333738,-1.881999,-9.458397,27.681,1.0028182736950768,5.35085684727222,0.3497701,0.02333738,0.023574552199999998,0.019532191600000002,1.881999,9.458397,11.882774399999999,9.19284807
2320,3,2026-09-24T03:33:37.780+00:00,normal-walking,Trial 1: simulate walking and nomral everyday activity on board,10060,2.687,1.383,9.356,4.475,-1.646,-0.505,-1.073,-1.075,1008915,0.01025816,17.3723,5,-0.271317,-0.05661226,-15.67833,21.12223,27.781,1.0025806764589638,2.028711413681108,0.271317,0.05661226,0.024465730999999998,0.018855791599999998,15.67833,21.12223,11.673906399999998,10.39217357
2321,3,2026-09-24T03:33:37.881+00:00,normal-walking,Trial 1: simulate walking and nomral everyday activity on board,10061,2.618,1.491,9.473,4.527,-5.137,0.636,-7.209,-3.903,1009015,0.01006581,17.04649,5,0.02615118,-0.07235233,-24.86467,31.07575,27.881,1.0136550243543938,8.874849069139147,0.02615118,0.07235233,0.020715095,0.0194488401,24.86467,31.07575,12.801200399999999,11.92033767
2322,3,2026-09-24T03:33:37.980+00:00,normal-walking,Trial 1: simulate walking and nomral everyday activity on board,10062,2.481,1.638,9.66,4.593,-5.917,-0.328,-9.116,-5.12,1009115,0.02506837,1.724782,5,0.3268881,-0.05327837,-25.25633,-9.320106,27.981,1.0306400703834593,10.872898831498434,0.3268881,0.05327837,0.020894588999999998,0.0208240711,25.25633,9.320106,11.802117999999998,12.053701700000001
2323,3,2026-09-24T03:33:38.079+00:00,normal-walking,Trial 1: simulate walking and nomral everyday activity on board,10063,2.412,1.638,9.66,4.57,-4.735,-1.611,-9.129,-5.158,1009215,0.001570788,1.01446,5,0.254972,0.008591194,-18.57367,-45.45436,28.081,1.0289355381612162,10.409331726868926,0.254972,0.008591194,0.010328684599999999,0.0203592439,18.57367,45.45436,10.615182399999998,11.5315014
2324,3,2026-09-24T03:33:38.178+00:00,normal-walking,Trial 1: simulate walking and nomral everyday activity on board,10064,2.383,1.638,9.542,4.521,-4.058,-1.4,-8.526,-4.661,1009315,0.004904673,0.2888196,5,0.1340241,-0.019202,-8.428334,-50.19898,28.181,1.016711255134996,9.545681746213834,0.1340241,0.019202,0.010373560200000001,0.0169740562,8.428334,50.19898,7.489370319999999,9.68607236
2325,3,2026-09-24T03:33:38.278+00:00,normal-walking,Trial 1: simulate walking and nomral everyday activity on board,10065,2.295,1.726,9.561,4.527,-4.496,0.402,-6.744,-3.613,1009415,0.005321438,2.204857,5,-0.07191563,-0.02965244,1.040334,-31.11922,28.281,1.0179752030328675,8.115242202177333,0.07191563,0.02965244,0.0093862158,0.0169259734,1.040334,31.11922,4.45588172,8.064894059999999
2326,3,2026-09-24T03:33:38.379+00:00,normal-walking,Trial 1: simulate walking and nomral everyday activity on board,10066,2.226,1.804,9.699,4.576,-2.357,1.036,-3.15,-1.49,1009515,0.009905521,5.964704,5,-0.07518435,-0.02657505,8.805666,9.670241,28.381,1.0312759302814891,4.06832213572131,0.07518435,0.02657505,0.009354158,0.0150346265,8.805666,9.670241,2.23952452,7.520362459999999
2327,3,2026-09-24T03:33:38.479+00:00,normal-walking,Trial 1: simulate walking and nomral everyday activity on board,10067,2.187,1.893,9.777,4.619,3.429,1.267,0.822,1.839,1009615,0.005161183,16.43598,5,0.1536384,0.01218164,17.16633,36.51892,28.481,1.0396913043972922,3.7468672247625747,0.1536384,0.01218164,0.0053727206,0.0131336548,17.16633,36.51892,5.18176412,8.49194106
2328,3,2026-09-24T03:33:38.579+00:00,normal-walking,Trial 1: simulate walking and nomral everyday activity on board,10068,2.128,1.893,9.836,4.619,8.469,1.125,4.326,4.64,1009715,0.002308091,12.56659,5,0.2876625,-0.005353419,24.05467,38.78667,28.581,1.0441950234590547,9.576213343488124,0.2876625,0.005353419,0.0055201812,0.0079244329,24.05467,38.78667,7.492190119999999,9.053686260000001
2329,3,2026-09-24T03:33:38.678+00:00,normal-walking,Trial 1: simulate walking and nomral everyday activity on board,10069,2.157,1.883,9.758,4.599,10.499,-0.398,8.459,6.187,1009815,0.002372244,7.840704,5,0.186326,-0.01349582,25.729,17.87358,28.681,1.0369912366322143,13.48859095680494,0.186326,0.01349582,0.0050136954000000004,0.0076936278,25.729,17.87358,9.002567,8.24596866
2330,3,2026-09-24T03:33:38.777+00:00,normal-walking,Trial 1: simulate walking and nomral everyday activity on board,10070,2.256,1.775,9.591,4.54,9.886,-1.716,9.704,5.958,1009915,0.01634894,1.220973,5,-0.09152937,0.0100979,19.244,-18.08274,28.781,1.0208751858290148,13.958698649945847,0.09152937,0.0100979,0.0072191958,0.0083027058,19.244,18.08274,8.8057902,6.630835960000001
2331,3,2026-09-24T03:33:38.878+00:00,normal-walking,Trial 1: simulate walking and nomral everyday activity on board,10071,2.373,1.618,9.444,4.478,6.487,-1.514,7.103,4.025,1010015,0.02003547,6.119735,5,-0.3595777,0.04378943,5.69,-31.97811,28.881,1.006569869547402,9.737862907229697,0.3595777,0.04378943,0.0092451856,0.009299671800000001,5.69,31.97811,8.8367964,5.53816046
2332,3,2026-09-24T03:33:38.976+00:00,normal-walking,Trial 1: simulate walking and nomral everyday activity on board,10072,2.412,1.667,9.434,4.505,1.82,-0.75,2.474,1.181,1010115,0.001346385,14.59741,5,-0.349771,0.01573981,-9.078666,2.340662,28.981,1.0073897648253276,3.161578086968595,0.349771,0.01573981,0.008482225999999999,0.0069274733000000005,9.078666,2.340662,8.4690824,6.825423259999999
2333,3,2026-09-24T03:33:39.076+00:00,normal-walking,Trial 1: simulate walking and nomral everyday activity on board,10073,2.412,1.736,9.503,4.55,-2.45,-0.65,-1.312,-1.471,1010215,0.00314156,10.8589,5,-0.1340241,-0.01346392,-20.09133,19.41283,29.081,1.015314023074067,2.8541800924258447,0.1340241,0.01346392,0.0086489198,0.0070845505,20.09133,19.41283,8.1275444,7.80986726
2334,3,2026-09-24T03:33:39.177+00:00,normal-walking,Trial 1: simulate walking and nomral everyday activity on board,10074,2.383,1.726,9.601,4.57,-4.55,-1.572,-4.256,-3.459,1010315,0.003526235,4.642407,5,0.1307549,-0.04253932,-24.33067,11.58203,29.181,1.0239746601055562,6.42551320907521,0.1307549,0.04253932,0.008879718,0.006946706699999999,24.33067,11.58203,7.487885,8.245226
2335,3,2026-09-24T03:33:39.277+00:00,normal-walking,Trial 1: simulate walking and nomral everyday activity on board,10075,2.403,1.716,9.552,4.557,-5.67,-2.666,-7.269,-5.202,1010415,0.0009617005,3.843135,5,0.2222838,-0.03596769,-23.09467,-14.5082,29.281,1.0195110713283968,9.596604451575567,0.2222838,0.03596769,0.0058022701,0.006510732949999999,23.09467,14.5082,8.0123174,8.4090538
2336,3,2026-09-24T03:33:39.376+00:00,normal-walking,Trial 1: simulate walking and nomral everyday activity on board,10076,2.334,1.824,9.532,4.563,-4.777,-1.947,-8.181,-4.968,1010515,0.005577872,0.7153845,5,0.1242175,0.006283114,-16.03033,-34.77981,29.381,1.017846153785916,9.671571692336256,0.1242175,0.006283114,0.0029107505,0.006077968049999999,16.03033,34.77981,6.931447299999999,7.88412185
2337,3,2026-09-24T03:33:39.476+00:00,normal-walking,Trial 1: simulate walking and nomral everyday activity on board,10077,2.206,1.952,9.591,4.583,-3.6,-0.777,-6.135,-3.504,1010615,0.01198924,2.313448,5,0.05883932,0.019747,-5.575667,-21.01792,29.481,1.023096176242369,7.155554066597499,0.05883932,0.019747,0.005039321500000001,0.00676077375,5.575667,21.01792,4.4746549,6.47186865
2338,3,2026-09-24T03:33:39.575+00:00,normal-walking,Trial 1: simulate walking and nomral everyday activity on board,10078,2.187,1.912,9.581,4.56,-1.772,-0.005,-2.536,-1.438,1010715,0.0006731935,5.630123,5,0.006538391,0.005321456,5.741001,0.445746,29.581,1.0209099791963716,3.0937525757565036,0.006538391,0.005321456,0.0045456482,0.006597283999999999,5.741001,0.445746,3.428899500000001,5.778221950000001
2339,3,2026-09-24T03:33:39.676+00:00,normal-walking,Trial 1: simulate walking and nomral everyday activity on board,10079,2.099,1.932,9.718,4.583,1.418,1.273,-0.432,0.753,1010816,0.009007944,5.412067,5,0.04897417,0.01117667,15.41447,8.038676,29.682,1.0327764589093893,1.953938842441083,0.04897417,0.01117667,0.0056419899999999995,0.0072608540000000015,15.41447,8.038676,3.5828315,5.53535825
2340,3,2026-09-24T03:33:39.776+00:00,normal-walking,Trial 1: simulate walking and nomral everyday activity on board,10080,2.069,1.942,9.777,4.596,4.021,0.779,3.001,2.6,1010916,0.001474645,6.268378,5,0.06523443,-0.0111309,19.33783,14.15495,29.782,1.0381184534226464,5.077527252511796,0.06523443,0.0111309,0.0057445789,0.005773424500000001,19.33783,14.15495,4.067880100000001,6.04009875
2341,3,2026-09-24T03:33:39.876+00:00,normal-walking,Trial 1: simulate walking and nomral everyday activity on board,10081,2.128,1.853,9.669,4.55,5.168,-0.763,5.838,3.414,1011016,0.007629566,3.913981,5,-0.0291856,-0.007874083,17.82423,3.831004,29.882,1.0270904149968698,7.834068993824347,0.0291856,0.007874083,0.0061549177,0.004532834099999999,17.82423,3.831004,4.7075994,5.819523350000001
2342,3,2026-09-24T03:33:39.975+00:00,normal-walking,Trial 1: simulate walking and nomral everyday activity on board,10082,2.177,1.775,9.542,4.498,3.946,-1.499,5.481,2.643,1011116,0.008270645,0.7208097,5,-0.1563063,0.01380856,10.809,-11.2839,29.982,1.014295873239798,6.918040040358252,0.1563063,0.01380856,0.0054111987,0.005225260099999999,10.809,11.2839,4.38907174,4.43186332
2343,4,2026-09-24T03:57:35.528+00:00,normal-walking-slower,Trial 2: normal activity on board like trial 1 but walking slower. grandma moving slowly,24439,3.05,-0.628,9.63,4.017,3.731,-2.124,2.063,1.223,2450877,0.0006731919,0.08376862,5,-0.006576828,-0.0006687749,1.159071,-2.961022,0.0,1.032050461900627,4.763161345157227,0.006576828,0.0006687749,,,1.159071,2.961022,,
2344,4,2026-09-24T03:57:35.628+00:00,normal-walking-slower,Trial 2: normal activity on board like trial 1 but walking slower. grandma moving slowly,24440,3.089,-0.608,9.552,4.011,3.48,-2.205,1.914,1.063,2450977,0.002692762,0.03058764,5,0.00646671,0.003069908,0.4863654,-2.714403,0.1,1.0255744243100553,4.5426667278152815,0.00646671,0.003069908,,,0.4863654,2.714403,,
2345,4,2026-09-24T03:57:35.727+00:00,normal-walking-slower,Trial 2: normal activity on board like trial 1 but walking slower. grandma moving slowly,24441,3.119,-0.608,9.522,4.011,2.487,-1.531,0.805,0.587,2451077,0.0005770203,0.8900687,5,0.02288246,0.0001602834,-1.047667,0.4986346,0.2,1.023615844985214,3.0293819501673935,0.02288246,0.0001602834,,,1.047667,0.4986346,,
2346,4,2026-09-24T03:57:35.828+00:00,normal-walking-slower,Trial 2: normal activity on board like trial 1 but walking slower. grandma moving slowly,24442,3.138,-0.598,9.561,4.034,1.672,-1.13,-0.533,0.003,2451178,0.0006731904,0.8717566,5,0.05879422,-0.0008666761,-2.614231,2.396233,0.301,1.0279294236603125,2.0872405227955877,0.05879422,0.0008666761,,,2.614231,2.396233,,
2347,4,2026-09-24T03:57:35.928+00:00,normal-walking-slower,Trial 2: normal activity on board like trial 1 but walking slower. grandma moving slowly,24443,3.148,-0.559,9.571,4.053,1.341,-0.62,-2.587,-0.622,2451278,0.0005770234,1.529526,5,0.0945955,-0.002206911,-4.737393,3.720704,0.401,1.0289862578959212,2.979135780725679,0.0945955,0.002206911,,,4.737393,3.720704,,
2348,4,2026-09-24T03:57:36.027+00:00,normal-walking-slower,Trial 2: normal activity on board like trial 1 but walking slower. grandma moving slowly,24444,3.138,-0.51,9.62,4.083,0.97,-1.025,-4.197,-1.417,2451378,0.001634894,0.9645888,5,0.1857584,-0.002111119,-6.150734,2.500367,0.501,1.0331468774847297,4.42790401883329,0.1857584,0.002111119,0.00123097802,,6.150734,2.500367,0.857305548,
2349,4,2026-09-24T03:57:36.128+00:00,normal-walking-slower,Trial 2: normal activity on board like trial 1 but walking slower. grandma moving slowly,24445,3.128,-0.49,9.62,4.086,0.92,-1.766,-6.507,-2.451,2451479,0.0001602842,1.96256,5,0.1985608,0.0001230774,-7.466829,2.23065,0.602,1.032730823733714,6.804866273483999,0.1985608,0.0001230774,0.00072448246,,7.466829,2.23065,1.24370002,
2350,4,2026-09-24T03:57:36.229+00:00,normal-walking-slower,Trial 2: normal activity on board like trial 1 but walking slower. grandma moving slowly,24446,3.099,-0.392,9.591,4.099,0.917,-2.112,-8.555,-3.25,2451580,0.0037827,1.43801,5,0.1625262,0.005780578,-8.294872,1.557702,0.703,1.0285734747791424,8.85942763388245,0.1625262,0.005780578,0.0013656184,,8.294872,1.557702,1.3532882800000001,
2351,4,2026-09-24T03:57:36.330+00:00,normal-walking-slower,Trial 2: normal activity on board like trial 1 but walking slower. grandma moving slowly,24447,3.04,-0.245,9.561,4.119,0.985,-1.741,-9.233,-3.33,2451681,0.008655328,0.2006494,5,0.1458809,0.01817163,-7.189047,-2.168231,0.804,1.0233518827060493,9.447200378948253,0.1458809,0.01817163,0.00296204592,,7.189047,2.168231,1.21906684,
2352,4,2026-09-24T03:57:36.429+00:00,normal-walking-slower,Trial 2: normal activity on board like trial 1 but walking slower. grandma moving slowly,24448,2.962,-0.049,9.522,4.145,0.563,-0.92,-7.747,-2.701,2451781,0.01538726,1.020107,5,0.1555904,0.03569166,-3.42538,-1.640061,0.904,1.0168791326405473,7.8217247458600845,0.1555904,0.03569166,0.00592409324,,3.42538,1.640061,1.11718304,
2353,4,2026-09-24T03:57:36.529+00:00,normal-walking-slower,Trial 2: normal activity on board like trial 1 but walking slower. grandma moving slowly,24449,2.922,-0.01,9.561,4.158,0.177,-0.025,-4.515,-1.454,2451881,0.001538723,3.798616,5,0.1886312,0.01435356,2.51913,3.218805,1.004,1.0194658674099861,4.518537263318739,0.1886312,0.01435356,0.00590485904,0.00356791853,2.51913,3.218805,1.68398848,1.2706470140000001
2354,4,2026-09-24T03:57:36.630+00:00,normal-walking-slower,Trial 2: normal activity on board like trial 1 but walking slower. grandma moving slowly,24450,2.903,-0.029,9.65,4.174,0.15,-0.123,-1.671,-0.548,2451982,0.002853045,2.699556,5,0.1888317,-0.008913724,7.248223,6.084873,1.105,1.027592419965896,1.6822217451929458,0.1888317,0.008913724,0.0064434112000000005,0.0035839468299999995,7.248223,6.084873,1.83138768,1.53754385
2355,4,2026-09-24T03:57:36.730+00:00,normal-walking-slower,Trial 2: normal activity on board like trial 1 but walking slower. grandma moving slowly,24451,2.893,-0.029,9.718,4.194,1.337,-0.319,0.636,0.551,2452082,0.001602834,2.256545,5,0.1792331,-0.02655515,9.885861,5.766232,1.205,1.033943032956111,1.5145382134498953,0.1792331,0.02655515,0.0060074379999999995,0.0036865281999999993,9.885861,5.766232,1.9950946799999998,1.67419148
2356,4,2026-09-24T03:57:36.829+00:00,normal-walking-slower,Trial 2: normal activity on board like trial 1 but walking slower. grandma moving slowly,24452,2.883,-0.02,9.718,4.194,3.085,0.285,2.489,1.953,2452182,6.411348e-05,2.284643,5,0.1336516,-0.03048241,11.27928,0.9811539,1.305,1.033650332118195,3.974112605349778,0.1336516,0.03048241,0.004289195096,0.003625620508,11.27928,0.9811539,2.4118933999999994,1.8154801199999997
2357,4,2026-09-24T03:57:36.928+00:00,normal-walking-slower,Trial 2: normal activity on board like trial 1 but walking slower. grandma moving slowly,24453,2.873,0.0,9.699,4.191,3.661,-0.293,3.984,2.451,2452282,0.0002885106,0.9669615,5,0.08489215,-0.005270923,10.29021,-6.067875,1.405,1.0315009400610902,5.418581548708112,0.08489215,0.005270923,0.001269445216,0.0035967692280000005,10.29021,6.067875,2.4012643,1.7592236700000001
2358,4,2026-09-24T03:57:37.029+00:00,normal-walking-slower,Trial 2: normal activity on board like trial 1 but walking slower. grandma moving slowly,24454,2.883,0.0,9.689,4.191,3.795,-0.832,5.245,2.736,2452383,6.411337e-05,0.6328659,5,0.02932247,-0.006873742,8.446554,-5.412622,1.506,1.030813613195132,6.527194956487818,0.02932247,0.006873742,0.0009745232899999997,0.003439691165,8.446554,5.412622,1.76811428,1.72605138
2359,4,2026-09-24T03:57:37.130+00:00,normal-walking-slower,Trial 2: normal activity on board like trial 1 but walking slower. grandma moving slowly,24455,2.854,0.137,9.758,4.25,5.471,-0.904,7.486,4.018,2452484,0.008142424,2.612081,5,0.1075787,0.01305077,7.676121,-0.92537,1.607,1.0368194900327556,9.316074978229834,0.1075787,0.01305077,0.0020323990900000003,0.004237905145,7.676121,0.92537,1.75061928,1.7910034799999999
2360,4,2026-09-24T03:57:37.230+00:00,normal-walking-slower,Trial 2: normal activity on board like trial 1 but walking slower. grandma moving slowly,24456,2.883,0.137,9.807,4.276,7.62,-1.71,9.919,5.276,2452584,0.001089963,3.729108,5,0.2210297,0.009875509,8.164272,4.510636,1.707,1.0424458000308297,12.624383588912371,0.2210297,0.009875509,0.0019298248899999998,0.003968631445000001,8.164272,4.510636,2.04513188,2.02011328
2361,4,2026-09-24T03:57:37.331+00:00,normal-walking-slower,Trial 2: normal activity on board like trial 1 but walking slower. grandma moving slowly,24457,2.971,0.059,9.738,4.256,8.497,-2.77,10.571,5.433,2452685,0.006219047,0.7726111,5,0.2142272,0.01282569,8.443295,2.6867,1.808,1.038204150219345,13.84261355380551,0.2142272,0.01282569,0.003160811594,0.0037250033449999997,8.443295,2.6867,1.7427255000000001,2.07730945
2362,4,2026-09-24T03:57:37.430+00:00,normal-walking-slower,Trial 2: normal activity on board like trial 1 but walking slower. grandma moving slowly,24458,3.099,-0.029,9.552,4.207,8.035,-2.742,9.065,4.786,2452785,0.01958666,0.8274218,5,0.03920003,0.03693851,5.490272,-1.44336,1.908,1.0240172076440313,12.419903944878156,0.03920003,0.03693851,0.0070204414739999995,0.004144943345,5.490272,1.44336,1.7148175600000002,2.0580409299999998
2363,4,2026-09-24T03:57:37.530+00:00,normal-walking-slower,Trial 2: normal activity on board like trial 1 but walking slower. grandma moving slowly,24459,3.187,-0.069,9.405,4.174,5.903,-2.004,6.466,3.455,2452885,0.01032227,3.948289,5,-0.2183037,0.02280838,-1.607075,-0.2436586,2.008,1.0126339331974208,8.981680299364925,0.2183037,0.02280838,0.0090720728,0.005023298045,1.607075,0.2436586,2.37790218,2.07300823
2364,4,2026-09-24T03:57:37.630+00:00,normal-walking-slower,Trial 2: normal activity on board like trial 1 but walking slower. grandma moving slowly,24460,3.226,-0.049,9.356,4.178,2.904,-0.855,3.257,1.769,2452985,0.001442551,6.870628,5,-0.2773192,0.004855358,-8.968381,9.415983,2.108,1.0091801855377962,4.446604322401534,0.2773192,0.004855358,0.0077320982,0.004882248645,8.968381,9.415983,3.2296115799999994,2.4901154300000004
2365,4,2026-09-24T03:57:37.729+00:00,normal-walking-slower,Trial 2: normal activity on board like trial 1 but walking slower. grandma moving slowly,24461,3.207,0.0,9.463,4.223,0.445,0.111,-0.182,0.125,2453085,0.004808505,6.268853,5,-0.09479713,-0.0209652,-13.63333,17.03569,2.208,1.018865506576456,0.49342679294906555,0.09479713,0.0209652,0.0084758066,0.005202815745,13.63333,17.03569,3.7375605800000002,2.89134623
2366,4,2026-09-24T03:57:37.831+00:00,normal-walking-slower,Trial 2: normal activity on board like trial 1 but walking slower. grandma moving slowly,24462,3.177,-0.02,9.542,4.233,-1.328,0.205,-3.094,-1.406,2453186,0.002468365,3.87737,5,0.1012305,-0.03964404,-15.68233,8.382053,2.309,1.0255298323940198,3.3731950729241853,0.1012305,0.03964404,0.0077256702,0.005443240897,15.68233,8.382053,4.35851236,3.0506189299999997
2367,4,2026-09-24T03:57:37.930+00:00,normal-walking-slower,Trial 2: normal activity on board like trial 1 but walking slower. grandma moving slowly,24463,3.099,0.069,9.64,4.269,-2.063,0.136,-5.68,-2.536,2453286,0.007853909,2.410794,5,0.2444086,-0.003891866,-15.10987,-6.062423,2.409,1.0325761475235005,6.04457318592471,0.2444086,0.003891866,0.005379119999999999,0.0061997807369999994,15.10987,6.062423,4.6751868,3.19500218
2368,4,2026-09-24T03:57:38.030+00:00,normal-walking-slower,Trial 2: normal activity on board like trial 1 but walking slower. grandma moving slowly,24464,3.04,0.088,9.679,4.269,-2.614,-0.598,-7.077,-3.43,2453386,0.001795175,0.9313223,5,0.2281302,0.003739134,-13.01957,-15.69229,2.509,1.0345591885370258,7.5679937235703365,0.2281302,0.003739134,0.003673701,0.006372886899999999,13.01957,15.69229,4.07179346,3.22484782
2369,4,2026-09-24T03:57:38.130+00:00,normal-walking-slower,Trial 2: normal activity on board like trial 1 but walking slower. grandma moving slowly,24465,2.991,0.118,9.699,4.269,-1.978,-0.903,-7.792,-3.558,2453486,0.001218163,0.3362485,5,0.1272699,-0.007834272,-9.373951,-14.78703,2.609,1.0350526736949437,8.089694493613464,0.1272699,0.007834272,0.0036288234000000003,0.0056804608,9.373951,14.78703,2.7649175599999998,2.99726457
2370,4,2026-09-24T03:57:38.229+00:00,normal-walking-slower,Trial 2: normal activity on board like trial 1 but walking slower. grandma moving slowly,24466,3.011,0.029,9.679,4.24,-1.991,-1.149,-8.381,-3.84,2453586,0.002853057,0.1358686,5,0.01307583,-0.005866363,-5.891333,-9.557547,2.709,1.0336422340285145,8.690537555295416,0.01307583,0.005866363,0.0032377338,0.0058567702,5.891333,9.557547,1.53832068,2.63794063
2371,4,2026-09-24T03:57:38.329+00:00,normal-walking-slower,Trial 2: normal activity on board like trial 1 but walking slower. grandma moving slowly,24467,3.04,0.078,9.611,4.243,-0.618,-0.196,-9.243,-3.352,2453686,0.002660707,1.178794,5,-0.08172131,-0.009328521,-2.044,-3.259452,2.809,1.0279376982583712,9.265710388308065,0.08172131,0.009328521,0.0032762022000000003,0.0055009362,2.044,3.259452,0.9986054799999999,2.6785589199999995
2372,4,2026-09-24T03:57:38.429+00:00,normal-walking-slower,Trial 2: normal activity on board like trial 1 but walking slower. grandma moving slowly,24468,3.011,0.206,9.571,4.263,0.446,0.185,-8.699,-2.689,2453786,0.006219016,0.5243975,5,-0.03922653,0.01029023,1.686,0.02869625,2.909,1.0233430020106777,8.71239014277942,0.03922653,0.01029023,0.0029492235999999997,0.0041641718,1.686,0.02869625,0.62132618,2.6482564899999996
2373,4,2026-09-24T03:57:38.528+00:00,normal-walking-slower,Trial 2: normal activity on board like trial 1 but walking slower. grandma moving slowly,24469,2.991,0.275,9.493,4.253,0.492,0.856,-7.329,-1.994,2453886,0.003750641,0.7764193,5,-0.009806156,0.008430914,4.279,1.268871,3.009,1.0153155900032174,7.395203918757074,0.009806156,0.008430914,0.0033403167999999997,0.0035070088999999997,4.279,1.268871,0.5903455799999999,2.33106952
2374,4,2026-09-24T03:57:38.629+00:00,normal-walking-slower,Trial 2: normal activity on board like trial 1 but walking slower. grandma moving slowly,24470,2.952,0.353,9.454,4.253,0.491,2.462,-4.884,-0.644,2453987,0.003077448,2.852421,5,0.03583984,0.001526251,7.739581,5.028165,3.11,1.010584704695432,5.491446166539376,0.03583984,0.001526251,0.0037121738000000003,0.0036704985999999997,7.739581,5.028165,1.09358008,1.9292488200000002
2375,4,2026-09-24T03:57:38.730+00:00,normal-walking-slower,Trial 2: normal activity on board like trial 1 but walking slower. grandma moving slowly,24471,2.815,0.363,9.542,4.24,0.858,4.086,-1.965,0.993,2454088,0.00891178,3.764208,5,-0.01636297,0.009328289,10.68864,7.473112,3.211,1.0151466088782755,4.614410579911588,0.01636297,0.009328289,0.0049239183999999995,0.0040808261000000005,10.68864,7.473112,1.8192479599999998,1.6787843199999997
2376,4,2026-09-24T03:57:38.829+00:00,normal-walking-slower,Trial 2: normal activity on board like trial 1 but walking slower. grandma moving slowly,24472,2.658,0.363,9.66,4.227,1.063,5.164,0.871,2.366,2454188,0.0128227,3.082335,5,-0.08446436,0.01826623,13.02098,8.062054,3.311,1.0223250471000627,5.34373521050585,0.08446436,0.01826623,0.006956316999999999,0.0051162596,13.02098,8.062054,2.19995616,1.5992808200000002
2377,4,2026-09-24T03:57:38.929+00:00,normal-walking-slower,Trial 2: normal activity on board like trial 1 but walking slower. grandma moving slowly,24473,2.54,0.363,9.758,4.22,1.864,5.833,3.54,3.746,2454288,0.007821849,2.737574,5,-0.09104747,0.0178214,14.41682,4.145858,3.411,1.0288624959357566,7.073187753764212,0.09104747,0.0178214,0.007276883600000001,0.0051130535999999996,14.41682,4.145858,2.6425914600000002,1.63195882
2378,4,2026-09-24T03:57:39.029+00:00,normal-walking-slower,Trial 2: normal activity on board like trial 1 but walking slower. grandma moving slowly,24474,2.442,0.333,9.807,4.194,3.305,6.002,5.472,4.926,2454388,0.004295628,1.945889,5,-0.1370057,0.001383967,13.8663,-2.828122,3.511,1.0311317806718605,8.768683652635668,0.1370057,0.001383967,0.0073858809999999995,0.0053630989,13.8663,2.828122,2.8764854,1.73341549
2379,4,2026-09-24T03:57:39.129+00:00,normal-walking-slower,Trial 2: normal activity on board like trial 1 but walking slower. grandma moving slowly,24475,2.314,0.343,9.875,4.178,4.806,5.324,7.726,5.952,2454488,0.007020434,2.597733,5,-0.1569066,-0.01230976,12.47833,-3.469396,3.611,1.0348379870077473,10.541996395370282,0.1569066,0.01230976,0.0081744782,0.0059433260000000005,12.47833,3.469396,2.8255478,1.9595639399999996
2380,4,2026-09-24T03:57:39.229+00:00,normal-walking-slower,Trial 2: normal activity on board like trial 1 but walking slower. grandma moving slowly,24476,2.226,0.392,9.915,4.178,5.442,2.68,10.729,6.284,2454588,0.003910931,5.47108,5,-0.1405616,-0.01862495,10.04167,4.63765,3.711,1.036986538836347,12.325145232410042,0.1405616,0.01862495,0.0071743084,0.0060491134,10.04167,4.63765,3.1669221999999997,2.49308508
2381,4,2026-09-24T03:57:39.329+00:00,normal-walking-slower,Trial 2: normal activity on board like trial 1 but walking slower. grandma moving slowly,24477,2.246,0.353,9.924,4.174,5.184,0.365,12.876,6.142,2454688,0.0006731919,3.345133,5,-0.1078725,-0.01468201,6.149333,4.740309,3.811,1.0381837933635458,13.885188403475121,0.1078725,0.01468201,0.00474440678,0.00585036189,6.149333,4.740309,3.2194817999999996,2.70971898
2382,4,2026-09-24T03:57:39.428+00:00,normal-walking-slower,Trial 2: normal activity on board like trial 1 but walking slower. grandma moving slowly,24478,2.314,0.235,9.885,4.145,5.428,-1.161,12.334,5.534,2454788,0.006699873,0.8939923,5,-0.101335,-0.001538752,1.404333,-1.356393,3.911,1.0355168989440695,13.525481913780373,0.101335,0.001538752,0.004520011580000001,0.00589844759,1.404333,1.356393,2.8507654600000003,2.74667846
2383,4,2026-09-24T03:57:39.528+00:00,normal-walking-slower,Trial 2: normal activity on board like trial 1 but walking slower. grandma moving slowly,24479,2.324,0.294,9.826,4.148,6.503,-0.888,9.705,5.107,2454888,0.002340142,2.713931,5,-0.09152842,-0.006571643,-2.440666,-4.344693,4.011,1.0300531374192057,11.715996671218374,0.09152842,0.006571643,0.00412891438,0.005757397689999999,2.440666,4.344693,3.0043738600000003,2.9404296299999997
2384,4,2026-09-24T03:57:39.628+00:00,normal-walking-slower,Trial 2: normal activity on board like trial 1 but walking slower. grandma moving slowly,24480,2.324,0.343,9.777,4.148,6.522,-0.333,6.736,4.308,2454988,0.001602837,3.041115,5,-0.08499098,-0.002949238,-4.985667,-5.491132,4.111,1.025351673512287,9.381954433911945,0.08499098,0.002949238,0.00304539498,0.005609936590000001,4.985667,5.491132,3.09305026,2.95929903
2385,4,2026-09-24T03:57:39.727+00:00,normal-walking-slower,Trial 2: normal activity on board like trial 1 but walking slower. grandma moving slowly,24481,2.354,0.373,9.66,4.129,3.981,-1.019,3.862,2.275,2455088,0.005193258,5.062384,5,-0.08826017,0.003943097,-8.959333,5.581625,4.211,1.0145845546494716,5.639305453688424,0.08826017,0.003943097,0.0033018603799999996,0.00523808439,8.959333,5.581625,3.0113110599999997,3.0891166300000004
2386,4,2026-09-24T03:57:39.828+00:00,normal-walking-slower,Trial 2: normal activity on board like trial 1 but walking slower. grandma moving slowly,24482,2.383,0.431,9.66,4.158,1.69,-0.239,0.954,0.802,2455188,0.001442555,4.771182,5,0.006537437,-0.007661519,-12.296,10.10283,4.311,1.0155270264495884,1.955335521080717,0.006537437,0.007661519,0.0034557330000000003,0.00410006989,12.296,10.10283,3.2965208599999998,3.2580013300000004
2387,4,2026-09-24T03:57:39.926+00:00,normal-walking-slower,Trial 2: normal activity on board like trial 1 but walking slower. grandma moving slowly,24483,2.354,0.431,9.669,4.151,-0.587,1.203,-1.822,-0.402,2455288,0.0003205668,4.99009,5,0.01634407,-0.004199432,-14.524,6.282384,4.411,1.0157143255924561,2.2608542633261437,0.01634407,0.004199432,0.00217987176,0.00334994167,14.524,6.282384,4.1157404,3.48325293
2388,4,2026-09-24T03:57:40.026+00:00,normal-walking-slower,Trial 2: normal activity on board like trial 1 but walking slower. grandma moving slowly,24484,2.265,0.422,9.748,4.145,-2.137,1.549,-4.201,-1.596,2455388,0.00468029,2.727286,5,0.01634359,0.001282215,-14.486,-0.6999532,4.511,1.021406587397556,4.961307388179047,0.01634359,0.001282215,0.00264790136,0.00338840787,14.486,0.6999532,4.118411399999999,3.5613926300000003
2389,4,2026-09-24T03:57:40.126+00:00,normal-walking-slower,Trial 2: normal activity on board like trial 1 but walking slower. grandma moving slowly,24485,2.187,0.382,9.797,4.122,-3.09,1.931,-7.473,-2.877,2455488,0.003365985,3.920039,5,-0.0261507,-0.0004168127,-12.702,-4.328587,4.611,1.024345931869804,8.31399963916285,0.0261507,0.0004168127,0.00300053096,0.0030229629699999997,12.702,4.328587,4.2941962,3.69362323
2390,4,2026-09-24T03:57:40.226+00:00,normal-walking-slower,Trial 2: normal activity on board like trial 1 but walking slower. grandma moving slowly,24486,2.138,0.392,9.846,4.125,-4.837,0.783,-10.697,-4.917,2455588,0.001634899,4.921362,5,-0.09479761,0.003430104,-13.91267,-0.7696905,4.711,1.028187619414527,11.765860232044234,0.09479761,0.003430104,0.00228885916,0.0027953597699999994,13.91267,0.7696905,4.2659918,3.6386514300000004
2391,4,2026-09-24T03:57:40.326+00:00,normal-walking-slower,Trial 2: normal activity on board like trial 1 but walking slower. grandma moving slowly,24487,2.069,0.461,9.895,4.142,-4.38,-0.83,-11.645,-5.618,2455688,0.003942978,1.236441,5,-0.03922558,0.00419943,-13.75333,-5.313221,4.811,1.0319019564994705,12.469134893808791,0.03922558,0.00419943,0.00278894376,0.00312233838,13.75333,5.313221,3.5590436,3.4277822299999996
2392,4,2026-09-24T03:57:40.426+00:00,normal-walking-slower,Trial 2: normal activity on board like trial 1 but walking slower. grandma moving slowly,24488,2.05,0.471,9.865,4.129,-5.157,-3.282,-12.251,-6.897,2455788,0.0004487938,2.327756,5,-0.01307487,-0.007885999,-13.34167,-3.482657,4.911,1.0285624555261874,13.691353987097113,0.01307487,0.007885999,0.00281458916,0.0024972304600000004,13.34167,3.482657,3.0265768,3.5711585999999995
2393,4,2026-09-24T03:57:40.525+00:00,normal-walking-slower,Trial 2: normal activity on board like trial 1 but walking slower. grandma moving slowly,24489,2.03,0.471,9.767,4.089,-3.972,-3.791,-12.128,-6.63,2455888,0.003333895,0.5594784,5,-0.06210899,-0.001250284,-9.485666,-9.314726,5.011,1.0183745564961437,13.313033050360838,0.06210899,0.001250284,0.00254531016,0.0025966057599999997,9.485666,9.314726,2.5930152800000004,3.35571334
2394,4,2026-09-24T03:57:40.625+00:00,normal-walking-slower,Trial 2: normal activity on board like trial 1 but walking slower. grandma moving slowly,24490,1.991,0.559,9.718,4.089,-3.171,-3.158,-10.933,-5.754,2455988,0.003910958,0.8234387,5,-0.124218,0.003943037,-2.685999,-8.872809,5.111,1.0131489256895612,11.813496264865876,0.124218,0.003943037,0.00265430476,0.0028274178599999996,2.685999,8.872809,1.9736952200000002,3.13394571
2395,4,2026-09-24T03:57:40.724+00:00,normal-walking-slower,Trial 2: normal activity on board like trial 1 but walking slower. grandma moving slowly,24491,1.942,0.569,9.738,4.083,-2.798,-1.826,-8.129,-4.251,2456088,0.0009617044,3.258589,5,-0.1569085,-0.002500382,3.877334,2.539979,5.211,1.0142141181206616,8.788840708534886,0.1569085,0.002500382,0.0025196658399999996,0.0024042624999999996,3.877334,2.539979,1.6411406199999998,2.95356621
2396,4,2026-09-24T03:57:40.824+00:00,normal-walking-slower,Trial 2: normal activity on board like trial 1 but walking slower. grandma moving slowly,24492,1.981,0.5,9.767,4.083,-2.431,-1.124,-5.064,-2.873,2456188,0.002372219,3.340572,5,-0.09806633,0.001474659,10.42667,4.724742,5.311,1.0175145632657607,5.728632733907804,0.09806633,0.001474659,0.0022055140400000003,0.0024972289,10.42667,4.724742,2.06196682,2.81050521
2397,4,2026-09-24T03:57:40.925+00:00,normal-walking-slower,Trial 2: normal activity on board like trial 1 but walking slower. grandma moving slowly,24493,2.001,0.441,9.836,4.093,-0.685,-0.405,-2.695,-1.262,2456289,0.002853048,3.059213,5,5.25685e-05,-0.002488791,13.59278,7.495071,5.412,1.0245249608715536,2.8100311386175063,5.25685e-05,0.002488791,0.00268636488,0.0027504770200000002,13.59278,7.495071,2.2082582200000003,2.61741751
2398,4,2026-09-24T03:57:41.024+00:00,normal-walking-slower,Trial 2: normal activity on board like trial 1 but walking slower. grandma moving slowly,24494,2.01,0.431,9.797,4.08,0.553,0.063,-0.813,-0.066,2456389,0.0005770203,1.764531,5,-0.009733606,-0.004756336,14.32343,1.672007,5.512,1.0207714301819615,0.9852649389884937,0.009733606,0.004756336,0.00213498994,0.0023401500500000003,14.32343,1.672007,2.44926874,2.52114201
2399,4,2026-09-24T03:57:41.124+00:00,normal-walking-slower,Trial 2: normal activity on board like trial 1 but walking slower. grandma moving slowly,24495,1.902,0.637,9.964,4.168,3.634,1.429,1.525,2.196,2456489,0.02728029,5.608254,5,0.1660813,0.05064036,15.65344,3.106743,5.612,1.0364283874803442,4.192090409330409,0.1660813,0.05064036,0.00680885634,0.00473158055,15.65344,3.106743,3.4062317999999996,2.6899635099999997
2400,4,2026-09-24T03:57:41.224+00:00,normal-walking-slower,Trial 2: normal activity on board like trial 1 but walking slower. grandma moving slowly,24496,1.893,0.628,9.954,4.158,5.035,0.774,3.856,3.222,2456589,9.617005e-05,2.608462,5,0.2249838,0.01983827,15.61558,1.07985,5.712,1.035200054117351,6.388977774260918,0.2249838,0.01983827,0.006635749469999999,0.004577707654999999,15.61558,1.07985,3.2762063999999995,2.4586735099999997
2401,4,2026-09-24T03:57:41.324+00:00,normal-walking-slower,Trial 2: normal activity on board like trial 1 but walking slower. grandma moving slowly,24497,1.873,0.647,9.934,4.151,5.456,0.195,5.184,3.612,2456689,0.000384681,0.7586887,5,0.1961327,-0.005417585,13.034,-3.757117,5.812,1.0329433008637237,7.528599936243126,0.1961327,0.005417585,0.006238241869999999,0.004221877955,13.034,3.757117,2.75982974,2.4108982799999996
2402,4,2026-09-24T03:57:41.423+00:00,normal-walking-slower,Trial 2: normal activity on board like trial 1 but walking slower. grandma moving slowly,24498,1.922,0.637,9.934,4.165,5.754,0.268,6.075,4.032,2456789,0.0008334781,0.2960046,5,0.1536365,-0.02638269,9.611667,-7.786617,5.912,1.0338142720971408,8.371736080407695,0.1536365,0.02638269,0.00583432789,0.0042603463850000006,9.611667,7.786617,2.20718806,2.2077231399999997
2403,4,2026-09-24T03:57:41.523+00:00,normal-walking-slower,Trial 2: normal activity on board like trial 1 but walking slower. grandma moving slowly,24499,1.893,0.677,9.993,4.187,7.343,-0.026,6.096,4.471,2456889,0.001955462,0.8705991,5,0.04576397,-0.04991235,5.360667,-11.78777,6.012,1.039419634982879,9.543664966877243,0.04576397,0.04991235,0.006110016229999999,0.004122503085,5.360667,11.78777,2.02840168,2.23883521
2404,4,2026-09-24T03:57:41.623+00:00,normal-walking-slower,Trial 2: normal activity on board like trial 1 but walking slower. grandma moving slowly,24500,1.893,0.834,9.895,4.207,7.572,-1.524,7.022,4.357,2456989,0.01141221,1.051307,5,0.1340241,0.02420286,3.129333,-3.0024,6.112,1.0308217839428473,10.438689764525048,0.1340241,0.02420286,0.00293640023,0.004872628285,3.129333,3.0024,1.1170122799999997,2.2616220400000002
2405,4,2026-09-24T03:57:41.724+00:00,normal-walking-slower,Trial 2: normal activity on board like trial 1 but walking slower. grandma moving slowly,24501,1.981,0.863,9.816,4.22,7.726,-2.49,7.349,4.195,2457090,0.004936737,0.3546003,5,0.1794104,0.01961455,1.485662,-0.05576747,6.213,1.0249187186556985,10.949839131238413,0.1794104,0.01961455,0.0039045136199999998,0.005270131544999999,1.485662,0.05576747,0.66623994,1.97122317
2406,4,2026-09-24T03:57:41.823+00:00,normal-walking-slower,Trial 2: normal activity on board like trial 1 but walking slower. grandma moving slowly,24502,2.04,0.863,9.748,4.217,7.019,-2.217,5.651,3.484,2457190,0.002724871,1.152527,5,0.1368568,0.006712869,-1.369133,1.190063,6.313,1.0193586020771461,9.279830332500698,0.1368568,0.006712869,0.00437255162,0.005305396745,1.369133,1.190063,0.7450076,1.7524186700000002
2407,4,2026-09-24T03:57:41.923+00:00,normal-walking-slower,Trial 2: normal activity on board like trial 1 but walking slower. grandma moving slowly,24503,2.069,0.922,9.669,4.22,5.194,-2.292,3.695,2.199,2457290,0.003494181,2.387396,5,0.07499546,-0.005611746,-5.397338,3.120102,6.413,1.0126578122667096,6.773767415552441,0.07499546,0.005611746,0.0049046922,0.0053695100449999995,5.397338,3.120102,1.1632858799999999,1.68523697
2408,4,2026-09-24T03:57:42.023+00:00,normal-walking-slower,Trial 2: normal activity on board like trial 1 but walking slower. grandma moving slowly,24504,2.079,0.99,9.65,4.24,3.108,-1.789,1.861,1.06,2457390,0.001731066,2.655987,5,0.06525395,-0.02078705,-8.56797,5.2259,6.513,1.0116532600169896,4.0402358842028026,0.06525395,0.02078705,0.004859813,0.005484914615,8.56797,5.2259,1.52036346,1.7743825699999998
2409,4,2026-09-24T03:57:42.122+00:00,normal-walking-slower,Trial 2: normal activity on board like trial 1 but walking slower. grandma moving slowly,24505,2.059,1.079,9.689,4.276,1.648,-1.114,0.38,0.305,2457490,0.003237732,1.593529,5,0.1340237,-0.004391816,-10.205,3.981316,6.613,1.0160408697988934,2.0251666598085207,0.1340237,0.004391816,0.0032249174,0.0030806588150000002,10.205,3.981316,1.6288078599999998,1.37291007
2410,4,2026-09-24T03:57:42.222+00:00,normal-walking-slower,Trial 2: normal activity on board like trial 1 but walking slower. grandma moving slowly,24506,2.059,1.089,9.718,4.289,0.448,-0.678,-0.537,-0.256,2457590,0.0003205676,0.8236617,5,0.1994019,-0.005065056,-9.374333,-1.451598,6.713,1.0190272945231298,0.9740415802212964,0.1994019,0.005065056,0.0023016835199999998,0.0031030985699999998,9.374333,1.451598,1.72262014,1.19443004
2411,4,2026-09-24T03:57:42.323+00:00,normal-walking-slower,Trial 2: normal activity on board like trial 1 but walking slower. grandma moving slowly,24507,2.04,1.089,9.787,4.305,-0.241,-0.666,-0.945,-0.617,2457691,0.001699048,0.2137763,5,0.2185315,-0.00498476,-6.932104,-6.168053,6.814,1.0254760771919749,1.1809580856237025,0.2185315,0.00498476,0.0020965189199999997,0.0032345352699999995,6.932104,6.168053,1.5348700000000002,1.1399388
2412,4,2026-09-24T03:57:42.422+00:00,normal-walking-slower,Trial 2: normal activity on board like trial 1 but walking slower. grandma moving slowly,24508,2.02,1.079,9.826,4.308,-0.285,-0.884,-1.461,-0.877,2457791,0.0006731943,0.1052387,5,0.1661784,-0.003639472,-4.779996,-6.460785,6.914,1.028827041679465,1.7312429061226506,0.1661784,0.003639472,0.00153232158,0.0032185068900000002,4.779996,6.460785,1.07843854,1.1208622099999999
2413,4,2026-09-24T03:57:42.522+00:00,normal-walking-slower,Trial 2: normal activity on board like trial 1 but walking slower. grandma moving slowly,24509,1.991,1.118,9.826,4.312,-0.108,-1.433,-2.005,-1.182,2457891,0.0008014179,0.2095554,5,0.09129385,-0.004501593,-3.583786,-3.47785,7.014,1.028672213137825,2.466815355878911,0.09129385,0.004501593,0.00134639196,0.00310310248,3.583786,3.47785,0.5891522200000001,1.0547578399999997
2414,4,2026-09-24T03:57:42.622+00:00,normal-walking-slower,Trial 2: normal activity on board like trial 1 but walking slower. grandma moving slowly,24510,1.961,1.138,9.797,4.299,-0.186,-1.669,-2.343,-1.399,2457991,0.0007052494,0.05867464,5,0.02618305,-0.0001225819,-2.846696,-1.533464,7.114,1.0254197181512799,2.882673411956339,0.02618305,0.0001225819,0.00083989544,0.0020324064199999997,2.846696,1.533464,0.282181348,0.9554946039999999
2415,4,2026-09-24T03:57:42.722+00:00,normal-walking-slower,Trial 2: normal activity on board like trial 1 but walking slower. grandma moving slowly,24511,1.961,1.167,9.767,4.299,-0.349,-1.601,-2.159,-1.37,2458091,0.0005770226,0.02168301,5,-0.02288246,-0.002211995,-2.027333,-0.4307507,7.214,1.0227794231903238,2.710402737601923,0.02288246,0.002211995,0.0008911864400000001,0.0015964349799999999,2.027333,0.4307507,0.12178560999999999,0.922202875
2416,4,2026-09-24T03:57:42.821+00:00,normal-walking-slower,Trial 2: normal activity on board like trial 1 but walking slower. grandma moving slowly,24512,1.981,1.167,9.767,4.305,-0.699,-1.62,-2.004,-1.441,2458191,0.0001282267,0.048962,5,-0.01961374,-0.00131433,-1.316333,-0.3004257,7.314,1.0231801129322937,2.670021910022463,0.01961374,0.00131433,0.0005770221800000001,0.0013367705500000001,1.316333,0.3004257,0.08882275,0.811846375
2417,4,2026-09-24T03:57:42.921+00:00,normal-walking-slower,Trial 2: normal activity on board like trial 1 but walking slower. grandma moving slowly,24513,1.971,1.196,9.816,4.328,-0.384,-1.32,-2.343,-1.349,2458291,0.001121984,0.101382,5,0.03922653,6.410947e-05,-0.3756665,-0.2260594,7.414,1.0281911033874347,2.71652443390447,0.03922653,6.410947e-05,0.00066678012,0.00109955085,0.3756665,0.2260594,0.08805141000000001,0.583244975
2418,4,2026-09-24T03:57:43.020+00:00,normal-walking-slower,Trial 2: normal activity on board like trial 1 but walking slower. grandma moving slowly,24514,1.991,1.128,9.807,4.308,-0.288,-1.462,-2.614,-1.455,2458391,0.001731068,0.03427369,5,0.04903316,0.002596598,-0.09000015,0.03089709,7.514,1.0268988520070448,3.00888417856188,0.04903316,0.002596598,0.0008527101400000001,0.00109955105,0.09000015,0.03089709,0.052995068,0.321073644
2419,4,2026-09-24T03:57:43.121+00:00,normal-walking-slower,Trial 2: normal activity on board like trial 1 but walking slower. grandma moving slowly,24515,2.01,1.059,9.787,4.286,-0.758,-1.289,-3.5,-1.849,2458492,0.001827235,0.345275,5,-0.02298647,0.004094357,-0.9720011,0.6323109,7.615,1.0245329381905763,3.806058985354799,0.02298647,0.004094357,0.0010771072600000002,0.00095850135,0.9720011,0.6323109,0.11031514,0.19624824400000002
2420,4,2026-09-24T03:57:43.221+00:00,normal-walking-slower,Trial 2: normal activity on board like trial 1 but walking slower. grandma moving slowly,24516,1.981,1.118,9.826,4.308,-0.901,-1.351,-3.745,-1.999,2458592,0.001955462,0.02810598,5,-0.03594391,0.004344375,-1.612415,0.2024655,7.715,1.0284714410809377,4.08191462429091,0.03594391,0.004344375,0.00135279514,0.0011219907899999999,1.612415,0.2024655,0.111599734,0.116692672
2421,4,2026-09-24T03:57:43.321+00:00,normal-walking-slower,Trial 2: normal activity on board like trial 1 but walking slower. grandma moving slowly,24517,1.981,1.089,9.807,4.292,-0.815,-1.485,-3.736,-2.012,2458692,0.0004167369,0.008477673,5,-0.0717588,-0.00117933,-1.865735,-0.1901198,7.815,1.0262597988449904,4.102090442688947,0.0717588,0.00117933,0.0014104971799999999,0.0009937596800000002,1.865735,0.1901198,0.10350286859999999,0.09616280930000001
2422,4,2026-09-24T03:57:43.421+00:00,normal-walking-slower,Trial 2: normal activity on board like trial 1 but walking slower. grandma moving slowly,24518,1.981,1.089,9.826,4.299,-0.768,-1.533,-4.062,-2.121,2458792,0.0001282267,0.03692961,5,-0.01312083,-0.004602925,-1.494003,-0.329601,7.915,1.0281478436417886,4.409053980163999,0.01312083,0.004602925,0.0012117457200000001,0.0009392629200000001,1.494003,0.329601,0.09061239060000001,0.0893319003
2423,4,2026-09-24T03:57:43.520+00:00,normal-walking-slower,Trial 2: normal activity on board like trial 1 but walking slower. grandma moving slowly,24519,1.991,1.079,9.816,4.295,-1.031,-1.937,-4.639,-2.536,2458892,9.617161e-05,0.1884381,5,0.009807587,-0.005289362,-1.495334,-0.3048501,8.015,1.0272454212158615,5.131788284798975,0.009807587,0.005289362,0.000884766442,0.0008687382909999998,1.495334,0.3048501,0.1214452726,0.0872201703
2424,4,2026-09-24T03:57:43.621+00:00,normal-walking-slower,Trial 2: normal activity on board like trial 1 but walking slower. grandma moving slowly,24520,1.991,1.079,9.826,4.299,-1.158,-2.275,-5.141,-2.858,2458993,3.205668e-05,0.127459,5,-0.01627882,-0.004155658,-2.238224,0.3776485,8.116,1.0282390637014445,5.739901567100258,0.01627882,0.004155658,0.000525730778,0.000801419019,2.238224,0.3776485,0.07788207259999999,0.0940986063
2425,4,2026-09-24T03:57:43.721+00:00,normal-walking-slower,Trial 2: normal activity on board like trial 1 but walking slower. grandma moving slowly,24521,2.01,1.04,9.816,4.289,-1.218,-2.738,-5.885,-3.28,2459093,0.0006731888,0.2571685,5,-0.006517865,0.0004159003,-3.264197,0.5857618,8.216,1.0272119053301845,6.6040436855005735,0.006517865,0.0004159003,0.000269276138,0.000811035639,3.264197,0.5857618,0.12369457660000001,0.1176471553
2426,4,2026-09-24T03:57:43.821+00:00,normal-walking-slower,Trial 2: normal activity on board like trial 1 but walking slower. grandma moving slowly,24522,2.02,1.049,9.816,4.295,-0.913,-3.488,-7.056,-3.819,2459193,6.411337e-05,0.6755887,5,-0.01302971,0.0004478291,-4.12774,1.340876,8.316,1.0275109941761646,7.923815305772845,0.01302971,0.0004478291,0.00019875143199999998,0.000804624306,4.12774,1.340876,0.25711678200000004,0.1803098253
2427,4,2026-09-24T03:57:43.920+00:00,normal-walking-slower,Trial 2: normal activity on board like trial 1 but walking slower. grandma moving slowly,24523,2.001,1.128,9.807,4.312,-0.352,-4.033,-7.339,-3.908,2459293,0.002211917,0.2306117,5,0.02932803,0.004251701,-3.69829,0.631022,8.416,1.0271009438504408,8.381522176788653,0.02932803,0.004251701,0.000615489492,0.0009136176059999999,3.69829,0.631022,0.29585320000000004,0.1932327953
2428,4,2026-09-24T03:57:44.021+00:00,normal-walking-slower,Trial 2: normal activity on board like trial 1 but walking slower. grandma moving slowly,24524,2.03,1.167,9.787,4.328,-0.176,-4.582,-6.501,-3.753,2459394,0.0009296516,0.3448738,5,0.08162997,0.003322078,-2.4103,0.4068196,8.517,1.026161649143545,7.955419599241765,0.08162997,0.003322078,0.0007821854899999999,0.000833475966,2.4103,0.4068196,0.32714034000000003,0.22429280629999998
2429,4,2026-09-24T03:57:44.121+00:00,normal-walking-slower,Trial 2: normal activity on board like trial 1 but walking slower. grandma moving slowly,24525,2.108,1.147,9.787,4.348,-0.237,-4.731,-5.855,-3.608,2459494,0.002179856,0.147746,5,0.1499375,0.003862511,-0.5852826,-0.5479634,8.617,1.027561516063743,7.531238609949893,0.1499375,0.003862511,0.001211745354,0.000868738066,0.5852826,0.5479634,0.33119774,0.20453990630000002
2430,4,2026-09-24T03:57:44.221+00:00,normal-walking-slower,Trial 2: normal activity on board like trial 1 but walking slower. grandma moving slowly,24526,2.177,1.147,9.767,4.364,0.259,-4.843,-5.773,-3.452,2459594,0.001699015,0.08842802,5,0.1727287,0.003223938,1.030581,-1.252768,8.717,1.0270786357140165,7.539844759675096,0.1727287,0.003223938,0.001416910594,0.0008430933660000001,1.030581,1.252768,0.297449644,0.2105721103
2431,4,2026-09-24T03:57:44.320+00:00,normal-walking-slower,Trial 2: normal activity on board like trial 1 but walking slower. grandma moving slowly,24527,2.236,1.147,9.758,4.38,0.579,-5.119,-6.097,-3.546,2459694,0.001186104,0.09451741,5,0.1729042,-0.001282829,1.023777,-0.5270158,8.817,1.0275070069650079,7.982030506080518,0.1729042,0.001282829,0.00164130872,0.000920030076,1.023777,0.5270158,0.18123538600000003,0.21917608399999997
2432,4,2026-09-24T03:57:44.421+00:00,normal-walking-slower,Trial 2: normal activity on board like trial 1 but walking slower. grandma moving slowly,24528,2.285,1.128,9.807,4.406,0.924,-5.746,-6.515,-3.779,2459794,0.001731092,0.2289592,5,0.1895947,0.0006091284,0.00999999,-0.2850577,8.917,1.0332440667694762,8.735875285281951,0.1895947,0.0006091284,0.00154514372,0.001080316606,0.00999999,0.2850577,0.18090488600000001,0.23837904299999998
2433,4,2026-09-24T03:57:44.520+00:00,normal-walking-slower,Trial 2: normal activity on board like trial 1 but walking slower. grandma moving slowly,24529,2.344,1.196,9.767,4.436,1.445,-6.777,-6.898,-4.077,2459894,0.00323774,0.4936971,5,0.2190156,0.002147845,-1.264666,0.8324334,9.017,1.0314722652216124,9.777431053195926,0.2190156,0.002147845,0.0020067614000000003,0.001394473445,1.264666,0.8324334,0.210669546,0.268904943
2434,4,2026-09-24T03:57:44.619+00:00,normal-walking-slower,Trial 2: normal activity on board like trial 1 but walking slower. grandma moving slowly,24530,2.422,1.236,9.689,4.449,1.608,-7.112,-7.431,-4.312,2459994,0.004616215,0.1409612,5,0.2255526,0.007886037,-2.249666,0.504246,9.117,1.026173520016309,10.4108582259101,0.2255526,0.007886037,0.0024940331999999997,0.001852889277,2.249666,0.504246,0.20931258599999997,0.27025516299999996
2435,4,2026-09-24T03:57:44.719+00:00,normal-walking-slower,Trial 2: normal activity on board like trial 1 but walking slower. grandma moving slowly,24531,2.481,1.353,9.601,4.478,1.906,-6.664,-7.48,-4.079,2460094,0.008366813,0.09730297,5,0.2386289,0.01724654,-1.6,-0.08242691,9.217,1.0205580032560566,10.197653259451412,0.2386289,0.01724654,0.0038275928,0.0026222516969999997,1.6,0.08242691,0.21108757600000003,0.25426861
2436,4,2026-09-24T03:57:44.819+00:00,normal-walking-slower,Trial 2: normal activity on board like trial 1 but walking slower. grandma moving slowly,24532,2.52,1.442,9.542,4.501,1.972,-5.89,-6.695,-3.538,2460194,0.004263553,0.4065523,5,0.2320905,0.01019399,0.48,-0.04120784,9.317,1.0170590823782775,9.132574062114141,0.2320905,0.01019399,0.0044430826,0.0030421956599999997,0.48,0.04120784,0.273494554,0.22736497
2437,4,2026-09-24T03:57:44.918+00:00,normal-walking-slower,Trial 2: normal activity on board like trial 1 but walking slower. grandma moving slowly,24533,2.55,1.491,9.493,4.511,1.461,-4.732,-5.143,-2.805,2460294,0.001891344,1.33693,5,0.2026701,-0.003045454,3.318,1.952056,9.417,1.01379809474486,7.139803498696585,0.2026701,0.003045454,0.004475133,0.00301013836,3.318,1.952056,0.495088714,0.3379968
2438,4,2026-09-24T03:57:45.019+00:00,normal-walking-slower,Trial 2: normal activity on board like trial 1 but walking slower. grandma moving slowly,24534,2.579,1.51,9.522,4.537,1.008,-3.741,-4.032,-2.255,2460395,0.0007052486,0.8072037,5,0.2087906,-0.01427283,5.377872,2.564328,9.518,1.017673842988502,5.591794792372124,0.2087906,0.01427283,0.00396863472,0.0029876980599999998,5.377872,2.564328,0.557790034,0.38422978999999996
2439,4,2026-09-24T03:57:45.119+00:00,normal-walking-slower,Trial 2: normal activity on board like trial 1 but walking slower. grandma moving slowly,24535,2.599,1.569,9.522,4.563,0.773,-2.91,-2.849,-1.662,2460495,0.00128227,0.7150917,5,0.205345,-0.01766734,6.098852,1.628211,9.618,1.019129942156307,4.14516947783803,0.205345,0.01766734,0.0033018457199999996,0.0028979394599999994,6.098852,1.628211,0.672616134,0.44096436
2440,4,2026-09-24T03:57:45.219+00:00,normal-walking-slower,Trial 2: normal activity on board like trial 1 but walking slower. grandma moving slowly,24536,2.609,1.579,9.542,4.576,0.387,-2.217,-1.436,-1.089,2460595,0.0001923409,0.8752714,5,0.2020898,-0.00872724,6.02249,0.3128485,9.718,1.0214985774128449,2.6696355556517446,0.2020898,0.00872724,0.0016669513,0.00274727205,6.02249,0.3128485,0.82820982,0.5196486979999999
2441,4,2026-09-24T03:57:45.319+00:00,normal-walking-slower,Trial 2: normal activity on board like trial 1 but walking slower. grandma moving slowly,24537,2.638,1.549,9.552,4.58,0.307,-1.942,-0.412,-0.682,2460695,0.0006090793,0.376867,5,0.1762389,-0.003074667,5.400416,-1.84979,9.818,1.0227664606654243,2.0088198027697755,0.1762389,0.003074667,0.00093605656,0.00268956958,5.400416,1.84979,0.8222727599999999,0.5478836570000001
2442,4,2026-09-24T03:57:45.418+00:00,normal-walking-slower,Trial 2: normal activity on board like trial 1 but walking slower. grandma moving slowly,24538,2.628,1.559,9.561,4.583,0.632,-2.174,0.356,-0.395,2460795,9.617005e-05,0.2497577,5,0.107873,-0.001891348,4.699,-1.453117,9.918,1.023530902715224,2.291819364609698,0.107873,0.001891348,0.0005770217699999999,0.002526077385,4.699,1.453117,0.6048382999999999,0.549963507
2443,4,2026-09-24T03:57:45.518+00:00,normal-walking-slower,Trial 2: normal activity on board like trial 1 but walking slower. grandma moving slowly,24539,2.648,1.589,9.532,4.59,0.439,-1.228,1.422,0.211,2460895,0.0007052494,0.689507,5,0.0588398,-0.001250213,4.439333,-0.676683,10.018,1.0217324878136855,1.9294530313018765,0.0588398,0.001250213,0.00057702193,0.002272828325,4.439333,0.676683,0.58129896,0.569544497
2444,4,2026-09-24T03:57:45.617+00:00,normal-walking-slower,Trial 2: normal activity on board like trial 1 but walking slower. grandma moving slowly,24540,2.667,1.51,9.64,4.606,0.539,-0.728,3.079,0.963,2460995,0.006058719,1.001883,5,0.06864595,0.01182893,4.997333,0.5658632,10.118,1.0314901486567791,3.2094775275736085,0.06864595,0.01182893,0.0015323117299999999,0.0024170787249999997,4.997333,0.5658632,0.63865722,0.6556366770000001
2445,4,2026-09-24T03:57:45.718+00:00,normal-walking-slower,Trial 2: normal activity on board like trial 1 but walking slower. grandma moving slowly,24541,2.707,1.451,9.63,4.596,1.121,-1.123,3.429,1.142,2461096,0.001699009,0.2057497,5,0.05540086,0.008108563,4.996918,0.4052763,10.219,1.0307215112752321,3.7783344214084593,0.05540086,0.008108563,0.00183364535,0.001750298325,4.996918,0.4052763,0.5047528800000001,0.66648135
2446,4,2026-09-24T03:57:45.820+00:00,normal-walking-slower,Trial 2: normal activity on board like trial 1 but walking slower. grandma moving slowly,24542,2.726,1.451,9.581,4.586,1.12,-1.069,3.359,1.137,2461197,0.0009296469,0.002605664,5,0.01286876,0.002613148,3.971302,-0.9790272,10.32,1.026485249736605,3.6986540795267677,0.01286876,0.002613148,0.0018977588699999998,0.001416907715,3.971302,0.9790272,0.4299006128,0.6260866864
2447,4,2026-09-24T03:57:45.919+00:00,normal-walking-slower,Trial 2: normal activity on board like trial 1 but walking slower. grandma moving slowly,24543,2.687,1.52,9.601,4.603,1.47,-0.714,3.254,1.337,2461297,0.002211923,0.08651668,5,0.006395062,-0.002126348,2.408657,-2.194855,10.42,1.0283956561215888,3.641320090296924,0.006395062,0.002126348,0.0023209094600000002,0.0014489656150000001,2.408657,2.194855,0.3972524088,0.5010453543999999
2448,4,2026-09-24T03:57:46.019+00:00,normal-walking-slower,Trial 2: normal activity on board like trial 1 but walking slower. grandma moving slowly,24544,2.638,1.569,9.561,4.59,1.855,-0.57,4.155,1.813,2461397,0.002115741,0.3269208,5,-0.0260861,-0.007359289,1.883106,-1.466795,10.52,1.0239571937784102,4.585842343561323,0.0260861,0.007359289,0.0026030077800000004,0.0015900148549999999,1.883106,1.466795,0.32473516880000003,0.4530170644
2449,4,2026-09-24T03:57:46.119+00:00,normal-walking-slower,Trial 2: normal activity on board like trial 1 but walking slower. grandma moving slowly,24545,2.618,1.53,9.561,4.57,1.951,-0.077,5.373,2.416,2461497,0.0006411337,0.5785963,5,-0.04890953,-0.0009277331,3.214715,1.066079,10.62,1.0228091397940544,5.716769979630106,0.04890953,0.0009277331,0.00151949072,0.001525901225,3.214715,1.066079,0.24007782879999998,0.4393675244
2450,4,2026-09-24T03:57:46.219+00:00,normal-walking-slower,Trial 2: normal activity on board like trial 1 but walking slower. grandma moving slowly,24546,2.648,1.5,9.581,4.576,2.285,0.537,5.972,2.931,2461597,0.000705247,0.282451,5,-0.05230188,-0.002019589,4.668334,1.05177,10.72,1.0250936053780038,6.41672642396417,0.05230188,0.002019589,0.0013207383200000001,0.001577191835,4.668334,1.05177,0.2554180888,0.3800854844
2451,4,2026-09-24T03:57:46.318+00:00,normal-walking-slower,Trial 2: normal activity on board like trial 1 but walking slower. grandma moving slowly,24547,2.677,1.471,9.62,4.59,2.501,0.507,5.949,2.986,2461697,0.00108993,0.01602831,5,-0.03922606,-0.003654481,4.416,-0.1854465,10.82,1.0292294838545577,6.473225702847074,0.03922606,0.003654481,0.0013527949400000002,0.001625276905,4.416,0.1854465,0.258102618,0.34400161539999996
2452,4,2026-09-24T03:57:46.418+00:00,normal-walking-slower,Trial 2: normal activity on board like trial 1 but walking slower. grandma moving slowly,24548,2.687,1.461,9.601,4.583,2.4,-0.249,5.809,2.653,2461797,0.0001923401,0.2004457,5,0.006537437,-0.003398006,2.25,-0.8155183,10.92,1.0275061062984165,6.290189345321808,0.006537437,0.003398006,0.00094887836,0.0016348939100000002,2.25,0.8155183,0.28088842199999997,0.3390704154
2453,4,2026-09-24T03:57:46.518+00:00,normal-walking-slower,Trial 2: normal activity on board like trial 1 but walking slower. grandma moving slowly,24549,2.687,1.481,9.571,4.58,3.27,-0.221,5.424,2.824,2461897,0.0004167369,0.3019697,5,0.02615166,-0.0009617005,0.5393326,-0.6352586,11.02,1.0248902350461657,6.3373114962103605,0.02615166,0.0009617005,0.0006090775400000001,0.00160604266,0.5393326,0.6352586,0.27589820200000004,0.3003166854
2454,4,2026-09-24T03:57:46.618+00:00,normal-walking-slower,Trial 2: normal activity on board like trial 1 but walking slower. grandma moving slowly,24550,2.677,1.53,9.552,4.586,3.467,-0.533,5.135,2.69,2461997,0.0009617044,0.07322458,5,0.00980711,-0.000160278,-0.6446669,-0.1325115,11.12,1.0235225061371873,6.218713934568787,0.00980711,0.000160278,0.00067319168,0.0010963412000000003,0.6446669,0.1325115,0.174823858,0.20745084340000003
2455,4,2026-09-24T03:57:46.717+00:00,normal-walking-slower,Trial 2: normal activity on board like trial 1 but walking slower. grandma moving slowly,24551,2.667,1.579,9.542,4.596,3.825,-0.662,5.321,2.828,2462097,0.0008655344,0.05980033,5,0.01634502,0.0003205738,-0.2789996,-0.03967705,11.22,1.0230548761315246,6.586494515294156,0.01634502,0.0003205738,0.00070524916,0.00101299374,0.2789996,0.03967705,0.130293724,0.1928559064
2456,4,2026-09-24T03:57:46.817+00:00,normal-walking-slower,Trial 2: normal activity on board like trial 1 but walking slower. grandma moving slowly,24552,2.677,1.569,9.542,4.596,3.813,-0.584,6.143,3.124,2462197,6.411415e-05,0.227304,5,0.04249573,0.0001923456,0.9449997,-0.1884526,11.32,1.0231664694965963,7.253721389741958,0.04249573,0.0001923456,0.00050008599,0.000926440465,0.9449997,0.1884526,0.17254886200000003,0.21532574
2457,4,2026-09-24T03:57:46.918+00:00,normal-walking-slower,Trial 2: normal activity on board like trial 1 but walking slower. grandma moving slowly,24553,2.658,1.677,9.601,4.645,5.047,-0.263,6.689,3.824,2462297,0.005161143,0.6413043,5,0.1405611,0.008591222,2.434333,0.8327487,11.42,1.0301480547346387,8.383561236133485,0.1405611,0.008591222,0.00149384657,0.001221362465,2.434333,0.8327487,0.260720582,0.270804502
2458,4,2026-09-24T03:57:47.016+00:00,normal-walking-slower,Trial 2: normal activity on board like trial 1 but walking slower. grandma moving slowly,24554,2.638,1.765,9.64,4.681,6.305,-0.809,7.694,4.397,2462397,0.003237732,0.963568,5,0.2386284,0.008847664,4.410333,2.362191,11.52,1.0349183640948867,9.980237572322615,0.2386284,0.008847664,0.00205804559,0.001333561565,4.410333,2.362191,0.393040242,0.334469222
2459,4,2026-09-24T03:57:47.118+00:00,normal-walking-slower,Trial 2: normal activity on board like trial 1 but walking slower. grandma moving slowly,24555,2.677,1.814,9.571,4.688,7.231,-1.814,8.588,4.668,2462498,0.002885105,0.8889127,5,0.267441,0.007188373,4.942525,2.388244,11.621,1.0301706244480144,11.37240963912222,0.267441,0.007188373,0.0024427257100000004,0.0015579586949999997,4.942525,2.388244,0.556177866,0.36550086200000004
2460,4,2026-09-24T03:57:47.217+00:00,normal-walking-slower,Trial 2: normal activity on board like trial 1 but walking slower. grandma moving slowly,24556,2.746,1.834,9.473,4.684,7.4,-2.428,9.101,4.691,2462598,0.004904683,0.2229085,5,0.2182457,0.007373657,3.964939,0.2367364,11.721,1.0229832538126487,11.978455033934887,0.2182457,0.007373657,0.0032505554299999996,0.001977902295,3.964939,0.2367364,0.5887995,0.35954661200000004
2461,4,2026-09-24T03:57:47.318+00:00,normal-walking-slower,Trial 2: normal activity on board like trial 1 but walking slower. grandma moving slowly,24557,2.854,1.844,9.375,4.691,6.617,-2.521,8.225,4.107,2462698,0.007116584,0.4630377,5,0.09452354,0.005553676,0.8590426,-1.093946,11.821,1.016837963492901,10.85314493591604,0.09452354,0.005553676,0.0046610494,0.002580567695,0.8590426,1.093946,0.63594624,0.404247551
2462,4,2026-09-24T03:57:47.417+00:00,normal-walking-slower,Trial 2: normal activity on board like trial 1 but walking slower. grandma moving slowly,24558,2.932,1.863,9.326,4.707,5.33,-2.258,6.851,3.308,2462798,0.002981286,1.204472,5,0.0554404,0.003713575,-2.730016,0.05356834,11.921,1.0148183219360145,8.96903924620692,0.0554404,0.003713575,0.004225077999999999,0.002859462285,2.730016,0.05356834,0.74857978,0.504650181
2463,4,2026-09-24T03:57:47.517+00:00,normal-walking-slower,Trial 2: normal activity on board like trial 1 but walking slower. grandma moving slowly,24559,2.962,1.893,9.316,4.724,3.91,-2.253,4.963,2.207,2462898,0.000609077,1.860323,5,0.09479713,-0.006475455,-6.306667,2.924384,12.021,1.015346282892498,6.707866874051691,0.09479713,0.006475455,0.003699347,0.0028786962949999993,6.306667,2.924384,0.92793078,0.660485511
2464,4,2026-09-24T03:57:47.616+00:00,normal-walking-slower,Trial 2: normal activity on board like trial 1 but walking slower. grandma moving slowly,24560,2.981,1.952,9.248,4.727,2.46,-2.109,3.214,1.188,2462998,0.00285305,1.727412,5,0.1176801,-0.01061077,-8.905667,4.406293,12.121,1.0106111478564446,4.563910275191658,0.1176801,0.01061077,0.0036929359999999995,0.003067830855,8.905667,4.406293,1.09563064,0.825904253
2465,4,2026-09-24T03:57:47.717+00:00,normal-walking-slower,Trial 2: normal activity on board like trial 1 but walking slower. grandma moving slowly,24561,2.971,1.991,9.316,4.759,1.39,-1.721,1.955,0.541,2463099,0.002115744,0.960175,5,0.1566584,-0.01009963,-9.230958,1.50834,12.222,1.0175663121116438,2.9522814906441424,0.1566584,0.01009963,0.0031351482,0.0031928518149999994,9.230958,1.50834,1.24308394,0.91594172
2466,4,2026-09-24T03:57:47.816+00:00,normal-walking-slower,Trial 2: normal activity on board like trial 1 but walking slower. grandma moving slowly,24562,3.001,1.971,9.307,4.759,0.237,-1.885,0.661,-0.329,2463199,0.0004487998,1.010247,5,0.1402039,-0.003547364,-8.910633,-1.288199,12.322,1.0172204165269687,2.011545425785856,0.1402039,0.003547364,0.0018015913600000003,0.0032313203799999995,8.910633,1.288199,1.3525258,0.99423602
2467,4,2026-09-24T03:57:47.917+00:00,normal-walking-slower,Trial 2: normal activity on board like trial 1 but walking slower. grandma moving slowly,24563,3.001,1.952,9.307,4.753,-0.749,-2.008,-0.834,-1.197,2463299,0.0001282267,1.074117,5,0.09136628,-0.003355777,-8.299081,-2.285187,12.422,1.016839379796529,2.299700197851885,0.09136628,0.003355777,0.0012309795,0.00272802875,8.299081,2.285187,1.3264548,1.0375172899999998
2468,4,2026-09-24T03:57:48.018+00:00,normal-walking-slower,Trial 2: normal activity on board like trial 1 but walking slower. grandma moving slowly,24564,2.981,2.001,9.316,4.766,-1.524,-1.943,-2.078,-1.848,2463400,0.0009617036,0.7174621,5,0.07173212,-0.005743063,-7.779641,-1.900814,12.523,1.0180742594236598,3.22736874248977,0.07173212,0.005743063,0.00130150482,0.0025004259100000004,7.779641,1.900814,1.0978826199999998,1.0129066999999998
2469,4,2026-09-24T03:57:48.118+00:00,normal-walking-slower,Trial 2: normal activity on board like trial 1 but walking slower. grandma moving slowly,24565,2.962,1.991,9.346,4.766,-2.035,-1.964,-3.256,-2.418,2463501,0.0004487928,0.5497487,5,0.01957286,-0.002798947,-7.399774,-1.110201,12.624,1.0201507285498501,4.312778338843767,0.01957286,0.002798947,0.0008206533800000001,0.0022567946899999997,7.399774,1.110201,0.8623499600000001,0.9789903000000001
2470,4,2026-09-24T03:57:48.218+00:00,normal-walking-slower,Trial 2: normal activity on board like trial 1 but walking slower. grandma moving slowly,24566,2.991,1.893,9.277,4.72,-3.416,-2.05,-4.857,-3.441,2463601,0.005064972,1.492586,5,-0.06485833,0.009488041,-7.399576,0.4346557,12.724,1.0125132919049988,6.2818790978496235,0.06485833,0.009488041,0.00141049898,0.00227282359,7.399576,0.4346557,0.96883216,1.1059580500000001
2471,4,2026-09-24T03:57:48.319+00:00,normal-walking-slower,Trial 2: normal activity on board like trial 1 but walking slower. grandma moving slowly,24567,2.932,1.971,9.326,4.743,-4.347,-1.817,-6.25,-4.138,2463702,0.004007092,0.9538332,5,-0.06476141,0.01176599,-7.421507,0.5271811,12.825,1.0169374783092624,7.826902196910346,0.06476141,0.01176599,0.0021221574200000004,0.0019618743900000003,7.421507,0.5271811,0.9575493999999999,1.1550375999999998
2472,4,2026-09-24T03:57:48.419+00:00,normal-walking-slower,Trial 2: normal activity on board like trial 1 but walking slower. grandma moving slowly,24568,2.854,2.04,9.405,4.766,-4.187,-1.625,-6.105,-3.972,2463802,0.005674056,0.0278297,5,-0.02274542,0.01290844,-5.939093,-0.970291,12.925,1.0235885797063156,7.579090908545695,0.02274542,0.01290844,0.00323132328,0.00223115139,5.939093,0.970291,0.74829194,1.0373733699999999
2473,4,2026-09-24T03:57:48.518+00:00,normal-walking-slower,Trial 2: normal activity on board like trial 1 but walking slower. grandma moving slowly,24569,2.815,2.001,9.405,4.74,-3.612,-1.743,-5.558,-3.638,2463902,0.00102582,0.2145859,5,-0.006420385,0.00176229,-2.964016,-2.129746,13.025,1.0216632917812427,6.853900860094199,0.006420385,0.00176229,0.00324414656,0.00227282569,2.964016,2.129746,0.6477166999999999,0.8727996599999999
2474,4,2026-09-24T03:57:48.617+00:00,normal-walking-slower,Trial 2: normal activity on board like trial 1 but walking slower. grandma moving slowly,24570,2.824,1.932,9.405,4.72,-3.076,-1.342,-5.446,-3.288,2464002,0.001602834,0.153547,5,-0.003079856,-0.00988184,0.8005803,-3.412887,13.125,1.0205399384403495,6.397003673595943,0.003079856,0.00988184,0.0034749548000000004,0.00214780409,0.8005803,3.412887,0.56847636,0.71541316
2475,4,2026-09-24T03:57:48.718+00:00,normal-walking-slower,Trial 2: normal activity on board like trial 1 but walking slower. grandma moving slowly,24571,2.815,1.912,9.444,4.724,-2.762,-1.531,-5.589,-3.294,2464102,0.0006731919,0.05158866,5,-0.08499146,-0.01073902,2.372333,-1.678772,13.225,1.023630046210196,6.419464619421156,0.08499146,0.01073902,0.0025965987800000002,0.0020035488800000003,2.372333,1.678772,0.28027689199999994,0.624554526
2476,4,2026-09-24T03:57:48.818+00:00,normal-walking-slower,Trial 2: normal activity on board like trial 1 but walking slower. grandma moving slowly,24572,2.815,1.883,9.444,4.714,-2.754,-2.023,-5.801,-3.526,2464202,0.0002885102,0.09569065,5,-0.1209488,-0.01112372,1.236333,-0.02727536,13.325,1.0230709146154735,6.7326551968744095,0.1209488,0.01112372,0.0018528824200000002,0.0019875199200000008,1.236333,0.02727536,0.108648382,0.5330988910000001
2477,4,2026-09-24T03:57:48.917+00:00,normal-walking-slower,Trial 2: normal activity on board like trial 1 but walking slower. grandma moving slowly,24573,2.795,1.863,9.444,4.701,-2.643,-2.182,-6.468,-3.764,2464302,0.0002564535,0.1608302,5,-0.08499098,-0.002853057,-0.4913325,-0.1653677,13.425,1.022119554155426,7.319945150067724,0.08499098,0.002853057,0.0007693619200000001,0.0020003426,0.4913325,0.1653677,0.135248482,0.441770211
2478,4,2026-09-24T03:57:49.016+00:00,normal-walking-slower,Trial 2: normal activity on board like trial 1 but walking slower. grandma moving slowly,24574,2.785,1.824,9.424,4.678,-2.192,-1.496,-7.721,-3.803,2464402,0.0006731935,0.7480021,5,-0.107873,-0.00227602,-1.500333,1.298152,13.525,1.0191806040336626,8.164356741348335,0.107873,0.00227602,0.00069883662,0.00197149159,1.500333,1.298152,0.241931722,0.44482421099999997
2479,4,2026-09-24T03:57:49.117+00:00,normal-walking-slower,Trial 2: normal activity on board like trial 1 but walking slower. grandma moving slowly,24575,2.736,1.873,9.424,4.678,-2.011,-1.752,-8.03,-3.931,2464502,0.001602838,0.06459256,5,-0.1274858,0.002243976,-1.551,0.6783193,13.625,1.018724571747889,8.461354796957753,0.1274858,0.002243976,0.0006988374200000001,0.00208689611,1.551,0.6783193,0.22414083399999996,0.39630859700000004
2480,4,2026-09-24T03:57:49.216+00:00,normal-walking-slower,Trial 2: normal activity on board like trial 1 but walking slower. grandma moving slowly,24576,2.716,1.844,9.483,4.681,-2.155,-1.786,-7.23,-3.724,2464602,0.001570783,0.2206305,5,-0.08826065,0.00391093,-0.5619996,0.1536421,13.725,1.0233007465250694,7.752852442810969,0.08826065,0.00391093,0.00087835564,0.00173747721,0.5619996,0.1536421,0.257949202,0.269113047
2481,4,2026-09-24T03:57:49.316+00:00,normal-walking-slower,Trial 2: normal activity on board like trial 1 but walking slower. grandma moving slowly,24577,2.726,1.746,9.522,4.665,-2.368,-2.704,-7.662,-4.245,2464702,0.003750641,0.358239,5,-0.06864786,0.007885965,-0.8813334,-0.132554,13.825,1.0255530664639645,8.463172218500578,0.06864786,0.007885965,0.0015707817999999999,0.0017118321099999997,0.8813334,0.132554,0.310458872,0.20955362700000002
2482,4,2026-09-24T03:57:49.416+00:00,normal-walking-slower,Trial 2: normal activity on board like trial 1 but walking slower. grandma moving slowly,24578,2.716,1.716,9.483,4.639,-5.486,-3.778,-9.369,-6.211,2464802,0.0008334753,4.596417,5,-0.09152889,0.002468367,-5.129666,7.990476,13.925,1.0209829385448195,11.495548747232556,0.09152889,0.002468367,0.00168618616,0.0012277740400000001,5.129666,7.990476,1.1975762319999999,0.666412357
2483,4,2026-09-24T03:57:49.515+00:00,normal-walking-slower,Trial 2: normal activity on board like trial 1 but walking slower. grandma moving slowly,24579,2.765,1.648,9.473,4.629,-5.514,-4.286,-9.704,-6.501,2464902,0.002404265,0.1236909,5,-0.1405616,0.0008655453,-7.628,4.493983,14.025,1.0202201239965167,11.955819001641,0.1405616,0.0008655453,0.00203240046,0.0013656185399999999,7.628,4.493983,1.072713992,0.6573228569999999
2484,4,2026-09-24T03:57:49.615+00:00,normal-walking-slower,Trial 2: normal activity on board like trial 1 but walking slower. grandma moving slowly,24580,2.746,1.736,9.552,4.678,-3.278,-4.124,-9.43,-5.611,2465002,0.004776453,1.700338,5,-0.04249477,0.005064963,-6.030667,2.724868,14.125,1.0288270366260346,10.801738748923713,0.04249477,0.005064963,0.00266712346,0.00168298044,6.030667,2.724868,1.3998630799999998,0.812001957
2485,4,2026-09-24T03:57:49.714+00:00,normal-walking-slower,Trial 2: normal activity on board like trial 1 but walking slower. grandma moving slowly,24581,2.746,1.785,9.424,4.652,-1.636,-4.265,-7.632,-4.511,2465102,0.006219001,1.98295,5,0.01307583,0.008879696,0.06766605,0.3533438,14.225,1.0173605836424333,8.894613257472187,0.01307583,0.008879696,0.00359676706,0.0022375613500000002,0.06766605,0.3533438,1.75232698,1.005138091
2486,4,2026-09-24T03:57:49.816+00:00,normal-walking-slower,Trial 2: normal activity on board like trial 1 but walking slower. grandma moving slowly,24582,2.765,1.775,9.385,4.642,-0.877,-3.251,-5.759,-3.296,2465203,0.0006731911,1.704136,5,0.02924337,0.00345723,7.809004,-3.912795,14.326,1.0139593427107916,6.671147652390855,0.02924337,0.00345723,0.0029812770799999997,0.00227602944,7.809004,3.912795,2.02150638,1.1659826260000001
2487,4,2026-09-24T03:57:49.915+00:00,normal-walking-slower,Trial 2: normal activity on board like trial 1 but walking slower. grandma moving slowly,24583,2.795,1.765,9.405,4.655,-0.675,-2.788,-4.004,-2.489,2465303,0.0004487936,1.111732,5,0.01619393,-0.008012897,10.30947,1.969705,14.426,1.0165566986492742,4.92550352755939,0.01619393,0.008012897,0.00290434074,0.0022952634500000004,10.30947,1.969705,1.32456938,1.261072806
2488,4,2026-09-24T03:57:50.016+00:00,normal-walking-slower,Trial 2: normal activity on board like trial 1 but walking slower. grandma moving slowly,24584,2.824,1.775,9.375,4.658,-0.541,-1.706,-2.968,-1.738,2465403,0.000609077,0.7539923,5,-0.0358989,-0.01407936,9.738755,-2.755166,14.526,1.0146879642730366,3.465853574518116,0.0358989,0.01407936,0.00254530314,0.0022888518,9.738755,2.755166,1.4506296600000002,1.261671826
2489,4,2026-09-24T03:57:50.115+00:00,normal-walking-slower,Trial 2: normal activity on board like trial 1 but walking slower. grandma moving slowly,24585,2.805,1.687,9.454,4.648,-0.423,-1.367,-2.138,-1.309,2465503,0.004776453,0.2725816,5,0.009761449,-0.002974027,7.947238,-4.361578,14.626,1.0201857351854748,2.5726760386803464,0.009761449,0.002974027,0.00254530314,0.0026062133,7.947238,4.361578,1.16507838,1.28247073
2490,4,2026-09-24T03:57:50.215+00:00,normal-walking-slower,Trial 2: normal activity on board like trial 1 but walking slower. grandma moving slowly,24586,2.805,1.667,9.473,4.648,-0.264,-1.2,-1.743,-1.069,2465603,0.0002564535,0.06973166,5,0.006538391,0.003494184,5.633,-4.107958,14.726,1.021675464271954,2.1325442551093756,0.006538391,0.003494184,0.00135279364,0.0024747803499999997,5.633,4.107958,0.782434712,1.267380846
2491,4,2026-09-24T03:57:50.316+00:00,normal-walking-slower,Trial 2: normal activity on board like trial 1 but walking slower. grandma moving slowly,24587,2.795,1.677,9.463,4.645,0.047,-1.197,-1.272,-0.807,2465704,9.617005e-05,0.1061904,5,-0.02936106,-0.001065014,4.023294,-2.688137,14.827,1.0205964752553358,1.747284178375115,0.02936106,0.001065014,0.00123738943,0.002109333255,4.023294,2.688137,0.462845592,1.242175986
2492,4,2026-09-24T03:57:50.353+00:00,normal-walking-slower,Trial 2: normal activity on board like trial 1 but walking slower. grandma moving slowly,24588,2.775,1.716,9.454,4.648,0.297,-0.74,-0.621,-0.355,2465804,0.0006731935,0.2317167,5,-0.0228042,-0.004542691,3.259234,-1.20605,14.927,1.0198354975022614,1.0106680958653043,0.0228042,0.004542691,0.00128226941,0.002093305075,3.259234,1.20605,0.286842532,0.8057059560000001
2493,4,2026-09-24T03:57:50.453+00:00,normal-walking-slower,Trial 2: normal activity on board like trial 1 but walking slower. grandma moving slowly,24589,2.765,1.726,9.434,4.642,0.257,-0.432,0.304,0.043,2465904,0.0001923401,0.317363,5,-0.01303668,-0.008725379,3.408303,0.2506083,15.027,1.0178006971368208,0.5874427631693151,0.01303668,0.008725379,0.0011989220300000001,0.0018721125849999998,3.408303,0.2506083,0.19951667199999998,0.8250731659999999
2494,4,2026-09-24T03:57:50.553+00:00,normal-walking-slower,Trial 2: normal activity on board like trial 1 but walking slower. grandma moving slowly,24590,2.775,1.687,9.444,4.635,0.56,0.533,1.103,0.732,2466004,0.0005770234,0.5538117,5,-0.02934851,0.0007353883,4.442307,1.176478,15.127,1.0183679195868764,1.3469587966972116,0.02934851,0.0007353883,0.00035903611,0.0014521696249999998,4.442307,1.176478,0.255762692,0.710420536
2495,4,2026-09-24T03:57:50.652+00:00,normal-walking-slower,Trial 2: normal activity on board like trial 1 but walking slower. grandma moving slowly,24591,2.756,1.677,9.463,4.632,0.787,0.872,1.369,1.009,2466104,0.0002885102,0.07906865,5,-0.03922653,0.0002885102,4.72,0.2678516,15.227,1.0194930440583425,1.8038608593791263,0.03922653,0.0002885102,0.00036544744999999996,0.0008591205449999999,4.72,0.2678516,0.25763009000000003,0.520032401
2496,4,2026-09-24T03:57:50.751+00:00,normal-walking-slower,Trial 2: normal activity on board like trial 1 but walking slower. grandma moving slowly,24592,2.707,1.667,9.483,4.619,1.36,0.811,1.726,1.299,2466204,0.0009617083,0.1531663,5,-0.06864643,0.0006731997,4.273666,-0.395395,15.327,1.0198896876400227,2.3423059151186894,0.06864643,0.0006731997,0.0005385551000000001,0.0008879722650000001,4.273666,0.395395,0.26702527000000004,0.36493543100000003
2497,4,2026-09-24T03:57:50.851+00:00,normal-walking-slower,Trial 2: normal activity on board like trial 1 but walking slower. grandma moving slowly,24593,2.648,1.716,9.493,4.619,2.07,0.888,3.009,1.989,2466304,0.001987518,0.7187061,5,-0.06210804,0.003975041,4.459,0.4020408,15.427,1.020091445393029,3.758660000585315,0.06210804,0.003975041,0.00080142,0.001041844705,4.459,0.4020408,0.36442315000000003,0.325632841
2498,4,2026-09-24T03:57:50.953+00:00,normal-walking-slower,Trial 2: normal activity on board like trial 1 but walking slower. grandma moving slowly,24594,2.589,1.755,9.552,4.632,3.845,2.153,4.251,3.416,2466405,0.002820988,2.097805,5,-0.01948891,0.006177118,6.340194,3.726461,15.528,1.0249220869233464,6.12294332817151,0.01948891,0.006177118,0.00132714958,0.001263035805,6.340194,3.726461,0.72051155,0.460014111
2499,4,2026-09-24T03:57:51.052+00:00,normal-walking-slower,Trial 2: normal activity on board like trial 1 but walking slower. grandma moving slowly,24595,2.54,1.775,9.552,4.622,3.793,1.859,6.058,3.903,2466505,0.0009296516,1.11813,5,-0.006454305,0.003132284,7.88466,4.01412,15.628,1.0240049360592762,7.385261945252856,0.006454305,0.003132284,0.0013976752200000001,0.000878355665,7.88466,4.01412,0.83337521,0.544568951
2500,4,2026-09-24T03:57:51.152+00:00,normal-walking-slower,Trial 2: normal activity on board like trial 1 but walking slower. grandma moving slowly,24596,2.56,1.736,9.561,4.619,3.579,1.779,7.203,4.187,2466605,0.0006731904,0.454407,5,0.003313694,-0.001625132,7.670517,1.005311,15.728,1.024700726602037,8.237553702404616,0.003313694,0.001625132,0.00147461126,0.000920029355,7.670517,1.005311,0.90844288,0.5830364849999999
2501,4,2026-09-24T03:57:51.252+00:00,normal-walking-slower,Trial 2: normal activity on board like trial 1 but walking slower. grandma moving slowly,24597,2.599,1.706,9.542,4.616,3.209,1.404,7.222,3.945,2466705,0.0009296524,0.09262864,5,-0.0195094,-0.004251682,4.678905,-2.882224,15.828,1.0233552104067196,8.026592116209718,0.0195094,0.004251682,0.0014682000800000001,0.00100337759,4.678905,2.882224,0.896335348,0.581680309
2502,4,2026-09-24T03:57:51.352+00:00,normal-walking-slower,Trial 2: normal activity on board like trial 1 but walking slower. grandma moving slowly,24598,2.609,1.726,9.581,4.639,3.019,0.825,6.344,3.396,2466805,0.0006731919,0.3807418,5,0.006538391,-0.004295592,0.0009994507,-4.459627,15.928,1.0277480789300164,7.073989115060894,0.006538391,0.004295592,0.00120533486,0.00100337743,0.0009994507,4.459627,0.8287424879999999,0.596582819
2503,4,2026-09-24T03:57:51.454+00:00,normal-walking-slower,Trial 2: normal activity on board like trial 1 but walking slower. grandma moving slowly,24599,2.589,1.765,9.571,4.642,3.471,0.531,5.72,3.241,2466905,0.0006731904,0.2267053,5,0.05884075,-0.000512921,-2.116333,-1.856514,16.028,1.026941749224293,6.711795735866818,0.05884075,0.000512921,0.00077577534,0.00105146246,2.116333,1.856514,0.454522548,0.5875170489999999
2504,4,2026-09-24T03:57:51.550+00:00,normal-walking-slower,Trial 2: normal activity on board like trial 1 but walking slower. grandma moving slowly,24600,2.569,1.814,9.552,4.645,3.933,0.503,5.322,3.253,2467005,0.001057878,0.1242106,5,0.07845259,0.0005129124,-2.573,-0.526316,16.128,1.0254668042233819,6.636654428249221,0.07845259,0.0005129124,0.0008014206199999999,0.0010995479200000002,2.573,0.526316,0.25573866800000006,0.544556939
2505,4,2026-09-24T03:57:51.651+00:00,normal-walking-slower,Trial 2: normal activity on board like trial 1 but walking slower. grandma moving slowly,24601,2.55,1.844,9.571,4.655,4.297,0.377,5.216,3.297,2467105,0.0005449636,0.05320263,5,0.0849905,-0.0003846919,-1.440001,-0.3353832,16.228,1.0273704204599374,6.768529677854711,0.0849905,0.0003846919,0.00077577526,0.00112519326,1.440001,0.3353832,0.175497794,0.541970337
2506,4,2026-09-24T03:57:51.750+00:00,normal-walking-slower,Trial 2: normal activity on board like trial 1 but walking slower. grandma moving slowly,24602,2.52,1.912,9.591,4.675,5.252,0.352,5.312,3.639,2467205,0.00198752,0.3072886,5,0.08499002,0.002500429,0.5413337,-0.3204092,16.328,1.0298296994500142,7.478285364975049,0.08499002,0.002500429,0.00098734878,0.00122777443,0.5413337,0.3204092,0.21842978600000001,0.5573825670000001
2507,4,2026-09-24T03:57:51.852+00:00,normal-walking-slower,Trial 2: normal activity on board like trial 1 but walking slower. grandma moving slowly,24603,2.52,1.961,9.571,4.684,5.864,-0.243,5.926,3.849,2467306,0.0009296477,0.3685218,5,0.1141946,0.001435713,1.600188,0.466367,16.429,1.0288525359195988,8.340444892210487,0.1141946,0.001435713,0.0010386399400000002,0.0011219874,1.600188,0.466367,0.21598578599999999,0.522364137
2508,4,2026-09-24T03:57:51.951+00:00,normal-walking-slower,Trial 2: normal activity on board like trial 1 but walking slower. grandma moving slowly,24604,2.55,1.991,9.522,4.688,6.375,-0.339,6.387,4.141,2467406,0.00137844,0.1609527,5,0.1140591,0.001019168,2.322228,0.3877104,16.529,1.0254871042598062,9.030465934823075,0.1140591,0.001019168,0.0011796898599999999,0.0009777326,2.322228,0.3877104,0.202835266,0.328678907
2509,4,2026-09-24T03:57:52.051+00:00,normal-walking-slower,Trial 2: normal activity on board like trial 1 but walking slower. grandma moving slowly,24605,2.579,2.03,9.512,4.707,6.443,-0.096,6.137,4.161,2467506,0.0008334769,0.04205766,5,0.1173152,-3.447495e-05,2.225282,-0.1674957,16.629,1.0260710905867902,8.898552354175369,0.1173152,3.447495e-05,0.0011348096400000001,0.00096811513,2.225282,0.1674957,0.18640467800000002,0.22107167300000005
2510,4,2026-09-24T03:57:52.151+00:00,normal-walking-slower,Trial 2: normal activity on board like trial 1 but walking slower. grandma moving slowly,24606,2.599,2.128,9.542,4.756,7.597,0.138,5.74,4.492,2467606,0.003622408,0.514694,5,0.1858567,0.003158574,2.014436,0.0877092,16.729,1.031542365706636,9.522659975027986,0.1858567,0.003158574,0.00175029852,0.00126303689,2.014436,0.0877092,0.278702952,0.22710037300000002
2511,4,2026-09-24T03:57:52.250+00:00,normal-walking-slower,Trial 2: normal activity on board like trial 1 but walking slower. grandma moving slowly,24607,2.609,2.246,9.503,4.786,8.847,0.051,5.425,4.774,2467706,0.005161145,0.5564312,5,0.2713175,0.01070696,2.201334,0.7295602,16.829,1.0306622711679387,10.377988003461942,0.2713175,0.01070696,0.00238502352,0.00168618615,2.201334,0.7295602,0.328531472,0.273480629
2512,4,2026-09-24T03:57:52.351+00:00,normal-walking-slower,Trial 2: normal activity on board like trial 1 but walking slower. grandma moving slowly,24608,2.599,2.422,9.512,4.844,10.782,-0.556,5.818,5.348,2467807,0.01045051,1.422374,5,0.3915785,0.02244346,3.022532,3.033886,16.93,1.0353963077739576,12.264166665534189,0.3915785,0.02244346,0.0042891959799999995,0.00266391796,3.022532,3.033886,0.539301912,0.377643849
2513,4,2026-09-24T03:57:52.451+00:00,normal-walking-slower,Trial 2: normal activity on board like trial 1 but walking slower. grandma moving slowly,24609,2.628,2.481,9.473,4.861,12.286,-2.272,7.006,5.673,2467907,0.001955467,2.206006,5,0.394399,0.009053616,3.869489,5.221503,17.03,1.0338910377264394,14.324518002362243,0.394399,0.009053616,0.0044046013799999995,0.0027921456199999995,3.869489,5.221503,0.9483125720000001,0.575573919
2514,4,2026-09-24T03:57:52.551+00:00,normal-walking-slower,Trial 2: normal activity on board like trial 1 but walking slower. grandma moving slowly,24610,2.726,2.471,9.208,4.802,11.804,-3.051,6.409,5.054,2468007,0.02660706,0.3985249,5,0.1664912,0.04261081,2.020227,1.41839,17.13,1.0111358140865003,13.773826556189823,0.1664912,0.04261081,0.009559318,0.005347063819999999,2.020227,1.41839,1.01960602,0.603005349
2515,4,2026-09-24T03:57:52.650+00:00,normal-walking-slower,Trial 2: normal activity on board like trial 1 but walking slower. grandma moving slowly,24611,2.805,2.55,9.052,4.802,9.728,-2.533,4.649,3.948,2468107,0.01230987,2.558567,5,-0.009435389,0.03039354,-1.937051,2.977209,17.23,1.0007216083252481,11.075345321930147,0.009435389,0.03039354,0.0112968104,0.00652355446,1.937051,2.977209,1.42838062,0.8535417859999999
2516,4,2026-09-24T03:57:52.750+00:00,normal-walking-slower,Trial 2: normal activity on board like trial 1 but walking slower. grandma moving slowly,24612,2.834,2.707,9.061,4.867,7.051,-2.022,3.241,2.757,2468207,0.008527103,3.136637,5,-0.01307535,0.006507591,-6.907999,3.781088,17.33,1.0066883361095418,8.019299595351205,0.01307535,0.006507591,0.011970002,0.007177512759999999,6.907999,3.781088,1.94442178,1.1364766259999999
2517,4,2026-09-24T03:57:52.850+00:00,normal-walking-slower,Trial 2: normal activity on board like trial 1 but walking slower. grandma moving slowly,24613,2.873,2.805,9.101,4.926,4.815,-1.796,1.975,1.665,2468307,0.004231504,2.217843,5,0.1961327,-0.01352789,-10.31467,2.761785,17.43,1.014350395202537,5.505494164922891,0.1961327,0.01352789,0.010726200799999999,0.0075076983899999995,10.31467,2.761785,2.1035155800000003,1.321408746
2518,4,2026-09-24T03:57:52.948+00:00,normal-walking-slower,Trial 2: normal activity on board like trial 1 but walking slower. grandma moving slowly,24614,2.903,2.864,9.071,4.946,3.366,-1.627,0.746,0.828,2468407,0.00173107,1.212868,5,0.4118786,-0.05783035,-10.73467,1.287962,17.53,1.0141586352990664,3.8122960273305115,0.4118786,0.05783035,0.0106813214,0.00754296139,10.73467,1.287962,1.9048879800000003,1.426600276
2519,4,2026-09-24T03:57:53.050+00:00,normal-walking-slower,Trial 2: normal activity on board like trial 1 but walking slower. grandma moving slowly,24615,2.903,2.864,9.052,4.939,1.912,-1.762,-0.508,-0.119,2468508,0.0001282267,1.234952,5,0.3520611,-0.03108729,-10.0421,-4.56109,17.631,1.0123918453746739,2.6492361163173057,0.3520611,0.03108729,0.005385554740000001,0.00747243637,10.0421,4.56109,2.0721734,1.5458897100000002
2520,4,2026-09-24T03:57:53.150+00:00,normal-walking-slower,Trial 2: normal activity on board like trial 1 but walking slower. grandma moving slowly,24616,2.922,2.834,9.042,4.933,0.016,-1.304,-2.498,-1.262,2468608,0.0004487982,2.588226,5,0.1432437,-0.02019298,-9.791752,-2.070594,17.731,1.0111523861239688,2.8179205098795816,0.1432437,0.02019298,0.003013340379999999,0.007155075389999999,9.791752,2.070594,2.0781052,1.7532429099999998
2521,4,2026-09-24T03:57:53.250+00:00,normal-walking-slower,Trial 2: normal activity on board like trial 1 but walking slower. grandma moving slowly,24617,2.883,2.922,9.091,4.965,-1.458,-1.275,-3.833,-2.189,2468708,0.003910929,1.318581,5,0.06510351,-0.001929644,-9.767515,-0.4206537,17.831,1.017143558153037,4.294563772957622,0.06510351,0.001929644,0.00209010558,0.00703005379,9.767515,0.4206537,1.7144939999999997,1.8294578899999998
2522,4,2026-09-24T03:57:53.350+00:00,normal-walking-slower,Trial 2: normal activity on board like trial 1 but walking slower. grandma moving slowly,24618,2.854,2.962,9.12,4.979,-2.266,-1.656,-3.732,-2.551,2468808,0.001089932,0.2694087,5,0.09122768,0.002487762,-8.812217,-1.794976,17.931,1.0201910862177022,4.669573428055287,0.09122768,0.002487762,0.00146179118,0.00609399599,8.812217,1.794976,1.32480714,1.7141613599999999
2523,4,2026-09-24T03:57:53.449+00:00,normal-walking-slower,Trial 2: normal activity on board like trial 1 but walking slower. grandma moving slowly,24619,2.824,2.962,9.11,4.965,-2.504,-1.609,-3.954,-2.689,2468908,0.0003205668,0.03604564,5,0.09806585,0.001025814,-6.428667,-4.716631,18.031,1.0183923738309453,4.9490416243955755,0.09806585,0.001025814,0.0011796905399999997,0.0059305059700000004,6.428667,4.716631,1.089442668,1.497165324
2524,4,2026-09-24T03:57:53.549+00:00,normal-walking-slower,Trial 2: normal activity on board like trial 1 but walking slower. grandma moving slowly,24620,2.805,2.922,9.12,4.949,-2.683,-1.416,-3.823,-2.641,2469008,0.0006731904,0.02881702,5,0.03268909,-0.003141578,-3.257667,-6.401354,18.131,1.0175751563637374,4.880458380111442,0.03268909,0.003141578,0.0012886832799999999,0.0033371190100000003,3.257667,6.401354,0.848215672,1.460194536
2525,4,2026-09-24T03:57:53.649+00:00,normal-walking-slower,Trial 2: normal activity on board like trial 1 but walking slower. grandma moving slowly,24621,2.775,2.893,9.169,4.946,-3.132,-1.342,-3.654,-2.709,2469108,0.001378437,0.07854595,5,-0.06864643,-0.005481726,-1.130667,-2.720661,18.231,1.020433000001174,4.996208962803697,0.06864643,0.005481726,0.0014746110399999999,0.00224397571,1.130667,2.720661,0.34627966200000004,1.212192431
2526,4,2026-09-24T03:57:53.749+00:00,normal-walking-slower,Trial 2: normal activity on board like trial 1 but walking slower. grandma moving slowly,24622,2.795,2.834,9.179,4.936,-3.311,-1.391,-3.58,-2.761,2469208,0.001314333,0.01330602,5,-0.1046038,0.001506673,-0.4389999,-0.4697051,18.331,1.0202138252435082,5.070897553688105,0.1046038,0.001506673,0.00095529184,0.0015226987099999998,0.4389999,0.4697051,0.08522466599999999,0.899859333
2527,4,2026-09-24T03:57:53.848+00:00,normal-walking-slower,Trial 2: normal activity on board like trial 1 but walking slower. grandma moving slowly,24623,2.785,2.775,9.199,4.92,-3.445,-1.41,-3.682,-2.846,2469308,0.001314324,0.00957365,5,-0.1046042,0.002628657,-0.4333334,-0.06845497,18.431,1.0201161233430067,5.235766324044647,0.1046042,0.002628657,0.00100017024,0.0012309807100000002,0.4333334,0.06845497,0.033257656,0.6790323980000001
2528,4,2026-09-24T03:57:53.948+00:00,normal-walking-slower,Trial 2: normal activity on board like trial 1 but walking slower. grandma moving slowly,24624,2.775,2.716,9.159,4.884,-3.703,-1.372,-4.266,-3.114,2469408,0.001699014,0.1363546,5,-0.1569066,0.001987533,-1.082333,0.1461029,18.531,1.0144232113073097,5.813204709968504,0.1569066,0.001987533,0.0012758596800000002,0.00122777511,1.082333,0.1461029,0.05331944799999999,0.5713810579999999
2529,4,2026-09-24T03:57:54.047+00:00,normal-walking-slower,Trial 2: normal activity on board like trial 1 but walking slower. grandma moving slowly,24625,2.756,2.667,9.238,4.887,-3.809,-1.169,-4.914,-3.297,2469508,0.002981321,0.1574498,5,-0.169982,0.003590448,-1.529,0.2808562,18.631,1.0199663645692438,6.32632895129553,0.169982,0.003590448,0.0017374858,0.00151308454,1.529,0.2808562,0.07904600399999999,0.463630838
2530,4,2026-09-24T03:57:54.147+00:00,normal-walking-slower,Trial 2: normal activity on board like trial 1 but walking slower. grandma moving slowly,24626,2.736,2.658,9.307,4.9,-4.134,-1.436,-4.858,-3.476,2469608,0.001731061,0.06001663,5,-0.1046033,0.002500452,-1.882333,0.2412973,18.731,1.0256688132618463,6.538517874870421,0.1046033,0.002500452,0.0018080106000000003,0.0016413108199999998,1.882333,0.2412973,0.07534014,0.21080990100000002
2531,4,2026-09-24T03:57:54.249+00:00,normal-walking-slower,Trial 2: normal activity on board like trial 1 but walking slower. grandma moving slowly,24627,2.736,2.56,9.326,4.874,-4.168,-1.864,-5.463,-3.832,2469709,0.003333911,0.183455,5,-0.07507162,0.004066143,-2.330182,0.2710791,18.832,1.0248709631399,7.119767482158389,0.07507162,0.004066143,0.0022119262,0.00158360902,2.330182,0.2710791,0.109369936,0.097297301
2532,4,2026-09-24T03:57:54.349+00:00,normal-walking-slower,Trial 2: normal activity on board like trial 1 but walking slower. grandma moving slowly,24628,2.687,2.54,9.297,4.841,-4.316,-1.993,-6.144,-4.151,2469809,0.001218162,0.1674354,5,-0.09786973,-0.0006038174,-2.601707,0.08832586,18.932,1.0202553881413194,7.76843877494056,0.09786973,0.0006038174,0.0021926938,0.00159643202,2.601707,0.08832586,0.140942286,0.087099971
2533,4,2026-09-24T03:57:54.448+00:00,normal-walking-slower,Trial 2: normal activity on board like trial 1 but walking slower. grandma moving slowly,24629,2.667,2.54,9.316,4.841,-4.934,-2.107,-6.323,-4.455,2469909,0.0002564535,0.1423203,5,-0.1499645,-0.005935988,-2.980855,0.07736289,19.032,1.0215110928710798,8.292414244356104,0.1499645,0.005935988,0.0019041816999999998,0.0015900206900000002,2.980855,0.07736289,0.142135426,0.097727437
2534,4,2026-09-24T03:57:54.547+00:00,normal-walking-slower,Trial 2: normal activity on board like trial 1 but walking slower. grandma moving slowly,24630,2.667,2.452,9.346,4.822,-5.24,-2.21,-6.404,-4.618,2470009,0.002885102,0.03693527,5,-0.1892821,-0.000764772,-2.901673,-0.08637105,19.132,1.0221245339174645,8.56463169085513,0.1892821,0.000764772,0.0018849379,0.00181121185,2.901673,0.08637105,0.11803252,0.09853926199999999
2535,4,2026-09-24T03:57:54.647+00:00,normal-walking-slower,Trial 2: normal activity on board like trial 1 but walking slower. grandma moving slowly,24631,2.667,2.432,9.405,4.835,-4.77,-2.042,-7.375,-4.729,2470109,0.00128227,0.3973217,5,-0.09806728,-0.002436341,-2.261667,0.2972333,19.232,1.0272421820357458,9.01738814735176,0.09806728,0.002436341,0.0017951797000000003,0.0018015951499999999,2.261667,0.2972333,0.18549353400000002,0.130416837
2536,4,2026-09-24T03:57:54.746+00:00,normal-walking-slower,Trial 2: normal activity on board like trial 1 but walking slower. grandma moving slowly,24632,2.638,2.403,9.444,4.828,-4.207,-2.791,-7.631,-4.876,2470209,0.001089927,0.314502,5,-0.03268862,0.0007693479,-1.725,0.5491345,19.332,1.02947202106514,9.149901147007,0.03268862,0.0007693479,0.0013463829000000002,0.0017791545500000002,1.725,0.5491345,0.211702934,0.160536435
2537,4,2026-09-24T03:57:54.847+00:00,normal-walking-slower,Trial 2: normal activity on board like trial 1 but walking slower. grandma moving slowly,24633,2.628,2.344,9.444,4.805,-3.522,-3.3,-7.823,-4.882,2470309,0.001186097,0.2550565,5,-0.06537771,6.411337e-05,-1.112333,0.5030391,19.432,1.0277902578017775,9.192051620829814,0.06537771,6.411337e-05,0.0013399699000000002,0.00176633185,1.112333,0.5030391,0.22922715400000002,0.18508472
2538,4,2026-09-24T03:57:54.946+00:00,normal-walking-slower,Trial 2: normal activity on board like trial 1 but walking slower. grandma moving slowly,24634,2.618,2.314,9.473,4.802,-3.114,-3.77,-8.177,-5.02,2470409,0.000609077,0.1708934,5,-0.06864643,-0.004648222,-0.9573331,0.125651,19.532,1.029591503384337,9.527498360010355,0.06864643,0.004648222,0.0014104946,0.0016573381500000002,0.9573331,0.125651,0.23494177400000002,0.1885386
2539,4,2026-09-24T03:57:55.046+00:00,normal-walking-slower,Trial 2: normal activity on board like trial 1 but walking slower. grandma moving slowly,24635,2.638,2.275,9.434,4.782,-2.895,-4.262,-8.407,-5.188,2470509,0.001154047,0.1143083,5,-0.1307549,-0.0007372975,-1.061999,-0.7096355,19.632,1.0254869014642265,9.860188537751192,0.1307549,0.0007372975,0.0010642836,0.00147461075,1.061999,0.7096355,0.25041638,0.18422445
2540,4,2026-09-24T03:57:55.145+00:00,normal-walking-slower,Trial 2: normal activity on board like trial 1 but walking slower. grandma moving slowly,24636,2.648,2.265,9.444,4.786,-2.766,-5.296,-8.23,-5.431,2470609,9.617005e-05,0.3723753,5,-0.1078734,-0.002019565,-1.414999,-0.02500167,19.732,1.026481334515778,10.17011661683385,0.1078734,0.002019565,0.0008270636100000001,0.0013111216550000001,1.414999,0.02500167,0.24542710000000004,0.215460317
2541,4,2026-09-24T03:57:55.245+00:00,normal-walking-slower,Trial 2: normal activity on board like trial 1 but walking slower. grandma moving slowly,24637,2.677,2.275,9.463,4.805,-2.652,-5.757,-8.465,-5.625,2470709,0.0004487936,0.09358076,5,-0.01634455,-0.001987514,-1.896333,-0.1214697,19.832,1.0293090563392844,10.575082883835947,0.01634455,0.001987514,0.00069883693,0.001022609915,1.896333,0.1214697,0.20124285200000003,0.20647289300000002
2542,4,2026-09-24T03:57:55.346+00:00,normal-walking-slower,Trial 2: normal activity on board like trial 1 but walking slower. grandma moving slowly,24638,2.628,2.393,9.512,4.844,-9.951,-9.147,-9.673,-9.59,2470809,0.006219015,22.07559,5,0.1078725,0.01051462,-9.576666,43.78867,19.932,1.035456301339436,16.62097888212364,0.1078725,0.01051462,0.00170542053,0.0015226952150000001,9.576666,43.78867,4.565349552,2.3972883529999995
2543,4,2026-09-24T03:57:55.445+00:00,normal-walking-slower,Trial 2: normal activity on board like trial 1 but walking slower. grandma moving slowly,24639,2.736,2.256,9.581,4.858,-8.39,-11.27,-8.252,-9.304,2470909,0.01173279,2.987698,5,0.2092085,0.02728032,-12.39167,27.44999,20.032,1.041762729831388,16.294186202446564,0.2092085,0.02728032,0.00393016313,0.002670328865,12.39167,27.44999,5.128710472,2.6818261229999996
2544,4,2026-09-24T03:57:55.544+00:00,normal-walking-slower,Trial 2: normal activity on board like trial 1 but walking slower. grandma moving slowly,24640,2.893,2.197,9.395,4.828,-3.58,-9.642,-7.624,-6.949,2471009,0.02093304,8.726958,5,0.1372938,0.05295773,-6.715334,19.60328,20.132,1.0271447234884494,12.802731739749918,0.1372938,0.05295773,0.007885961729999998,0.004475122665,6.715334,19.60328,6.851240411999998,3.550828396
2545,4,2026-09-24T03:57:55.645+00:00,normal-walking-slower,Trial 2: normal activity on board like trial 1 but walking slower. grandma moving slowly,24641,2.952,2.246,9.267,4.822,-2.055,-7.284,-5.91,-5.083,2471109,0.007373037,3.607862,5,0.01634502,0.02856251,3.725,-6.32007,20.232,1.0178591942950017,9.602488271276357,0.01634502,0.02856251,0.009341335119999999,0.005084199365,3.725,6.32007,7.498337751999998,3.871882426
2546,4,2026-09-24T03:57:55.745+00:00,normal-walking-slower,Trial 2: normal activity on board like trial 1 but walking slower. grandma moving slowly,24642,3.05,2.197,9.257,4.835,-1.576,-5.498,-3.925,-3.666,2471210,0.004039158,2.453154,5,-0.05537433,-0.008744617,16.03724,-38.52547,20.333,1.0188049851185037,6.936671031553969,0.05537433,0.008744617,0.010059408,0.0053791224649999995,16.03724,38.52547,7.970252399999998,4.085747625999999
2547,4,2026-09-24T03:57:55.846+00:00,normal-walking-slower,Trial 2: normal activity on board like trial 1 but walking slower. grandma moving slowly,24643,3.128,2.138,9.336,4.867,-0.762,-4.176,-2.873,-2.604,2471310,0.005257305,1.172328,5,0.02617686,-0.02977024,16.63074,-9.884654,20.433,1.0274182267901142,5.125792524088348,0.02617686,0.02977024,0.009867065999999999,0.005786243265,16.63074,9.884654,3.7896,4.1774747759999995
2548,4,2026-09-24T03:57:55.945+00:00,normal-walking-slower,Trial 2: normal activity on board like trial 1 but walking slower. grandma moving slowly,24644,3.187,2.108,9.257,4.851,-0.169,-3.569,-2.627,-2.122,2471410,0.003494188,0.2602047,5,0.09129337,-0.03689032,12.09922,-19.31141,20.533,1.0212073855799095,4.434799995490214,0.09129337,0.03689032,0.0082193456,0.006074754365000001,12.09922,19.31141,3.2441013400000003,4.186405905999999
2549,4,2026-09-24T03:57:56.045+00:00,normal-walking-slower,Trial 2: normal activity on board like trial 1 but walking slower. grandma moving slowly,24645,3.187,2.108,9.248,4.848,0.223,-2.659,-2.127,-1.521,2471510,3.205668e-05,0.4105881,5,0.0686003,-0.01519935,8.654817,-8.573405,20.633,1.020359130022534,3.4123509491258366,0.0686003,0.01519935,0.004039148936,0.005962555333000001,8.654817,8.573405,1.5808273600000002,4.216033886
2550,4,2026-09-24T03:57:56.143+00:00,normal-walking-slower,Trial 2: normal activity on board like trial 1 but walking slower. grandma moving slowly,24646,3.177,2.128,9.179,4.828,0.482,-1.556,-0.982,-0.685,2471610,0.001731105,0.864905,5,-0.03269005,-0.009841355,7.044667,-3.938237,20.733,1.0139679517951707,1.9020473180233977,0.03269005,0.009841355,0.0029107625360000004,0.0061260488279999996,7.044667,3.938237,1.03223596,4.2652868559999995
2551,4,2026-09-24T03:57:56.243+00:00,normal-walking-slower,Trial 2: normal activity on board like trial 1 but walking slower. grandma moving slowly,24647,3.138,2.177,9.199,4.838,0.746,-0.029,0.558,0.425,2471710,0.001442565,1.591008,5,-0.08172226,-0.009392565,7.493667,1.442061,20.833,1.0156699764731,0.9320520371738908,0.08172226,0.009392565,0.002391443936,0.006225425968,7.493667,1.442061,0.85980676,4.415029580000001
2552,4,2026-09-24T03:57:56.345+00:00,normal-walking-slower,Trial 2: normal activity on board like trial 1 but walking slower. grandma moving slowly,24648,3.119,2.177,9.287,4.861,1.224,0.94,2.238,1.467,2471811,0.002724874,1.329948,5,0.009924718,-0.0001192421,9.107044,3.311023,20.934,1.0233595694242035,2.718532692464816,0.009924718,0.0001192421,0.0018849577359999997,0.005876011868,9.107044,3.311023,0.89133076,2.34046538
2553,4,2026-09-24T03:57:56.445+00:00,normal-walking-slower,Trial 2: normal activity on board like trial 1 but walking slower. grandma moving slowly,24649,3.148,2.138,9.257,4.848,1.723,2.0,3.726,2.483,2471911,0.001089938,1.195582,5,0.03268918,0.003100956,10.13059,2.026534,21.034,1.020597871060674,4.566377667254429,0.03268918,0.003100956,0.001404107736,0.0048117266680000005,10.13059,2.026534,1.07840622,2.1612537800000005
2554,4,2026-09-24T03:57:56.544+00:00,normal-walking-slower,Trial 2: normal activity on board like trial 1 but walking slower. grandma moving slowly,24650,3.128,2.089,9.228,4.815,2.097,3.39,4.177,3.221,2472011,0.001218157,0.758459,5,-0.01614891,-0.0013692,9.842409,-0.6062731,21.134,1.0161628830331855,5.77380619695535,0.01614891,0.0013692,0.0016413278000000004,0.002840238368,9.842409,0.6062731,1.1479804,1.36440388
2555,4,2026-09-24T03:57:56.644+00:00,normal-walking-slower,Trial 2: normal activity on board like trial 1 but walking slower. grandma moving slowly,24651,3.069,2.03,9.287,4.795,1.52,3.697,4.34,3.186,2472111,0.003462122,0.151249,5,-0.1302995,0.002527716,7.263536,-3.443066,21.234,1.018634893427362,5.900322787780343,0.1302995,0.002527716,0.0019875312000000003,0.002449146868,7.263536,3.443066,1.0052492000000002,1.01874258
2556,4,2026-09-24T03:57:56.743+00:00,normal-walking-slower,Trial 2: normal activity on board like trial 1 but walking slower. grandma moving slowly,24652,2.981,2.059,9.356,4.799,1.962,3.577,4.76,3.433,2472211,0.004455893,0.1287214,5,-0.1765203,0.005834221,4.634,-3.446787,21.334,1.0230786796719937,6.269128567831418,0.1765203,0.005834221,0.0025901967999999997,0.002490820368,4.634,3.446787,0.7127918799999999,0.78629932
2557,4,2026-09-24T03:57:56.843+00:00,normal-walking-slower,Trial 2: normal activity on board like trial 1 but walking slower. grandma moving slowly,24653,2.883,2.079,9.424,4.795,2.976,3.12,5.95,4.015,2472311,0.004904673,0.8843814,5,-0.1209488,0.0108672,3.276333,-1.252139,21.434,1.0270608121417626,7.348025312966743,0.1209488,0.0108672,0.0030261566,0.002455557168,3.276333,1.252139,0.62367856,0.7575046599999999
2558,4,2026-09-24T03:57:56.943+00:00,normal-walking-slower,Trial 2: normal activity on board like trial 1 but walking slower. grandma moving slowly,24654,2.864,2.079,9.414,4.786,3.439,2.952,6.702,4.364,2472411,0.0001602834,0.2693658,5,-0.0588398,-0.0006731966,3.115667,-0.2450541,21.534,1.0255533554290088,8.090601275554247,0.0588398,0.0006731966,0.0028402256800000004,0.0021221667079999998,3.115667,0.2450541,0.4384353200000001,0.75842077
2559,4,2026-09-24T03:57:57.042+00:00,normal-walking-slower,Trial 2: normal activity on board like trial 1 but walking slower. grandma moving slowly,24655,2.854,2.069,9.395,4.773,3.629,2.914,6.846,4.463,2472511,0.0001923417,0.01942668,5,-0.0588398,-0.01083517,3.486,-0.1230002,21.634,1.0232388665508634,8.278209528636008,0.0588398,0.01083517,0.00263506262,0.00213819521,3.486,0.1230002,0.290628856,0.719304628
2560,4,2026-09-24T03:57:57.142+00:00,normal-walking-slower,Trial 2: normal activity on board like trial 1 but walking slower. grandma moving slowly,24656,2.834,2.05,9.385,4.756,3.561,2.325,6.779,4.222,2472611,0.0002885102,0.118678,5,-0.1078734,-0.0130471,2.025001,-0.8850414,21.734,1.0213071618818328,8.00257377348063,0.1078734,0.0130471,0.00200034026,0.00199393573,2.025001,0.8850414,0.284114656,0.644681928
2561,4,2026-09-24T03:57:57.242+00:00,normal-walking-slower,Trial 2: normal activity on board like trial 1 but walking slower. grandma moving slowly,24657,2.795,2.099,9.365,4.753,3.16,2.023,6.379,3.854,2472711,0.001442551,0.1373349,5,-0.1144104,-0.006796017,-0.465333,-1.644781,21.834,1.019313605622126,7.400660105693276,0.1144104,0.006796017,0.00139767186,0.00199393433,0.465333,1.644781,0.285837356,0.499314618
2562,4,2026-09-24T03:57:57.342+00:00,normal-walking-slower,Trial 2: normal activity on board like trial 1 but walking slower. grandma moving slowly,24658,2.726,2.108,9.395,4.743,3.315,1.552,5.816,3.561,2472811,0.001891344,0.1876117,5,-0.1046038,0.004712331,-2.215667,-0.04559986,21.934,1.0204336623509132,6.871956417207548,0.1046038,0.004712331,0.00079500606,0.00191058133,2.215667,0.04559986,0.146483416,0.385080988
2563,4,2026-09-24T03:57:57.441+00:00,normal-walking-slower,Trial 2: normal activity on board like trial 1 but walking slower. grandma moving slowly,24659,2.667,2.226,9.434,4.776,3.623,1.899,5.219,3.58,2472911,0.006283138,0.1905607,5,-0.006537914,0.01378443,-2.426,0.4112017,22.034,1.0251486637417337,6.631009802435825,0.006537914,0.01378443,0.00201957698,0.0024299013300000004,2.426,0.4112017,0.130722396,0.284578858
2564,4,2026-09-24T03:57:57.541+00:00,normal-walking-slower,Trial 2: normal activity on board like trial 1 but walking slower. grandma moving slowly,24660,2.589,2.354,9.493,4.812,4.414,1.756,5.454,3.875,2473011,0.008623268,0.2337851,5,0.1340241,0.0215101,-0.9676669,0.2834399,22.134,1.0316851779338203,7.232775953947419,0.1340241,0.0215101,0.0037057622400000004,0.0031704124299999996,0.9676669,0.2834399,0.17359407999999998,0.232111468
2565,4,2026-09-24T03:57:57.640+00:00,normal-walking-slower,Trial 2: normal activity on board like trial 1 but walking slower. grandma moving slowly,24661,2.589,2.354,9.463,4.802,5.06,1.159,6.033,4.084,2473111,0.0002885102,0.3696553,5,0.1667128,0.004423843,0.7736669,0.5108141,22.234,1.0288153631356927,7.958892510896224,0.1667128,0.004423843,0.0037057622400000004,0.0028530512500000004,0.7736669,0.5108141,0.22378954,0.25395209799999996
2566,4,2026-09-24T03:57:57.741+00:00,normal-walking-slower,Trial 2: normal activity on board like trial 1 but walking slower. grandma moving slowly,24662,2.589,2.393,9.444,4.809,6.192,1.779,5.802,4.591,2473212,0.0006411337,0.5730616,5,0.1564821,-0.008490064,2.559935,0.9488129,22.335,1.0279351744118665,8.670000519031126,0.1564821,0.008490064,0.0035454787800000007,0.00247157532,2.559935,0.9488129,0.31093487999999997,0.298386118
2567,4,2026-09-24T03:57:57.841+00:00,normal-walking-slower,Trial 2: normal activity on board like trial 1 but walking slower. grandma moving slowly,24663,2.599,2.432,9.405,4.812,6.131,1.491,5.594,4.405,2473312,0.001057871,0.04330968,5,0.06839914,-0.0183728,2.359967,0.04502607,22.435,1.0254282158084045,8.43238270004392,0.06839914,0.0183728,0.0033787841799999994,0.00208689512,2.359967,0.04502607,0.28207447599999996,0.214278946
2568,4,2026-09-24T03:57:57.941+00:00,normal-walking-slower,Trial 2: normal activity on board like trial 1 but walking slower. grandma moving slowly,24664,2.589,2.471,9.365,4.809,5.298,0.505,5.77,3.858,2473412,0.001057877,0.5656872,5,0.003282153,-0.01431779,0.2892575,0.3365428,22.535,1.0223232874912656,7.849632411775725,0.003282153,0.01431779,0.00233373198,0.0021766544799999995,0.2892575,0.3365428,0.357099776,0.24391108599999994
2569,4,2026-09-24T03:57:58.041+00:00,normal-walking-slower,Trial 2: normal activity on board like trial 1 but walking slower. grandma moving slowly,24665,2.599,2.52,9.316,4.812,4.376,0.518,5.08,3.325,2473512,0.001634891,0.4421177,5,0.01960009,0.003103541,-2.243324,0.1372911,22.635,1.019170809566407,6.724886616144543,0.01960009,0.003103541,0.00093605658,0.0023209094099999996,2.243324,0.1372911,0.398766296,0.286180188
2570,4,2026-09-24T03:57:58.141+00:00,normal-walking-slower,Trial 2: normal activity on board like trial 1 but walking slower. grandma moving slowly,24666,2.609,2.56,9.375,4.848,3.754,0.878,4.457,3.03,2473612,0.001699004,0.3015377,5,0.07845306,0.002692761,-4.203333,-0.1442399,22.735,1.026075250588205,5.893067876751463,0.07845306,0.002692761,0.00121815534,0.00246195879,4.203333,0.1442399,0.385142776,0.304466158
2571,4,2026-09-24T03:57:58.240+00:00,normal-walking-slower,Trial 2: normal activity on board like trial 1 but walking slower. grandma moving slowly,24667,2.599,2.648,9.414,4.887,5.458,0.991,4.865,3.771,2473712,0.003141569,1.027617,5,0.1895952,0.004808524,-2.095999,1.704464,22.835,1.0318303789064143,7.378351441887274,0.1895952,0.004808524,0.0017182424000000002,0.00263186059,2.095999,1.704464,0.47605385600000005,0.393494368
2572,4,2026-09-24T03:57:58.340+00:00,normal-walking-slower,Trial 2: normal activity on board like trial 1 but walking slower. grandma moving slowly,24668,2.53,2.873,9.463,4.956,8.801,0.025,7.358,5.395,2473812,0.01933026,6.10795,5,0.3693833,0.03805145,3.520666,11.67002,22.935,1.0409269794963125,11.471634146885961,0.3693833,0.03805145,0.0053727202,0.00437575219,3.520666,11.67002,1.6889819199999998,0.9855281980000001
2573,4,2026-09-24T03:57:58.440+00:00,normal-walking-slower,Trial 2: normal activity on board like trial 1 but walking slower. grandma moving slowly,24669,2.589,2.795,9.346,4.91,10.363,-2.256,9.211,5.773,2473912,0.007821853,3.692139,5,0.3040066,0.03000518,7.261,12.30646,23.035,1.0291693293780089,14.047199934506521,0.3040066,0.03000518,0.0067255154,0.00452962369,7.261,12.30646,2.31427228,1.335686028
2574,4,2026-09-24T03:57:58.540+00:00,normal-walking-slower,Trial 2: normal activity on board like trial 1 but walking slower. grandma moving slowly,24670,2.716,2.746,9.13,4.864,9.924,-2.374,7.818,5.123,2474012,0.02173457,0.7156986,5,0.0555706,0.04475141,6.187334,3.492844,23.135,1.010878128433792,12.85467914807678,0.0555706,0.04475141,0.0107454512,0.00584075389,6.187334,3.492844,2.3689884599999997,1.383877378
2575,4,2026-09-24T03:57:58.639+00:00,normal-walking-slower,Trial 2: normal activity on board like trial 1 but walking slower. grandma moving slowly,24671,2.795,2.864,9.022,4.894,7.985,-1.92,5.951,4.005,2474112,0.01054668,2.483841,5,-0.07845402,0.01721453,0.1960006,-2.479803,23.235,1.0064294497369874,10.142042496459972,0.07845402,0.01721453,0.0125149864,0.00686657087,0.1960006,2.479803,2.8054491199999996,1.595295948
2576,4,2026-09-24T03:57:58.740+00:00,normal-walking-slower,Trial 2: normal activity on board like trial 1 but walking slower. grandma moving slowly,24672,2.873,2.981,8.963,4.939,5.568,-1.72,4.515,2.788,2474212,0.007821843,2.647996,5,-0.04903316,-0.02029201,-6.981333,-8.128207,23.335,1.0067644227473305,7.371990843727358,0.04903316,0.02029201,0.0134510412,0.007584641799999998,6.981333,8.128207,3.12952492,1.802789388
2577,4,2026-09-24T03:57:58.839+00:00,normal-walking-slower,Trial 2: normal activity on board like trial 1 but walking slower. grandma moving slowly,24673,2.952,3.06,9.042,5.018,3.283,-1.097,3.386,1.857,2474312,0.006154896,2.294665,5,0.2909307,-0.01724664,-10.16567,-0.8626516,23.435,1.0188780084532183,4.8421579899875224,0.2909307,0.01724664,0.0108159684,0.0080943443,10.16567,0.8626516,2.36686792,2.0279249200000002
2578,4,2026-09-24T03:57:58.939+00:00,normal-walking-slower,Trial 2: normal activity on board like trial 1 but walking slower. grandma moving slowly,24674,2.952,3.05,9.14,5.047,2.549,-1.277,2.207,1.16,2474412,0.003237725,0.6537322,5,0.4903336,-0.04138547,-10.074,-0.3131091,23.535,1.0276210259913285,3.605409685458783,0.4903336,0.04138547,0.0098991428,0.008312329099999998,10.074,0.3131091,1.7591865600000003,2.0367294200000003
2579,4,2026-09-24T03:57:59.037+00:00,normal-walking-slower,Trial 2: normal activity on board like trial 1 but walking slower. grandma moving slowly,24675,2.962,3.079,9.052,5.031,2.016,-1.097,-0.217,0.234,2474512,0.002917158,2.064088,5,0.3824596,-0.01984316,-9.170667,-2.833769,23.635,1.0206966525525396,2.305375023721737,0.3824596,0.01984316,0.0061356603999999995,0.0084405558,9.170667,2.833769,2.02886444,2.1989264499999996
2580,4,2026-09-24T03:57:59.137+00:00,normal-walking-slower,Trial 2: normal activity on board like trial 1 but walking slower. grandma moving slowly,24676,2.913,3.148,9.052,5.037,0.409,-1.54,-0.722,-0.618,2474612,0.002372205,1.011241,5,0.209208,-0.01413701,-8.434,-3.504086,23.735,1.0214186204251543,1.7493327299287578,0.209208,0.01413701,0.0045007654,0.0085078759,8.434,3.504086,1.7343444400000003,2.26989678
2581,4,2026-09-24T03:57:59.239+00:00,normal-walking-slower,Trial 2: normal activity on board like trial 1 but walking slower. grandma moving slowly,24677,2.893,3.079,9.071,5.014,-1.303,-1.837,-2.064,-1.735,2474713,0.001827242,1.606706,5,-0.01642955,-0.009497507,-8.944627,-1.013541,23.836,1.0203927283292957,3.0549098186362227,0.01642955,0.009497507,0.0033018452000000004,0.008376443200000002,8.944627,1.013541,1.52608644,2.32780568
2582,4,2026-09-24T03:57:59.339+00:00,normal-walking-slower,Trial 2: normal activity on board like trial 1 but walking slower. grandma moving slowly,24678,2.844,3.109,9.061,5.005,-2.149,-1.78,-3.385,-2.438,2474813,0.001121992,0.8213354,5,-0.1010748,-0.005305897,-9.137207,-0.1217922,23.936,1.0189814364637448,4.3868925220479245,0.1010748,0.005305897,0.0022952644,0.0065556164,9.137207,0.1217922,1.23142052,1.7991442199999998
2583,4,2026-09-24T03:57:59.439+00:00,normal-walking-slower,Trial 2: normal activity on board like trial 1 but walking slower. grandma moving slowly,24679,2.824,3.177,9.052,5.018,-3.536,-1.912,-4.026,-3.158,2474913,0.001731072,0.7840248,5,-0.05874812,-0.003613676,-8.579772,-2.739169,24.036,1.0197519483064508,5.6892632211912995,0.05874812,0.003613676,0.0019939338,0.0059465383,8.579772,2.739169,1.25747904,1.5083328
2584,4,2026-09-24T03:57:59.537+00:00,normal-walking-slower,Trial 2: normal activity on board like trial 1 but walking slower. grandma moving slowly,24680,2.854,3.119,9.14,5.037,-4.069,-1.924,-3.982,-3.325,2475013,0.004039151,0.09538958,5,0.003106376,0.003223264,-6.827008,-2.645257,24.136,1.0268956269225364,6.009564127289099,0.003106376,0.003223264,0.0022183324000000005,0.0041769964,6.827008,2.645257,0.863739356,1.446301898
2585,4,2026-09-24T03:57:59.637+00:00,normal-walking-slower,Trial 2: normal activity on board like trial 1 but walking slower. grandma moving slowly,24681,2.893,3.011,9.169,5.024,-4.591,-1.985,-4.299,-3.625,2475113,0.004680282,0.1255647,5,0.05230236,0.00862324,-4.667667,-3.688228,24.236,1.0273666452490133,6.595370118499795,0.05230236,0.00862324,0.0026799478,0.0035903566000000005,4.667667,3.688228,0.686604096,1.210474268
2586,4,2026-09-24T03:57:59.737+00:00,normal-walking-slower,Trial 2: normal activity on board like trial 1 but walking slower. grandma moving slowly,24682,2.903,2.913,9.189,5.001,-5.315,-2.136,-4.834,-4.095,2475213,0.003365967,0.2777341,5,-9.536743e-07,0.007437161,-3.781,-1.745663,24.336,1.026579762586696,7.495283650403098,9.536743e-07,0.007437161,0.0029876928000000004,0.003144769,3.781,1.745663,0.42080971599999994,0.973448078
2587,4,2026-09-24T03:57:59.837+00:00,normal-walking-slower,Trial 2: normal activity on board like trial 1 but walking slower. grandma moving slowly,24683,2.873,2.824,9.189,4.962,-5.263,-2.039,-5.41,-4.237,2475313,0.002885116,0.1146296,5,-0.1471014,0.001634903,-2.928666,-1.156446,24.436,1.0231104304155807,7.818234455425342,0.1471014,0.001634903,0.0033403176,0.0028177910000000005,2.928666,1.156446,0.279468556,0.7554445379999999
2588,4,2026-09-24T03:57:59.937+00:00,normal-walking-slower,Trial 2: normal activity on board like trial 1 but walking slower. grandma moving slowly,24684,2.854,2.746,9.159,4.92,-5.347,-1.616,-5.422,-4.128,2475413,0.002468368,0.062043,5,-0.2974691,-0.004936734,-2.219,-0.0776283,24.536,1.017537367213637,7.78459690671264,0.2974691,0.004936734,0.0034877767999999996,0.0027408553,2.219,0.0776283,0.13507219599999998,0.6962756179999999
2589,4,2026-09-24T03:58:00.037+00:00,normal-walking-slower,Trial 2: normal activity on board like trial 1 but walking slower. grandma moving slowly,24685,2.785,2.736,9.218,4.913,-5.69,-1.772,-5.554,-4.339,2475513,0.002756912,0.05313631,5,-0.3040051,-0.004744339,-1.460667,-0.3605479,24.636,1.0208038995195694,8.14634887541652,0.3040051,0.004744339,0.0032313290000000002,0.0027248307,1.460667,0.3605479,0.12662154199999998,0.49518044899999997
2590,4,2026-09-24T03:58:00.137+00:00,normal-walking-slower,Trial 2: normal activity on board like trial 1 but walking slower. grandma moving slowly,24686,2.795,2.677,9.218,4.897,-5.527,-2.274,-5.145,-4.315,2475613,0.001186107,0.148618,5,-0.2582402,-0.004487925,-0.5419993,-0.3197255,24.736,1.0194606298679383,7.88605287834161,0.2582402,0.004487925,0.002532494,0.0026062209,0.5419993,0.3197255,0.13123220200000002,0.40891814900000006
2591,4,2026-09-24T03:58:00.236+00:00,normal-walking-slower,Trial 2: normal activity on board like trial 1 but walking slower. grandma moving slowly,24687,2.795,2.569,9.238,4.867,-4.88,-1.915,-5.696,-4.164,2475713,0.004007103,0.283697,5,-0.2124763,0.000961713,-0.03966618,0.4247098,24.836,1.0184531750535166,7.741191187407788,0.2124763,0.000961713,0.0026607212,0.002824207,0.03966618,0.4247098,0.13242478200000002,0.27661724899999995
2592,4,2026-09-24T03:58:00.336+00:00,normal-walking-slower,Trial 2: normal activity on board like trial 1 but walking slower. grandma moving slowly,24688,2.795,2.511,9.228,4.844,-4.325,-1.611,-5.619,-3.852,2475813,0.001186097,0.1354568,5,-0.1961331,-0.001314351,0.7283335,0.3773882,24.936,1.0160034483113856,7.271458381920369,0.1961331,0.001314351,0.0023209173999999997,0.0028306175,0.7283335,0.3773882,0.136590222,0.208029389
2593,4,2026-09-24T03:58:00.435+00:00,normal-walking-slower,Trial 2: normal activity on board like trial 1 but walking slower. grandma moving slowly,24689,2.785,2.461,9.238,4.828,-4.258,-2.135,-5.789,-4.061,2475913,0.0008655305,0.102655,5,-0.2222843,-0.003782773,1.019666,0.08587624,25.036,1.0153905283828566,7.496753297261422,0.2222843,0.003782773,0.0020003499,0.00274406335,1.019666,0.08587624,0.14471262199999999,0.139892409
2594,4,2026-09-24T03:58:00.536+00:00,normal-walking-slower,Trial 2: normal activity on board like trial 1 but walking slower. grandma moving slowly,24690,2.756,2.432,9.287,4.825,-3.736,-2.003,-5.986,-3.908,2476013,0.001378442,0.1095723,5,-0.1830578,-0.002756901,0.9169989,-0.2591334,25.136,1.0184843093876474,7.334977914077179,0.1830578,0.002756901,0.0017246559000000002,0.00247799245,0.9169989,0.2591334,0.15599981999999998,0.141310681
2595,4,2026-09-24T03:58:00.635+00:00,normal-walking-slower,Trial 2: normal activity on board like trial 1 but walking slower. grandma moving slowly,24691,2.697,2.442,9.316,4.818,-3.187,-2.027,-5.872,-3.695,2476113,0.001474618,0.104991,5,-0.1176796,-0.004872624,0.8799996,-0.3832965,25.236,1.0198438173793745,6.98183944243922,0.1176796,0.004872624,0.0017823581000000002,0.0021574260500000003,0.8799996,0.3832965,0.14727441999999996,0.139253311
2596,4,2026-09-24T03:58:00.735+00:00,normal-walking-slower,Trial 2: normal activity on board like trial 1 but walking slower. grandma moving slowly,24692,2.687,2.461,9.336,4.828,-2.985,-2.027,-4.999,-3.337,2476213,0.0002885102,0.2676444,5,-0.04249477,-0.001186086,1.394667,0.2667113,25.336,1.0219438277944144,6.165140306594814,0.04249477,0.001186086,0.0010386395399999998,0.0018496803700000005,1.394667,0.2667113,0.1440639,0.138244341
2597,4,2026-09-24T03:58:00.833+00:00,normal-walking-slower,Trial 2: normal activity on board like trial 1 but walking slower. grandma moving slowly,24693,2.677,2.403,9.385,4.822,-2.553,-1.87,-4.431,-2.951,2476313,0.001987524,0.1779656,5,-0.009806633,0.001154055,2.79,0.3086933,25.436,1.0248983109781051,5.445040863023895,0.009806633,0.001154055,0.00119892494,0.00175992117,2.79,0.3086933,0.15256566,0.14457794100000002
2598,4,2026-09-24T03:58:00.935+00:00,normal-walking-slower,Trial 2: normal activity on board like trial 1 but walking slower. grandma moving slowly,24694,2.667,2.363,9.405,4.812,-3.612,-2.54,-4.863,-3.672,2476414,0.0006731904,0.5856682,5,-0.0228818,-0.0008988681,1.210892,1.024426,25.537,1.025566282729279,6.568630983698202,0.0228818,0.0008988681,0.00116045692,0.0015804034099999999,1.210892,1.024426,0.2491683,0.196940461
2599,4,2026-09-24T03:58:01.035+00:00,normal-walking-slower,Trial 2: normal activity on board like trial 1 but walking slower. grandma moving slowly,24695,2.648,2.373,9.405,4.809,-4.091,-3.2,-4.539,-3.943,2476514,0.0001602834,0.2566724,5,-0.0358924,-0.002240521,-0.8314231,0.6205077,25.637,1.0252943948821616,6.897738904887601,0.0358924,0.002240521,0.0009168252,0.0013207405500000001,0.8314231,0.6205077,0.27858832,0.21729406999999998
2600,4,2026-09-24T03:58:01.135+00:00,normal-walking-slower,Trial 2: normal activity on board like trial 1 but walking slower. grandma moving slowly,24696,2.687,2.324,9.365,4.792,-3.978,-3.537,-3.771,-3.762,2476614,0.001827231,0.2387207,5,-0.08473002,0.001239735,-1.838724,0.02237543,25.737,1.0213676826923024,6.5234418829326595,0.08473002,0.001239735,0.0009873478,0.0013848529500000001,1.838724,0.02237543,0.30533426,0.22630434
2601,4,2026-09-24T03:58:01.235+00:00,normal-walking-slower,Trial 2: normal activity on board like trial 1 but walking slower. grandma moving slowly,24697,2.697,2.246,9.405,4.782,-3.193,-2.932,-3.755,-3.293,2476714,0.002596604,0.3275019,5,-0.09785718,0.002357367,-0.7769495,-0.04629586,25.837,1.0236465277139213,5.735145856907216,0.09785718,0.002357367,0.00144896656,0.0012438030500000002,0.7769495,0.04629586,0.31730576,0.23068483
2602,4,2026-09-24T03:58:01.333+00:00,normal-walking-slower,Trial 2: normal activity on board like trial 1 but walking slower. grandma moving slowly,24698,2.697,2.256,9.424,4.792,-2.709,-3.179,-3.498,-3.129,2476814,0.0001602834,0.120438,5,-0.06537771,0.001410507,1.736,-0.8596309,25.937,1.0256901636288676,5.4480020190892,0.06537771,0.001410507,0.00108351844,0.00114122169,1.736,0.8596309,0.30580024000000006,0.22918295
2603,4,2026-09-24T03:58:01.434+00:00,normal-walking-slower,Trial 2: normal activity on board like trial 1 but walking slower. grandma moving slowly,24699,2.707,2.216,9.473,4.799,-2.749,-3.819,-3.708,-3.425,2476914,0.001346381,0.1517667,5,-0.01961327,0.000705247,1.669333,-0.328094,26.037,1.0297429068532344,5.990911950613196,0.01961327,0.000705247,0.00121815656,0.00118930674,1.669333,0.328094,0.21901994,0.23409412000000002
2604,4,2026-09-24T03:58:01.533+00:00,normal-walking-slower,Trial 2: normal activity on board like trial 1 but walking slower. grandma moving slowly,24700,2.736,2.177,9.473,4.795,-1.361,-4.194,-4.041,-3.199,2477014,0.0008014218,0.7260194,5,0.02288198,-0.003301842,0.9946666,0.7988621,26.137,1.0296748449500228,5.98093955829684,0.02288198,0.003301842,0.00134638424,0.0011316047200000002,0.9946666,0.7988621,0.31288934,0.29573883
2605,4,2026-09-24T03:58:01.635+00:00,normal-walking-slower,Trial 2: normal activity on board like trial 1 but walking slower. grandma moving slowly,24701,2.775,2.167,9.473,4.805,-1.93,-6.068,-4.518,-4.172,2477115,0.0005449636,1.354389,5,0.04894113,-0.003453749,-1.827293,2.65689,26.238,1.0305403753484716,7.807550704286204,0.04894113,0.003453749,0.0010899307600000002,0.0010386392800000002,1.827293,2.65689,0.5360229999999999,0.42067863
2606,4,2026-09-24T03:58:01.733+00:00,normal-walking-slower,Trial 2: normal activity on board like trial 1 but walking slower. grandma moving slowly,24702,2.854,2.138,9.395,4.795,-1.885,-7.928,-4.893,-4.902,2477215,0.00439177,1.20075,5,0.01305522,0.007636037,-4.283017,3.354418,26.338,1.0247127412419994,9.505149025659724,0.01305522,0.007636037,0.00144896396,0.00144896526,4.283017,3.354418,0.7106726200000001,0.51398919
2607,4,2026-09-24T03:58:01.833+00:00,normal-walking-slower,Trial 2: normal activity on board like trial 1 but walking slower. grandma moving slowly,24703,2.942,2.187,9.257,4.795,-0.188,-6.856,-4.929,-3.991,2477315,0.00968114,1.34343,5,-0.006479823,0.02018411,-2.830168,2.851243,26.438,1.0152727136480486,8.44601213591361,0.006479823,0.02018411,0.00335313528,0.00221832686,2.830168,2.851243,0.95527102,0.63053563
2608,4,2026-09-24T03:58:01.933+00:00,normal-walking-slower,Trial 2: normal activity on board like trial 1 but walking slower. grandma moving slowly,24704,2.981,2.265,9.208,4.818,0.139,-5.299,-3.889,-3.016,2477415,0.003365952,1.204259,5,0.03587986,0.01423773,0.5369411,0.9461264,26.538,1.0135991980385517,6.574423396770245,0.03587986,0.01423773,0.00375704948,0.0024876030199999996,0.5369411,0.9461264,1.1657694799999998,0.69239471
2609,4,2026-09-24T03:58:02.033+00:00,normal-walking-slower,Trial 2: normal activity on board like trial 1 but walking slower. grandma moving slowly,24705,3.03,2.236,9.218,4.828,-0.123,-4.324,-2.584,-2.344,2477515,0.001121992,0.9074311,5,0.06864738,0.0001282376,5.542333,-0.8904061,26.638,1.015384025578967,5.038765821111356,0.06864738,0.0001282376,0.0038211635199999995,0.00258377388,5.542333,0.8904061,1.20205182,0.75747058
2610,4,2026-09-24T03:58:02.133+00:00,normal-walking-slower,Trial 2: normal activity on board like trial 1 but walking slower. grandma moving slowly,24706,3.05,2.236,9.218,4.835,0.117,-3.243,-2.095,-1.74,2477615,0.0001282267,0.4884273,5,0.1111431,-0.01708624,7.970667,-1.860644,26.738,1.0160064674624079,3.8626109045566577,0.1111431,0.01708624,0.00373781614,0.0024138734500000003,7.970667,1.860644,1.02885948,0.78244124
2611,4,2026-09-24T03:58:02.231+00:00,normal-walking-slower,Trial 2: normal activity on board like trial 1 but walking slower. grandma moving slowly,24707,3.099,2.246,9.189,4.844,0.0,-2.449,-1.081,-1.177,2477715,0.001122003,0.5574405,5,0.1144109,-0.020356,6.904667,-2.287811,26.838,1.0150456072439773,2.6769688081858556,0.1144109,0.020356,0.00308386274,0.0022664133500000004,6.904667,2.287811,0.90019758,0.8054350999999998
2612,4,2026-09-24T03:58:02.333+00:00,normal-walking-slower,Trial 2: normal activity on board like trial 1 but walking slower. grandma moving slowly,24708,3.109,2.246,9.169,4.841,0.525,-1.539,-0.338,-0.451,2477816,0.0001602834,0.5519246,5,0.06193729,-0.006395885,6.286088,-1.649947,26.939,1.0134817701397447,1.6608401488403393,0.06193729,0.006395885,0.0011796914200000001,0.00226641335,6.286088,1.649947,0.7418965000000001,0.84858376
2613,4,2026-09-24T03:58:02.432+00:00,normal-walking-slower,Trial 2: normal activity on board like trial 1 but walking slower. grandma moving slowly,24709,3.079,2.226,9.218,4.841,1.041,0.14,0.901,0.694,2477916,0.001218185,1.540139,5,0.03255825,0.0002218915,7.343355,1.325683,27.039,1.0166874457005957,1.3838648777969618,0.03255825,0.0002218915,0.00075013802,0.00225359375,7.343355,1.325683,0.8090724999999999,0.98742099
2614,4,2026-09-24T03:58:02.532+00:00,normal-walking-slower,Trial 2: normal activity on board like trial 1 but walking slower. grandma moving slowly,24710,3.06,2.216,9.248,4.841,1.34,0.84,1.883,1.354,2478016,0.0004487936,0.514575,5,0.009768473,0.0007327188,8.035583,1.032936,27.139,1.0186947615106574,2.4590422932515823,0.009768473,0.0007327188,0.0006154983400000001,0.00221833093,8.035583,1.032936,0.73050128,0.9662765500000001
2615,4,2026-09-24T03:58:02.632+00:00,normal-walking-slower,Trial 2: normal activity on board like trial 1 but walking slower. grandma moving slowly,24711,3.06,2.246,9.199,4.835,1.617,1.365,2.339,1.774,2478116,0.001089958,0.1867633,5,-0.01957309,0.0002203968,7.690997,-0.7744724,27.239,1.0147570877370513,3.1541773887972755,0.01957309,0.0002203968,0.0008078445999999999,0.0022728303700000002,7.690997,0.7744724,0.6701684799999998,0.84951398
2616,4,2026-09-24T03:58:02.731+00:00,normal-walking-slower,Trial 2: normal activity on board like trial 1 but walking slower. grandma moving slowly,24712,3.02,2.256,9.179,4.818,1.755,2.196,3.574,2.508,2478216,0.0006731904,0.7449433,5,-0.05230141,0.0008975871,6.997667,-0.9673386,27.339,1.0118543684296806,4.547077852863309,0.05230141,0.0008975871,0.00071808208,0.0019009724099999996,6.997667,0.9673386,0.7076690400000001,0.8039333099999999
2617,4,2026-09-24T03:58:02.832+00:00,normal-walking-slower,Trial 2: normal activity on board like trial 1 but walking slower. grandma moving slowly,24713,2.962,2.285,9.228,4.825,2.086,2.644,3.993,2.908,2478316,0.002244008,0.161942,5,-0.05557251,0.002276043,5.581333,-2.526026,27.439,1.0153765140205895,5.22361761617368,0.05557251,0.002276043,0.0011348270000000001,0.0011572592100000001,5.581333,2.526026,0.62967252,0.68578451
2618,4,2026-09-24T03:58:02.932+00:00,normal-walking-slower,Trial 2: normal activity on board like trial 1 but walking slower. grandma moving slowly,24714,2.893,2.295,9.307,4.831,1.967,2.193,4.552,2.904,2478416,0.003654462,0.176681,5,-0.02942085,0.007565387,4.233333,-0.7006093,27.539,1.0210242970046424,5.422088343064875,0.02942085,0.007565387,0.0016220824,0.00118611021,4.233333,0.7006093,0.35698092,0.5830267100000001
2619,4,2026-09-24T03:58:03.032+00:00,normal-walking-slower,Trial 2: normal activity on board like trial 1 but walking slower. grandma moving slowly,24715,2.834,2.285,9.336,4.818,2.665,2.152,5.216,3.344,2478516,0.001474617,0.309927,5,-0.01961279,0.003750588,3.537,-0.321935,27.639,1.0218232019138431,6.2401911028429256,0.01961279,0.003750588,0.0018272470799999998,0.00122137271,3.537,0.321935,0.31605132,0.5232763
2620,4,2026-09-24T03:58:03.131+00:00,normal-walking-slower,Trial 2: normal activity on board like trial 1 but walking slower. grandma moving slowly,24716,2.795,2.344,9.385,4.841,4.011,2.104,5.557,3.891,2478616,0.002468374,0.6434339,5,0.03922653,0.002820976,3.201334,-0.05503391,27.739,1.0267513687097547,7.169043590326398,0.03922653,0.002820976,0.00210293028,0.00145538744,3.201334,0.05503391,0.40738544,0.53877696
2621,4,2026-09-24T03:58:03.231+00:00,normal-walking-slower,Trial 2: normal activity on board like trial 1 but walking slower. grandma moving slowly,24717,2.815,2.393,9.326,4.844,4.39,2.138,5.987,4.172,2478717,0.002083684,0.1098989,5,0.04896114,-0.001503722,3.507888,0.3595208,27.84,1.022897608423386,7.725756467815951,0.04896114,0.001503722,0.002385029,0.00155155554,3.507888,0.3595208,0.28037656,0.49402280000000004
2622,4,2026-09-24T03:58:03.331+00:00,normal-walking-slower,Trial 2: normal activity on board like trial 1 but walking slower. grandma moving slowly,24718,2.795,2.412,9.356,4.854,5.2,2.233,5.61,4.348,2478817,0.0005449636,0.2690846,5,0.07171236,-0.005590934,3.702963,-0.01736279,27.94,1.0256363509310682,7.968587641483277,0.07171236,0.005590934,0.0020452201200000003,0.00159002356,3.702963,0.01736279,0.30180508,0.4657388
2623,4,2026-09-24T03:58:03.432+00:00,normal-walking-slower,Trial 2: normal activity on board like trial 1 but walking slower. grandma moving slowly,24719,2.736,2.461,9.375,4.858,4.915,1.604,4.89,3.803,2478917,0.002083692,0.3317555,5,0.09124788,-0.0007058247,1.371964,-0.3315761,28.04,1.0269956909568396,7.116329180132127,0.09124788,0.0007058247,0.00173106612,0.0016765742600000002,1.371964,0.3315761,0.33281998,0.34490045
2624,4,2026-09-24T03:58:03.531+00:00,normal-walking-slower,Trial 2: normal activity on board like trial 1 but walking slower. grandma moving slowly,24720,2.697,2.511,9.336,4.848,4.876,1.308,4.822,3.669,2479017,0.001827237,0.03125366,5,0.0261254,-0.001283788,-0.8085692,-1.002151,28.14,1.0234813248263557,6.981255188001654,0.0261254,0.001283788,0.00180159012,0.0018144185999999997,0.8085692,1.002151,0.277085312,0.296568316
2625,4,2026-09-24T03:58:03.631+00:00,normal-walking-slower,Trial 2: normal activity on board like trial 1 but walking slower. grandma moving slowly,24721,2.687,2.54,9.316,4.848,4.969,1.436,4.264,3.556,2479117,0.0004487936,0.1121324,5,9.536743e-07,-0.001987508,-1.909666,-0.233364,28.24,1.0220559443354618,6.7033389441382125,9.536743e-07,0.001987508,0.00139767404,0.0017503021599999998,1.909666,0.233364,0.170825012,0.28910522600000005
2626,4,2026-09-24T03:58:03.731+00:00,normal-walking-slower,Trial 2: normal activity on board like trial 1 but walking slower. grandma moving slowly,24722,2.677,2.609,9.297,4.861,4.374,0.814,3.95,3.046,2479217,0.001731072,0.2798349,5,0.003270149,0.0007373178,-2.849999,-0.1981225,28.34,1.0217913602891628,5.949535444049392,0.003270149,0.0007373178,0.00132715164,0.00185609032,2.849999,0.1981225,0.204812212,0.24259438600000002
2627,4,2026-09-24T03:58:03.829+00:00,normal-walking-slower,Trial 2: normal activity on board like trial 1 but walking slower. grandma moving slowly,24723,2.667,2.658,9.277,4.867,3.42,0.208,3.68,2.436,2479317,0.0009617005,0.450084,5,0.03268909,-0.002340149,-3.356667,0.4852383,28.44,1.0209421029329693,5.028127285580586,0.03268909,0.002340149,0.0014104990199999999,0.0017278595699999997,3.356667,0.4852383,0.24101209199999998,0.271408586
2628,4,2026-09-24T03:58:03.930+00:00,normal-walking-slower,Trial 2: normal activity on board like trial 1 but walking slower. grandma moving slowly,24724,2.658,2.677,9.257,4.864,2.862,-0.281,3.022,1.868,2479417,0.0002885102,0.3278164,5,0.05230141,-0.002564547,-4.722333,0.931077,28.54,1.0193252910180537,4.171629058293654,0.05230141,0.002564547,0.00105146266,0.0013912643899999999,4.722333,0.931077,0.24022427200000002,0.28652212600000004
2629,4,2026-09-24T03:58:04.030+00:00,normal-walking-slower,Trial 2: normal activity on board like trial 1 but walking slower. grandma moving slowly,24725,2.638,2.736,9.228,4.867,2.409,-0.35,2.616,1.558,2479518,0.001570787,0.1249354,5,0.04238374,0.000803909,-5.162985,0.07195887,28.641,1.0176784358013928,3.5734069177746886,0.04238374,0.000803909,0.00100017266,0.0014008813900000003,5.162985,0.07195887,0.25896062000000003,0.26802296600000003
2630,4,2026-09-24T03:58:04.131+00:00,normal-walking-slower,Trial 2: normal activity on board like trial 1 but walking slower. grandma moving slowly,24726,2.638,2.746,9.257,4.88,2.034,-0.192,2.399,1.414,2479618,0.0003205668,0.07089267,5,0.03910909,-0.002199279,-4.129077,-0.7416303,28.741,1.020692679471618,3.151066644804581,0.03910909,0.002199279,0.0009745273000000001,0.00118610067,4.129077,0.7416303,0.250712674,0.210768843
2631,4,2026-09-24T03:58:04.230+00:00,normal-walking-slower,Trial 2: normal activity on board like trial 1 but walking slower. grandma moving slowly,24727,2.638,2.736,9.257,4.877,1.823,-0.424,2.096,1.165,2479718,3.205668e-05,0.06338466,5,0.03585388,-0.00181612,-2.987315,-1.027774,28.841,1.0204134044443822,2.8100393235682666,0.03585388,0.00181612,0.0006347242359999998,0.0009809379379999998,2.987315,1.027774,0.207422626,0.206117419
2632,4,2026-09-24T03:58:04.330+00:00,normal-walking-slower,Trial 2: normal activity on board like trial 1 but walking slower. grandma moving slowly,24728,2.638,2.765,9.277,4.894,1.367,-0.685,1.939,0.874,2479818,0.0004167369,0.1002353,5,0.06849707,-0.001274795,-2.376728,-0.5165461,28.941,1.0231113044618076,2.4693389803751127,0.06849707,0.001274795,0.0005257315159999999,0.0009681152680000001,2.376728,0.5165461,0.137452886,0.18923248900000003
2633,4,2026-09-24T03:58:04.430+00:00,normal-walking-slower,Trial 2: normal activity on board like trial 1 but walking slower. grandma moving slowly,24729,2.638,2.756,9.257,4.884,1.147,-1.406,1.996,0.579,2479918,0.0001602834,0.1904967,5,0.04576445,-0.002724837,-2.498667,0.1604652,29.041,1.0209728965679927,2.6974916125912234,0.04576445,0.002724837,0.000500086156,0.000775774408,2.498667,0.1604652,0.109988946,0.175106609
2634,4,2026-09-24T03:58:04.529+00:00,normal-walking-slower,Trial 2: normal activity on board like trial 1 but walking slower. grandma moving slowly,24730,2.618,2.805,9.189,4.871,1.402,-1.124,1.689,0.656,2480018,0.002500465,0.07959935,5,-0.01307631,0.004488023,-2.102,0.1445254,29.141,1.015422683367942,2.466110500362869,0.01307631,0.004488023,0.000686021756,0.0008430972079999999,2.102,0.1445254,0.10092173599999998,0.17994117800000003
2635,4,2026-09-24T03:58:04.630+00:00,normal-walking-slower,Trial 2: normal activity on board like trial 1 but walking slower. grandma moving slowly,24731,2.599,2.864,9.307,4.923,2.224,0.067,2.561,1.617,2480119,0.005898514,0.9515164,5,0.06870449,0.01380229,0.6902922,1.755337,29.242,1.0277279854358654,3.3925485995045084,0.06870449,0.01380229,0.0018016111959999997,0.001388069248,0.6902922,1.755337,0.277046482,0.263879578
2636,4,2026-09-24T03:58:04.729+00:00,normal-walking-slower,Trial 2: normal activity on board like trial 1 but walking slower. grandma moving slowly,24732,2.628,2.785,9.287,4.9,1.598,-0.264,1.99,1.108,2480219,0.002468377,0.275826,5,0.05233423,0.009820362,1.505865,1.111402,29.342,1.0243503780306498,2.565813711086602,0.05233423,0.009820362,0.00228887526,0.0014617997479999998,1.505865,1.111402,0.31953475000000003,0.263478688
2637,4,2026-09-24T03:58:04.829+00:00,normal-walking-slower,Trial 2: normal activity on board like trial 1 but walking slower. grandma moving slowly,24733,2.599,2.854,9.287,4.913,1.408,-0.32,1.527,0.872,2480319,0.001859288,0.08453503,5,0.08814864,0.003370597,1.038404,-0.01199759,29.442,1.0255551449826463,2.1015691756399546,0.08814864,0.003370597,0.0025773854800000004,0.001551558498,1.038404,0.01199759,0.31639469600000003,0.226923791
2638,4,2026-09-24T03:58:04.929+00:00,normal-walking-slower,Trial 2: normal activity on board like trial 1 but walking slower. grandma moving slowly,24734,2.579,2.903,9.277,4.92,1.651,-0.187,1.792,1.085,2480419,0.0009617114,0.04898769,5,0.08825344,-0.007085961,0.1173158,-0.9224227,29.542,1.0255191150392515,2.443774539518734,0.08825344,0.007085961,0.00273767108,0.0016188786179999997,0.1173158,0.9224227,0.288092894,0.19904092
2639,4,2026-09-24T03:58:05.028+00:00,normal-walking-slower,Trial 2: normal activity on board like trial 1 but walking slower. grandma moving slowly,24735,2.569,2.893,9.307,4.923,2.025,-0.087,2.061,1.333,2480519,0.0003526235,0.07407903,5,0.01961327,-0.01259845,-0.5913334,-1.981713,29.642,1.0277882495642081,2.890659959248061,0.01961327,0.01259845,0.00230810278,0.0014970622679999998,0.5913334,1.981713,0.28698883,0.193955283
2640,4,2026-09-24T03:58:05.128+00:00,normal-walking-slower,Trial 2: normal activity on board like trial 1 but walking slower. grandma moving slowly,24736,2.579,2.873,9.248,4.9,2.236,-0.117,2.088,1.402,2480619,0.001314324,0.01538333,5,0.009806633,-0.00381477,1.05,-0.5313414,29.742,1.0219106976705379,3.0615566302128077,0.009806633,0.00381477,0.00139126478,0.0015964379879999998,1.05,0.5313414,0.09976221599999999,0.18840434899999997
2641,4,2026-09-24T03:58:05.227+00:00,normal-walking-slower,Trial 2: normal activity on board like trial 1 but walking slower. grandma moving slowly,24737,2.55,2.903,9.277,4.91,3.532,0.874,2.108,2.171,2480719,0.0008655305,0.8873657,5,-0.0261507,-0.001634902,2.916333,1.572057,29.842,1.0247647607752308,4.2050640898802,0.0261507,0.001634902,0.00107069548,0.0016797853699999997,2.916333,1.572057,0.22207015600000002,0.270802453
2642,5,2026-09-24T05:50:35.502+00:00,walking-quickly,Trial 3: walking quicky. grandma rushing rushing for bus,894,-2.187,4.442,8.581,3.612,5.115,-1.039,-3.329,0.249,89701,0.001570777,0.7773209,5,-0.1138247,0.00111814,1.191741,2.350323,0.0,1.0102289666253077,6.190717809753567,0.1138247,0.00111814,,,1.191741,2.350323,,
2643,5,2026-09-24T05:50:35.603+00:00,walking-quickly,Trial 3: walking quicky. grandma rushing rushing for bus,895,-2.167,4.531,8.493,3.619,5.953,-0.481,-1.236,1.412,89802,0.005321409,1.798086,5,-0.1396004,0.005798525,4.951685,-5.058103,0.101,1.0061499051651128,6.098956140193172,0.1396004,0.005798525,,,4.951685,5.058103,,
2644,5,2026-09-24T05:50:35.704+00:00,walking-quickly,Trial 3: walking quicky. grandma rushing rushing for bus,896,-2.128,4.697,8.473,3.681,5.549,-0.29,-1.417,1.281,89903,0.009905574,0.07748609,5,0.05536239,0.01618673,7.857572,-13.43665,0.202,1.0114326659058843,5.734404066683826,0.05536239,0.01618673,,,7.857572,13.43665,,
2645,5,2026-09-24T05:50:35.803+00:00,walking-quickly,Trial 3: walking quicky. grandma rushing rushing for bus,897,-2.197,4.766,8.502,3.691,3.951,-0.742,0.144,1.118,90003,0.003430076,1.731543,5,0.1918617,0.01041902,3.841225,-2.503676,0.302,1.0188264742198017,4.022648505648983,0.1918617,0.01041902,,,3.841225,2.503676,,
2646,5,2026-09-24T05:50:35.904+00:00,walking-quickly,Trial 3: walking quicky. grandma rushing rushing for bus,898,-2.157,4.707,8.738,3.762,5.028,-2.849,1.298,1.159,90104,0.02013175,2.310365,5,0.3701068,0.03501669,1.517703,2.974108,0.403,1.0357081530363441,5.923038831545847,0.3701068,0.03501669,,,1.517703,2.974108,,
2647,5,2026-09-24T05:50:36.005+00:00,walking-quickly,Trial 3: walking quicky. grandma rushing rushing for bus,899,-2.246,4.639,8.816,3.736,16.983,-6.756,3.248,4.492,90205,0.006219011,53.99639,5,0.3148681,0.01194597,6.002774,105.9856,0.504,1.0413429289501046,18.563817737739186,0.3148681,0.01194597,0.009001564,,6.002774,105.9856,11.982774017999999,
2648,5,2026-09-24T05:50:36.105+00:00,walking-quickly,Trial 3: walking quicky. grandma rushing rushing for bus,900,-1.677,5.178,7.59,3.697,22.537,-9.179,3.626,5.661,90305,0.7056985,12.28691,5,0.07813437,1.384689,12.06759,76.40849,0.604,0.952395907664596,24.603216984776605,0.07813437,1.384689,0.1490769822,,12.06759,76.40849,14.080538817999999,
2649,5,2026-09-24T05:50:36.205+00:00,walking-quickly,Trial 3: walking quicky. grandma rushing rushing for bus,901,-1.618,5.58,7.051,3.671,-8.997,6.398,1.547,-0.351,90405,0.1520133,413.7861,5,-0.1036559,0.9779771,1.588264,828.6199,0.704,0.9316374490286288,11.1478079459596,0.1036559,0.9779771,0.1774985274,,1.588264,828.6199,96.8222616,
2650,5,2026-09-24T05:50:36.306+00:00,walking-quickly,Trial 3: walking quicky. grandma rushing rushing for bus,902,-3.001,3.991,10.15,3.713,-17.58,10.941,2.927,-1.237,90506,4.679683,32.07038,5,-0.162631,9.435816,-9.582114,416.2689,0.805,1.1534815164812044,20.91241760294586,0.162631,9.435816,1.1127491122,,9.582114,416.2689,102.890029,
2651,5,2026-09-24T05:50:36.406+00:00,walking-quickly,Trial 3: walking quicky. grandma rushing rushing for bus,903,-2.697,4.227,9.571,3.7,19.4,-5.584,8.232,7.349,90606,0.160861,556.2463,5,-0.05517471,4.283106,-1.178783,1019.762,0.905,1.1017908823087337,21.80153389099033,0.05517471,4.283106,1.1408949622,,1.178783,1019.762,213.677216,
2652,5,2026-09-24T05:50:36.505+00:00,walking-quickly,Trial 3: walking quicky. grandma rushing rushing for bus,904,-1.442,5.031,6.835,3.475,27.097,-6.988,8.606,9.572,90706,3.2361,20.45164,5,-0.4133169,5.066353,15.4586,157.7201,1.005,0.8778302696761195,29.277001024695135,0.4133169,5.066353,1.7868711599999998,0.8979363619999999,15.4586,157.7201,206.968266,109.47552000900001
2653,5,2026-09-24T05:50:36.605+00:00,walking-quickly,Trial 3: walking quicky. grandma rushing rushing for bus,905,-1.481,5.57,5.609,3.233,-12.454,12.924,-1.315,-0.282,90806,0.5983723,686.3985,5,-1.111359,-0.5325955,10.93677,530.7589,1.105,0.8200898739741815,17.996141725381026,1.111359,0.5325955,1.7654059199999999,0.9572414510999998,10.93677,530.7589,341.79058399999997,177.935561409
2654,5,2026-09-24T05:50:36.705+00:00,walking-quickly,Trial 3: walking quicky. grandma rushing rushing for bus,906,-3.207,4.756,8.277,3.275,-30.988,30.08,3.213,0.768,90906,3.585521,219.4468,5,-1.343511,-1.750813,-3.619668,504.905,1.205,1.026895814251113,43.30572609944325,1.343511,1.750813,2.4521074599999997,1.3148029936999999,3.619668,504.905,302.92272399999996,199.87249279999997
2655,5,2026-09-24T05:50:36.805+00:00,walking-quickly,Trial 3: walking quicky. grandma rushing rushing for bus,907,-3.295,4.433,9.12,3.419,-2.031,10.887,9.164,6.007,91006,0.2745982,414.0978,5,-0.7616501,0.5768947,-11.48867,-85.30186,1.305,1.0872437580431902,14.374652204488289,0.7616501,0.5768947,1.5710905,1.3419198061,11.48867,85.30186,379.328208,241.10911849999997
2656,5,2026-09-24T05:50:36.904+00:00,walking-quickly,Trial 3: walking quicky. grandma rushing rushing for bus,908,-2.422,4.54,7.845,3.321,28.244,-13.429,8.92,7.912,91106,0.7995604,502.6343,5,-0.120949,-5.196854,2.968334,692.0647,1.405,0.956696582612995,32.521192736429576,0.120949,5.196854,1.69883038,1.4198626711000002,2.968334,692.0647,368.60580799999997,291.14151200000003
2657,5,2026-09-24T05:50:37.004+00:00,walking-quickly,Trial 3: walking quicky. grandma rushing rushing for bus,909,-1.422,5.384,5.649,3.204,25.225,-9.704,2.7,6.074,91206,2.179093,20.55946,5,-0.01307559,0.3754803,19.854,-1048.491,1.505,0.8088653632138544,27.161705414056755,0.01307559,0.3754803,1.48742898,1.63715007,19.854,1048.491,368.627372,287.797819
2658,5,2026-09-24T05:50:37.104+00:00,walking-quickly,Trial 3: walking quicky. grandma rushing rushing for bus,910,-1.902,5.57,5.59,3.086,-11.706,4.359,-4.047,-3.798,91306,0.08969493,535.7296,5,-0.5949371,-5.087157,-9.065666,239.0273,1.605,0.8277345223898158,13.130480798508483,0.5949371,5.087157,1.385693506,1.575549713,9.065666,239.0273,338.493592,340.14208799999994
2659,5,2026-09-24T05:50:37.204+00:00,walking-quickly,Trial 3: walking quicky. grandma rushing rushing for bus,911,-2.893,5.492,6.796,3.132,-24.407,29.939,4.017,3.183,91406,0.8140501,293.5599,5,-0.8106828,0.3690384,-17.357,-207.9805,1.705,0.9385662625830699,38.835314586082596,0.8106828,0.3690384,0.831399326,1.6417533929999997,17.357,207.9805,353.31621199999995,328.119468
2660,5,2026-09-24T05:50:37.304+00:00,walking-quickly,Trial 3: walking quicky. grandma rushing rushing for bus,912,-3.589,4.737,8.826,3.324,-14.875,26.776,8.035,6.645,91506,1.725265,39.00264,5,-0.06537747,0.4863669,-5.423335,-654.2629,1.805,1.0850200555863947,31.66671795434443,0.06537747,0.4863669,1.121532686,1.346311593,5.423335,654.2629,278.29717999999997,328.8126940000001
2661,5,2026-09-24T05:50:37.403+00:00,walking-quickly,Trial 3: walking quicky. grandma rushing rushing for bus,913,-4.04,4.325,9.248,3.177,17.386,0.639,9.841,9.289,91606,0.1836533,575.7255,5,0.1863272,-2.355309,16.87333,613.6051,1.905,1.119612780868427,19.988161446216107,0.1863272,2.355309,0.9983512659999999,1.3485908229999999,16.87333,613.6051,292.91542,330.760614
2662,5,2026-09-24T05:50:37.503+00:00,walking-quickly,Trial 3: walking quicky. grandma rushing rushing for bus,914,-3.177,4.952,7.012,2.929,52.869,-22.515,12.963,14.439,91706,2.045993,601.6326,5,-0.2680476,3.2822,42.57967,413.9716,2.005,0.9333817213297261,58.907518662730986,0.2680476,3.2822,0.9717312660000001,1.2295801229999999,42.57967,413.9716,409.130048,388.87871
2663,5,2026-09-24T05:50:37.603+00:00,walking-quickly,Trial 3: walking quicky. grandma rushing rushing for bus,915,-2.177,5.855,4.344,2.674,46.914,-17.148,5.207,11.658,91806,2.976537,41.47407,5,-1.310822,4.645701,24.743,58.45824,2.105,0.7758605811621611,50.22041565937104,1.310822,4.645701,1.54909968,1.4673965930000001,24.743,58.45824,310.27894200000003,324.386267
2664,5,2026-09-24T05:50:37.702+00:00,walking-quickly,Trial 3: walking quicky. grandma rushing rushing for bus,916,-2.295,6.061,3.57,2.445,5.995,6.879,-1.624,3.75,91906,0.2188197,766.108,5,-2.262067,-0.2200072,-3.421666,919.9593,2.205,0.7545048740584862,9.268119658269416,2.262067,0.2200072,1.4300536,1.130726463,3.421666,919.9593,404.788562,379.052387
2665,5,2026-09-24T05:50:37.802+00:00,walking-quickly,Trial 3: walking quicky. grandma rushing rushing for bus,917,-3.315,6.07,5.001,2.586,-30.311,35.049,-0.273,1.488,92006,1.030081,704.4999,5,-1.667131,-0.1343181,-26.28967,422.0243,2.305,0.870315248820894,46.338576272906785,1.667131,0.1343181,1.2910168,1.2062747429999998,26.28967,422.0243,537.8880139999999,408.092597
2666,5,2026-09-24T05:50:37.902+00:00,walking-quickly,Trial 3: walking quicky. grandma rushing rushing for bus,918,-4.903,5.227,8.63,2.984,-30.45,21.596,6.445,-0.803,92106,5.466964,75.37801,5,0.02288151,4.895487,-40.65333,-389.4834,2.405,1.1438918045563893,37.88307987743341,0.02288151,4.895487,2.34767894,1.6730151030000002,40.65333,389.4834,437.818516,365.36696799999993
2667,5,2026-09-24T05:50:38.002+00:00,walking-quickly,Trial 3: walking quicky. grandma rushing rushing for bus,919,-5.001,4.884,8.855,2.913,14.717,-6.063,17.923,8.859,92206,0.05943334,978.9409,5,1.016623,-0.5860621,-10.15033,1184.204,2.505,1.1504029679922838,23.97048157630547,1.016623,0.5860621,1.9503670080000002,1.461049137,10.15033,1184.204,513.280176,461.205112
2668,5,2026-09-24T05:50:38.102+00:00,walking-quickly,Trial 3: walking quicky. grandma rushing rushing for bus,920,-3.844,5.247,6.178,2.527,49.502,-33.264,29.069,15.102,92306,2.879406,691.3746,5,0.4903319,4.350524,30.07533,124.9742,2.605,0.9147657492727146,66.34718125888996,0.4903319,4.350524,1.9309408080000001,1.740020244,30.07533,124.9742,643.260282,476.76961199999994
2669,5,2026-09-24T05:50:38.201+00:00,walking-quickly,Trial 3: walking quicky. grandma rushing rushing for bus,921,-2.256,5.796,3.305,2.282,39.664,-19.768,22.204,14.033,92406,3.693872,108.6855,5,-1.065656,2.740023,40.99533,-575.6323,2.705,0.718202981501559,49.56838040525432,1.065656,2.740023,2.625951268,2.028002434,40.99533,575.6323,511.77578200000005,458.282172
2670,5,2026-09-24T05:50:38.301+00:00,walking-quickly,Trial 3: walking quicky. grandma rushing rushing for bus,922,-2.167,6.09,2.52,2.148,2.465,19.124,8.41,10.0,92506,0.2366112,1028.876,5,-2.304562,-6.826268,26.77967,1036.74,2.805,0.7074684160136262,21.036437459798176,2.304562,6.826268,2.467257308,1.8791370539999999,26.77967,1036.74,576.651002,557.269508
2671,5,2026-09-24T05:50:38.401+00:00,walking-quickly,Trial 3: walking quicky. grandma rushing rushing for bus,923,-3.423,6.423,4.442,2.481,-30.981,50.55,-1.042,6.176,92606,1.79377,731.8562,5,-1.242176,0.8258789,-10.46933,-156.6681,2.905,0.8694731063868042,59.29764434612896,1.242176,0.8258789,1.7326185079999998,2.040148724,10.46933,156.6681,707.9466400000001,572.882578
2672,5,2026-09-24T05:50:38.500+00:00,walking-quickly,Trial 3: walking quicky. grandma rushing rushing for bus,924,-4.884,6.051,8.081,3.083,-35.275,18.435,-1.429,-6.09,92706,5.170311,349.9871,5,1.310822,2.681708,-50.24167,-59.60421,3.005,1.143586241938436,39.827338487526376,1.310822,2.681708,2.7547940399999997,2.3525805239999995,50.24167,59.60421,582.15588,547.718028
2673,5,2026-09-24T05:50:38.600+00:00,walking-quickly,Trial 3: walking quicky. grandma rushing rushing for bus,925,-4.825,5.688,7.424,2.762,9.033,-20.246,12.788,0.525,92806,0.1889426,1220.514,5,1.895952,-2.07616,-43.106,1544.768,3.105,1.0731259374508113,25.59352552893016,1.895952,2.07616,2.21670136,2.0738210839999995,43.106,1544.768,687.9837599999998,665.622021
2674,5,2026-09-24T05:50:38.700+00:00,walking-quickly,Trial 3: walking quicky. grandma rushing rushing for bus,926,-2.952,6.227,4.335,2.537,28.229,-44.147,18.481,0.854,92906,4.447271,324.0515,5,1.059119,6.816492,-23.94133,-920.9912,3.205,0.8301896536695875,55.56420980271383,1.059119,6.816492,2.36738116,2.496666214,23.94133,920.9912,731.05696,621.416371
2675,5,2026-09-24T05:50:38.800+00:00,walking-quickly,Trial 3: walking quicky. grandma rushing rushing for bus,927,-1.432,6.355,2.206,2.376,3.111,-13.65,9.538,-0.334,93006,2.285105,546.9861,5,-0.7551112,0.2596292,-6.074664,-395.676,3.305,0.7013326491775387,16.94031478456053,0.7551112,0.2596292,2.77707992,2.6221686140000005,6.074664,395.676,634.6789799999999,605.664991
2676,5,2026-09-24T05:50:38.899+00:00,walking-quickly,Trial 3: walking quicky. grandma rushing rushing for bus,928,-1.785,6.306,3.413,2.645,-34.784,30.625,-4.029,-2.729,93106,0.5273341,1193.457,5,-1.261789,-7.189791,5.862003,1013.411,3.405,0.7534897622837702,46.5193521236055,1.261789,7.189791,2.5237927399999998,2.1282056240000005,5.862003,1013.411,726.9991400000001,717.4728900000001
2677,5,2026-09-24T05:50:39.000+00:00,walking-quickly,Trial 3: walking quicky. grandma rushing rushing for bus,929,-5.345,5.913,7.453,2.674,-44.918,35.533,-6.434,-5.273,93206,9.716831,44.19014,5,-0.06864691,15.13584,-15.17967,-1483.242,3.505,1.112751986265713,57.63347264394191,0.06864691,15.13584,3.43309674,3.0939453900000005,15.17967,1483.242,665.8397480000001,623.9978140000001
2678,5,2026-09-24T05:50:39.099+00:00,walking-quickly,Trial 3: walking quicky. grandma rushing rushing for bus,930,-5.217,4.982,8.345,2.703,-2.048,-8.227,19.342,3.022,93306,0.5601923,1472.392,5,0.6308942,-0.3424304,-0.6033348,1793.886,3.605,1.12481880451328,21.118494193478853,0.6308942,0.3424304,3.5073466800000004,2.8620240200000002,0.6033348,1793.886,716.2153480000001,702.099554
2679,5,2026-09-24T05:50:39.199+00:00,walking-quickly,Trial 3: walking quicky. grandma rushing rushing for bus,931,-2.805,4.756,5.482,2.478,30.891,-31.387,28.034,9.179,93406,4.690197,565.6381,5,0.2615106,4.843044,24.77767,316.2395,3.705,0.7934144764552477,52.204432819445515,0.2615106,4.843044,3.5559318800000006,2.96165652,24.77767,316.2395,764.5326680000001,747.794814
2680,5,2026-09-24T05:50:39.299+00:00,walking-quickly,Trial 3: walking quicky. grandma rushing rushing for bus,932,-0.951,5.178,3.677,2.635,17.638,-20.46,8.145,1.774,93506,2.289689,230.2046,5,-0.2157457,-1.501924,23.45967,-1405.056,3.805,0.6548167349262883,28.214387624047415,0.2157457,1.501924,3.5568486800000003,3.1669643,23.45967,1405.056,701.176368,667.927674
2681,5,2026-09-24T05:50:39.399+00:00,walking-quickly,Trial 3: walking quicky. grandma rushing rushing for bus,933,-0.824,5.796,3.844,2.939,-11.079,10.922,-15.066,-5.074,93606,0.1419154,782.7488,5,0.4609132,-17.42033,-0.8506677,234.9297,3.905,0.7141576364148511,21.656839127628945,0.4609132,17.42033,3.47976494,3.00177884,0.8506677,234.9297,619.034728,673.016934
2682,5,2026-09-24T05:50:39.499+00:00,walking-quickly,Trial 3: walking quicky. grandma rushing rushing for bus,934,-2.05,6.423,6.09,3.488,-29.204,32.341,-33.717,-10.193,93706,2.313282,378.383,5,2.029977,-1.042102,-40.685,-1970.908,4.005,0.9264587810890205,55.09673298844497,2.029977,1.042102,1.99905514,2.7160759400000005,40.685,1970.908,685.8733,675.856524
2683,5,2026-09-24T05:50:39.598+00:00,walking-quickly,Trial 3: walking quicky. grandma rushing rushing for bus,935,-4.148,6.325,8.277,3.485,-10.528,11.358,-22.995,-7.388,93806,3.065431,301.3468,5,2.866811,-3.22594,-45.103,-380.404,4.105,1.1433572664820089,27.72387009419861,2.866811,3.22594,2.50010288,3.0037247799999998,45.103,380.404,451.66426,583.9398039999999
2684,5,2026-09-24T05:50:39.698+00:00,walking-quickly,Trial 3: walking quicky. grandma rushing rushing for bus,936,-2.962,5.933,6.845,3.272,22.799,-18.519,-1.653,0.876,93906,1.203957,819.6017,5,1.820768,0.752052,-4.111334,697.3922,4.205,0.9718273107644386,29.41904435905422,1.820768,0.752052,1.8028548800000004,2.67939338,4.111334,697.3922,502.45698000000004,633.494824
2685,5,2026-09-24T05:50:39.798+00:00,walking-quickly,Trial 3: walking quicky. grandma rushing rushing for bus,937,-1.344,5.806,4.678,3.047,7.596,-29.919,-14.049,-12.124,94006,2.44385,171.584,5,-4.768372e-07,3.494544,-3.030333,-781.111,4.305,0.7725631145679906,33.91489610775773,4.768372e-07,3.494544,1.83368708,2.6952678800000003,3.030333,781.111,490.73285999999996,595.954614
2686,5,2026-09-24T05:50:39.898+00:00,walking-quickly,Trial 3: walking quicky. grandma rushing rushing for bus,938,-1.461,5.08,4.688,2.769,-37.458,-22.736,-31.134,-30.443,94106,0.1801913,791.1186,5,-1.876339,-4.887763,-45.23433,695.7084,4.405,0.7204586592469941,53.752706127226745,1.876339,4.887763,1.84134226,2.6605536000000005,45.23433,695.7084,492.40682,555.7207739999999
2687,5,2026-09-24T05:50:39.998+00:00,walking-quickly,Trial 3: walking quicky. grandma rushing rushing for bus,939,-2.128,5.05,6.894,3.272,-66.943,-11.644,-39.293,-39.293,94206,1.771394,352.989,5,-0.9283628,-3.611839,-95.12833,74.80122,4.505,0.8980343752819703,78.49132330391684,0.9283628,3.611839,1.7329646599999997,1.8660098999999999,95.12833,74.80122,487.32802000000004,586.6006599999998
2688,5,2026-09-24T05:50:40.098+00:00,walking-quickly,Trial 3: walking quicky. grandma rushing rushing for bus,940,-3.766,5.05,9.973,3.753,-33.477,-6.143,-14.104,-17.908,94307,4.054704,594.9066,5,1.187149,5.030116,-64.45961,-266.4286,4.606,1.202858839755151,36.84248626246605,1.187149,5.030116,1.9308192599999998,2.21546107,64.45961,266.4286,546.0399799999999,498.85212
2689,5,2026-09-24T05:50:40.198+00:00,walking-quickly,Trial 3: walking quicky. grandma rushing rushing for bus,941,-3.069,3.658,9.307,3.298,11.449,-19.149,15.514,2.605,94407,0.956222,1021.576,5,1.484374,0.9062919,41.97527,1499.195,4.706,1.0666639758886083,27.174399680581725,1.484374,0.9062919,1.88127226,1.8420635699999999,41.97527,1499.195,586.4348400000001,544.44591
2690,5,2026-09-24T05:50:40.298+00:00,walking-quickly,Trial 3: walking quicky. grandma rushing rushing for bus,942,-1.657,2.648,7.031,2.674,25.054,-17.039,9.01,5.675,94507,2.730246,77.28338,5,-0.1598293,4.278469,113.8289,-754.6362,4.806,0.7845357115863395,31.61029163104953,0.1598293,4.278469,1.93855146,1.88611927,113.8289,754.6362,567.574716,529.153788
2691,5,2026-09-24T05:50:40.398+00:00,walking-quickly,Trial 3: walking quicky. grandma rushing rushing for bus,943,-1.608,2.834,6.266,2.497,-6.969,-12.621,-20.56,-13.383,94607,0.2074075,639.7921,5,-2.619416,-4.432938,75.36924,57.59527,4.906,0.7201822981453616,25.1111569227704,2.619416,4.432938,1.9439947,1.89266848,75.36924,57.59527,537.309416,514.8581179999999
2692,5,2026-09-24T05:50:40.499+00:00,walking-quickly,Trial 3: walking quicky. grandma rushing rushing for bus,944,-2.059,4.531,8.679,3.717,-47.121,-13.875,-39.78,-33.592,94708,2.96721,661.0546,5,-0.8640396,-2.904321,-47.38878,-247.873,5.007,1.0201978284783475,63.20880212438771,0.8640396,2.904321,2.1831579000000003,1.9580612800000001,47.38878,247.873,598.922536,543.1252780000001
2693,5,2026-09-24T05:50:40.599+00:00,walking-quickly,Trial 3: walking quicky. grandma rushing rushing for bus,945,-3.511,4.864,11.248,4.201,-9.825,-8.638,-8.922,-9.128,94809,2.939735,790.2113,5,2.841546,4.191602,-62.33916,123.0825,5.108,1.2999006999419513,15.835016671920494,2.841546,4.191602,1.9601641,1.94549168,62.33916,123.0825,637.983476,592.0117280000001
2694,5,2026-09-24T05:50:40.699+00:00,walking-quickly,Trial 3: walking quicky. grandma rushing rushing for bus,946,-2.716,3.079,10.101,3.488,28.226,-11.623,22.866,13.156,94909,1.710999,822.4219,5,3.316235,0.7025072,19.10501,1630.026,5.208,1.1118512470566948,38.13994180645796,3.316235,0.7025072,2.1111195,1.9961958800000001,19.10501,1630.026,598.152656,592.293748
2695,5,2026-09-24T05:50:40.799+00:00,walking-quickly,Trial 3: walking quicky. grandma rushing rushing for bus,947,-1.216,1.648,7.786,2.739,48.697,-0.842,16.677,21.511,95009,3.219175,191.1985,5,0.26505,4.752098,115.8491,-729.282,5.308,0.8209593056873308,51.480375892178564,0.26505,4.752098,2.2089053,2.07372838,115.8491,729.282,620.93568,594.2551980000001
2696,5,2026-09-24T05:50:40.898+00:00,walking-quickly,Trial 3: walking quicky. grandma rushing rushing for bus,948,-1.451,2.52,6.159,2.409,15.487,9.448,-23.839,0.365,95109,1.155744,950.1115,5,-4.064068,-3.335809,98.4795,-20.59709,5.408,0.6945239292140755,29.956798794263715,4.064068,3.335809,2.3985726000000005,2.17128365,98.4795,20.59709,682.99956,610.154488
2697,5,2026-09-24T05:50:40.998+00:00,walking-quickly,Trial 3: walking quicky. grandma rushing rushing for bus,949,-3.942,5.08,9.228,3.455,-18.589,12.301,-33.751,-13.346,95209,7.39249,422.5204,5,-2.569342,8.350254,-21.227,-607.6922,5.508,1.1469053741096078,40.44744148892485,2.569342,8.350254,3.2836286,2.7333932499999998,21.227,607.6922,635.29272,617.107628
2698,5,2026-09-24T05:50:41.098+00:00,walking-quickly,Trial 3: walking quicky. grandma rushing rushing for bus,950,-4.442,4.374,10.64,3.524,8.283,6.828,5.084,6.732,95309,0.9142912,753.4051,5,0.7878006,2.579899,-47.70633,93.28833,5.608,1.2574917738675595,11.877572521353006,0.7878006,2.579899,2.8785398399999997,2.41935197,47.70633,93.28833,627.93148,632.957478
2699,5,2026-09-24T05:50:41.197+00:00,walking-quickly,Trial 3: walking quicky. grandma rushing rushing for bus,951,-2.942,2.883,8.748,2.896,35.139,5.418,25.67,22.076,95409,2.685141,382.3387,5,1.428502,-1.309521,7.496334,185.5742,5.708,0.9859899504908389,43.85262757235877,1.428502,1.309521,3.0733682399999998,2.59224387,7.496334,185.5742,539.91484,569.0337480000001
2700,5,2026-09-24T05:50:41.297+00:00,walking-quickly,Trial 3: walking quicky. grandma rushing rushing for bus,952,-1.677,2.805,6.168,2.432,19.861,8.736,3.117,10.571,95509,2.752846,251.0214,5,-0.5132151,-1.513145,55.834,-1438.362,5.808,0.7117924344451629,21.92014384076893,0.5132151,1.513145,2.9801024399999996,2.5945038699999996,55.834,1438.362,551.87942,586.40755
2701,5,2026-09-24T05:50:41.397+00:00,walking-quickly,Trial 3: walking quicky. grandma rushing rushing for bus,953,-2.991,4.286,6.257,2.517,-35.154,10.017,-27.429,-17.522,95609,1.309135,1320.45,5,-2.968147,-10.32815,-4.511668,1293.475,5.908,0.8313403391038615,45.700044266936985,2.968147,10.32815,3.0107806399999997,2.7046766200000003,4.511668,1293.475,625.94712,654.4733399999999
2702,5,2026-09-24T05:50:41.497+00:00,walking-quickly,Trial 3: walking quicky. grandma rushing rushing for bus,954,-6.404,5.335,9.591,2.841,-42.168,-9.899,-16.196,-22.754,95709,7.95499,190.6745,5,-1.745584,12.70539,-98.56967,-187.3501,6.008,1.2957247950039243,46.243278873799596,1.745584,12.70539,3.12328064,3.20345462,98.56967,187.3501,579.57794,607.43533
2703,5,2026-09-24T05:50:41.597+00:00,walking-quickly,Trial 3: walking quicky. grandma rushing rushing for bus,955,-5.58,3.462,9.257,2.38,17.199,-18.729,26.983,8.484,95809,1.432714,1822.278,5,-0.6243567,2.697291,-60.50833,2819.533,6.108,1.1573392372187192,37.07645251369122,0.6243567,2.697291,3.2269652,3.0527525199999994,60.50833,2819.533,793.35252,710.642
2704,5,2026-09-24T05:50:41.697+00:00,walking-quickly,Trial 3: walking quicky. grandma rushing rushing for bus,956,-3.079,3.069,6.266,2.086,46.464,-7.834,41.412,26.681,95909,5.117868,394.4458,5,-0.830296,4.853624,58.225,788.6774,6.208,0.7776749088209988,62.73140039884332,0.830296,4.853624,3.7135105999999993,3.39343942,58.225,788.6774,795.77394,667.8443900000001
2705,5,2026-09-24T05:50:41.796+00:00,walking-quickly,Trial 3: walking quicky. grandma rushing rushing for bus,957,-1.196,4.06,3.874,2.246,15.073,25.624,10.776,17.158,96009,3.417286,1014.466,5,-1.297746,1.37918,118.7943,-408.1968,6.308,0.5850887092104585,31.621304226739287,1.297746,1.37918,3.8463985999999997,3.4132505199999996,118.7943,408.1968,948.46286,750.1711400000002
2706,5,2026-09-24T05:50:41.897+00:00,walking-quickly,Trial 3: walking quicky. grandma rushing rushing for bus,958,-5.796,3.148,7.796,1.716,-29.802,21.598,-24.818,-11.007,96109,12.45759,1098.969,5,-2.383016,10.98977,32.16733,1008.776,6.408,1.0413151841843076,44.39105689212637,2.383016,10.98977,6.0760895999999995,4.54343512,32.16733,1008.776,904.1666600000001,765.0568900000001
2707,5,2026-09-24T05:50:41.997+00:00,walking-quickly,Trial 3: walking quicky. grandma rushing rushing for bus,959,-6.168,3.177,8.11,1.706,17.408,8.691,16.876,14.325,96210,0.07940472,1377.921,5,-1.712503,4.570569,-25.87101,-181.1017,6.509,1.088327464273753,25.755995826214914,1.712503,4.570569,4.500972544,3.812126592,25.87101,181.1017,1141.61596,860.5969499999999
2708,5,2026-09-24T05:50:42.098+00:00,walking-quickly,Trial 3: walking quicky. grandma rushing rushing for bus,960,-3.295,3.952,5.139,1.932,38.956,6.238,33.779,26.324,96311,5.895213,252.015,5,-0.84062,-1.808158,-3.283538,71.86583,6.61,0.7415563218347082,51.937495328519645,0.84062,1.808158,5.393472344,4.310218772,3.283538,71.86583,827.5633600000001,810.4579400000001
2709,5,2026-09-24T05:50:42.199+00:00,walking-quickly,Trial 3: walking quicky. grandma rushing rushing for bus,961,-1.245,4.668,3.187,2.203,13.887,30.543,2.584,15.671,96412,2.840584,730.7719,5,0.1327793,-7.684669,34.1997,-1404.718,6.711,0.5901789212635721,33.65116155498945,0.1327793,7.684669,4.938015544,4.325763071999999,34.1997,1404.718,894.82858,845.3012600000002
2710,5,2026-09-24T05:50:42.300+00:00,walking-quickly,Trial 3: walking quicky. grandma rushing rushing for bus,962,-4.207,4.639,4.531,1.654,-18.407,38.289,-35.774,-5.297,96513,3.52567,858.0797,5,0.368963,-14.95313,12.63994,-1117.751,6.812,0.7882157725348221,55.5395736929984,0.368963,14.95313,4.959692344,4.403045472,12.63994,1117.751,863.5513200000001,906.0070900000001
2711,5,2026-09-24T05:50:42.399+00:00,walking-quickly,Trial 3: walking quicky. grandma rushing rushing for bus,963,-6.394,5.129,5.6,1.445,-3.147,24.324,-16.225,1.651,96613,2.055161,270.0174,5,-0.7927162,1.580632,-56.54267,-1595.92,6.912,1.0122956432200927,29.407672638275884,0.7927162,1.580632,2.879206544,4.477648071999999,56.54267,1595.92,697.7610000000002,800.96383
2712,5,2026-09-24T05:50:42.499+00:00,walking-quickly,Trial 3: walking quicky. grandma rushing rushing for bus,964,-6.502,4.746,5.688,1.311,10.799,-4.279,11.701,6.074,96713,0.05523379,597.4947,5,-1.989994,-12.40105,-54.39299,231.7819,7.012,1.0051002093232748,16.487620901755353,1.989994,12.40105,2.874372358,3.687672451,54.39299,231.7819,541.67574,841.6458500000001
2713,5,2026-09-24T05:50:42.599+00:00,walking-quickly,Trial 3: walking quicky. grandma rushing rushing for bus,965,-4.688,4.609,4.609,1.51,30.551,-20.026,31.158,13.894,96813,1.491313,338.8948,5,-1.728099,-6.152788,7.693437,-1041.881,7.112,0.8187191297169936,48.01276123073948,1.728099,6.152788,1.9935923580000001,3.6935323509999995,7.693437,1041.881,559.0517,693.30753
2714,5,2026-09-24T05:50:42.698+00:00,walking-quickly,Trial 3: walking quicky. grandma rushing rushing for bus,966,-2.442,4.962,3.011,1.844,22.02,-15.422,12.588,6.395,96913,2.574353,146.2732,5,0.4445684,-2.466482,35.629,-1354.735,7.212,0.6421049352714974,29.68461264695903,0.4445684,2.466482,1.9403461579999999,3.4391808510000006,35.629,1354.735,442.15196,668.49027
2715,5,2026-09-24T05:50:42.798+00:00,walking-quickly,Trial 3: walking quicky. grandma rushing rushing for bus,967,-2.422,6.051,2.805,2.144,-6.83,11.078,-21.831,-5.861,97013,0.4092371,906.4134,5,1.931911,-0.7727289,-14.70167,821.5705,7.312,0.7235582477276169,25.41581289276422,1.931911,0.7727289,1.3170595779999998,3.138375961,14.70167,821.5705,451.8187,657.68501
2716,5,2026-09-24T05:50:42.898+00:00,walking-quickly,Trial 3: walking quicky. grandma rushing rushing for bus,968,-4.393,7.482,3.668,2.252,-19.63,32.318,-27.818,-5.043,97113,2.226697,216.9406,5,2.51704,3.26085,-41.98933,-193.5896,7.412,0.9605542536892078,46.94284980697273,2.51704,3.26085,1.3513667780000003,2.115286661,41.98933,193.5896,441.20334,569.48217
2717,5,2026-09-24T05:50:42.997+00:00,walking-quickly,Trial 3: walking quicky. grandma rushing rushing for bus,969,-7.63,6.963,5.07,1.468,-24.977,16.503,-5.358,-4.611,97213,4.236561,261.0521,5,0.323619,5.142839,-48.44867,-85.01803,7.512,1.1733613925763902,30.412295243864776,0.323619,5.142839,2.1876322200000002,2.531002289,48.44867,85.01803,373.91481999999996,457.79528
2718,5,2026-09-24T05:50:43.097+00:00,walking-quickly,Trial 3: walking quicky. grandma rushing rushing for bus,970,-7.051,5.345,4.933,1.075,-12.03,-13.33,20.499,-1.62,97313,0.9906191,575.4057,5,-2.213034,0.6598564,-14.781,212.9037,7.612,1.0329887051975153,27.251033026290944,2.213034,0.6598564,2.0874934400000003,2.040542899,14.781,212.9037,421.217,490.13435
2719,5,2026-09-24T05:50:43.197+00:00,walking-quickly,Trial 3: walking quicky. grandma rushing rushing for bus,971,-4.668,4.56,4.031,1.308,7.2,-23.875,20.221,1.182,97413,2.369414,160.3557,5,-2.850466,2.684275,17.509,-1133.65,7.712,0.7821481602046878,32.10520932808257,2.850466,2.684275,2.0465056400000003,1.993425899,17.509,1133.65,424.0335,433.09273
2720,5,2026-09-24T05:50:43.296+00:00,walking-quickly,Trial 3: walking quicky. grandma rushing rushing for bus,972,-1.932,5.325,2.677,2.023,-5.747,-1.456,-15.669,-7.624,97513,3.300856,652.7762,5,-0.617819,0.2811704,0.6313328,770.9748,7.812,0.6388876320245369,16.7530745238001,0.617819,0.2811704,2.6248294199999997,1.9709444989999998,0.6313328,770.9748,373.30606,412.56238
2721,5,2026-09-24T05:50:43.397+00:00,walking-quickly,Trial 3: walking quicky. grandma rushing rushing for bus,973,-4.286,6.227,4.05,1.997,-35.792,20.258,-50.269,-21.934,97613,2.746113,857.12,5,2.007094,-0.6706592,-40.651,1269.506,7.912,0.8745089155633398,64.94941253775895,2.007094,0.6706592,2.72871262,2.0400396990000003,40.651,1269.506,501.34193999999997,471.27264
2722,5,2026-09-24T05:50:43.497+00:00,walking-quickly,Trial 3: walking quicky. grandma rushing rushing for bus,974,-7.659,6.659,5.423,1.474,-41.859,21.511,-30.824,-17.057,97713,4.483847,138.8289,5,1.487342,7.363156,-53.99033,-176.3895,8.012,1.1733894047085245,56.258492496688895,1.487342,7.363156,2.77816982,2.4829010200000003,53.99033,176.3895,476.8973,425.4060600000001
2723,5,2026-09-24T05:50:43.596+00:00,walking-quickly,Trial 3: walking quicky. grandma rushing rushing for bus,975,-8.453,5.207,5.511,0.755,-27.316,-7.929,6.072,-9.724,97813,0.9150932,813.1757,5,-1.654054,-1.72565,-31.246,791.6927,8.112,1.1578929414739398,29.08439583350495,1.654054,1.72565,2.76306464,2.4252790400000004,31.246,791.6927,524.4513000000001,472.83415
2724,5,2026-09-24T05:50:43.696+00:00,walking-quickly,Trial 3: walking quicky. grandma rushing rushing for bus,976,-6.521,3.834,4.717,0.677,-2.724,-27.191,27.006,-0.97,97913,2.08273,471.3412,5,-3.935735,-4.267271,25.51867,-406.8142,8.212,0.9090533321908723,38.419977785001386,3.935735,4.267271,2.7057278399999998,2.37611674,25.51867,406.8142,586.6484,505.34094999999996
2725,5,2026-09-24T05:50:43.796+00:00,walking-quickly,Trial 3: walking quicky. grandma rushing rushing for bus,977,-3.776,4.246,3.501,1.324,6.794,-22.318,13.534,-0.663,98013,3.062706,98.61108,5,-2.144388,-1.767932,58.62967,-1184.505,8.312,0.6805694255817917,26.97073814340275,2.144388,1.767932,2.65809784,2.6414636299999996,58.62967,1184.505,475.815376,424.560718
2726,5,2026-09-24T05:50:43.896+00:00,walking-quickly,Trial 3: walking quicky. grandma rushing rushing for bus,978,-2.913,5.776,3.854,2.239,-16.919,1.496,-27.194,-14.206,98113,1.069928,929.3944,5,2.098623,-4.680227,14.76433,866.5663,8.412,0.7678473985064685,32.06250478362537,2.098623,4.680227,2.3228608399999997,2.52578673,14.76433,866.5663,490.27025599999996,495.806098
2727,5,2026-09-24T05:50:43.995+00:00,walking-quickly,Trial 3: walking quicky. grandma rushing rushing for bus,979,-5.678,6.482,5.276,2.027,-20.074,25.517,-28.043,-7.533,98213,3.38946,195.8944,5,4.105717,3.935932,-8.854,-776.5094,8.512,1.030328164636774,42.900962856327595,4.105717,3.935932,2.10398344,2.4410766300000004,8.854,776.5094,501.683356,489.29032800000004
2728,5,2026-09-24T05:50:44.095+00:00,walking-quickly,Trial 3: walking quicky. grandma rushing rushing for bus,980,-8.296,5.786,6.355,1.281,-14.688,12.33,-5.299,-2.552,98313,2.834783,240.0652,5,1.912297,1.83086,-10.03533,-365.2687,8.612,1.2180698483533832,19.895870048831743,1.912297,1.83086,2.4879214000000003,2.6254930199999995,10.03533,365.2687,387.061256,455.756278
2729,5,2026-09-24T05:50:44.195+00:00,walking-quickly,Trial 3: walking quicky. grandma rushing rushing for bus,981,-7.737,4.511,5.698,0.824,-0.131,-16.407,18.67,0.711,98413,0.7898156,537.4114,5,-1.958061,-2.780926,14.40133,188.2715,8.712,1.082425248942012,24.855094246451774,1.958061,2.780926,2.2293385199999998,2.4675331799999998,14.40133,188.2715,400.27529599999997,493.46184800000003
2730,5,2026-09-24T05:50:44.295+00:00,walking-quickly,Trial 3: walking quicky. grandma rushing rushing for bus,982,-5.247,4.099,4.521,1.124,16.771,-23.855,22.56,5.159,98513,2.586342,118.7608,5,-3.432328,0.4331836,46.97267,-1279.75,8.812,0.8206799427756274,36.86842912303154,3.432328,0.4331836,2.13406572,2.3960817800000003,46.97267,1279.75,404.30524,440.06030799999996
2731,5,2026-09-24T05:50:44.394+00:00,walking-quickly,Trial 3: walking quicky. grandma rushing rushing for bus,983,-2.971,5.001,3.364,1.798,8.693,-11.206,-4.762,-2.425,98613,2.443112,323.9143,5,-0.6145499,-2.141137,17.92766,134.7354,8.912,0.6852108877690071,14.960592535056891,0.6145499,2.141137,2.40870252,2.36578168,17.92766,134.7354,283.20922,386.739738
2732,5,2026-09-24T05:50:44.495+00:00,walking-quickly,Trial 3: walking quicky. grandma rushing rushing for bus,984,-3.54,6.247,3.56,2.089,-17.84,13.505,-35.194,-13.176,98713,0.6377056,746.9134,5,2.588956,-2.740857,-24.38367,800.1994,9.012,0.8172388274483583,41.70453525697175,2.588956,2.740857,1.85835164,1.98116754,24.38367,800.1994,393.41301999999996,447.54818800000004
2733,5,2026-09-24T05:50:44.595+00:00,walking-quickly,Trial 3: walking quicky. grandma rushing rushing for bus,985,-6.835,6.149,5.011,1.442,-25.175,27.208,-28.023,-8.663,98814,4.324462,97.66589,5,2.19104,5.12181,-36.98461,-252.9972,9.113,1.0677239378884804,46.46874667989228,2.19104,5.12181,2.15628744,2.32210442,36.98461,252.9972,364.933158,375.997207
2734,5,2026-09-24T05:50:44.695+00:00,walking-quickly,Trial 3: walking quicky. grandma rushing rushing for bus,986,-8.012,5.354,5.688,1.01,-14.086,9.766,-0.997,-1.772,98914,0.8245643,385.8647,5,-0.5869364,-1.624215,-20.00093,304.2728,9.213,1.1410383115172633,17.169279571373984,0.5869364,1.624215,2.1632371800000003,2.19628785,20.00093,304.2728,334.623818,367.449557
2735,5,2026-09-24T05:50:44.795+00:00,walking-quickly,Trial 3: walking quicky. grandma rushing rushing for bus,987,-7.414,4.462,5.266,0.771,-0.607,-16.563,14.774,-0.799,99014,0.4440183,374.5414,5,-3.123241,-3.784689,14.61746,-261.2169,9.313,1.032925694256486,22.202983898566423,3.123241,3.784689,1.73477244,1.9344190799999996,14.61746,261.2169,385.779938,395.042589
2736,5,2026-09-24T05:50:44.895+00:00,walking-quickly,Trial 3: walking quicky. grandma rushing rushing for bus,988,-4.874,4.795,4.236,1.386,13.264,-18.932,18.99,4.441,99114,2.540886,71.93048,5,-2.074917,-0.06266488,43.01807,-1072.905,9.413,0.8201688308634053,29.916123077698415,2.074917,0.06266488,1.7543272399999998,2.08151488,43.01807,1072.905,335.383174,309.296197
2737,5,2026-09-24T05:50:44.993+00:00,walking-quickly,Trial 3: walking quicky. grandma rushing rushing for bus,989,-3.324,5.394,3.423,1.831,4.82,-0.129,-4.832,-0.047,99214,1.140388,330.7805,5,1.153916,-4.651826,23.44567,152.2951,9.513,0.7343453651706323,6.826218938768372,1.153916,4.651826,1.8548637199999998,1.8566076800000002,23.44567,152.2951,252.15659399999998,322.784807
2738,5,2026-09-24T05:50:45.094+00:00,walking-quickly,Trial 3: walking quicky. grandma rushing rushing for bus,990,-5.08,5.619,4.119,1.553,-4.89,24.35,-20.931,-0.49,99315,1.205688,317.5611,5,2.138243,1.452541,3.294894,-179.4345,9.614,0.8792397541063297,32.47986085253445,2.138243,1.452541,1.23110892,1.6936981799999997,3.294894,179.4345,296.135636,330.534397
2739,5,2026-09-24T05:50:45.194+00:00,walking-quickly,Trial 3: walking quicky. grandma rushing rushing for bus,991,-7.482,6.159,4.923,1.2,-6.1,25.752,-15.908,1.248,99415,2.236731,9.553411,5,1.017605,2.240908,-0.8424353,-482.5903,9.714,1.108396972694255,30.877823239341208,1.017605,2.240908,1.51354226,1.83838972,0.8424353,482.5903,220.87337820000002,277.7485981
2740,5,2026-09-24T05:50:45.294+00:00,walking-quickly,Trial 3: walking quicky. grandma rushing rushing for bus,992,-8.179,5.776,5.168,0.922,-2.825,1.726,7.354,2.085,99515,0.2303922,376.365,5,-1.554514,-3.510934,-3.410819,286.3182,9.814,1.1490099709233819,8.064801113480728,1.554514,3.510934,1.47081704,1.6027947399999998,3.410819,286.3182,221.23809819999997,303.50901809999993
2741,5,2026-09-24T05:50:45.394+00:00,walking-quickly,Trial 3: walking quicky. grandma rushing rushing for bus,993,-7.12,4.727,4.737,0.781,6.911,-23.59,20.163,1.161,99615,0.8029908,299.92,5,-2.724332,-1.643674,4.980421,-3.542397,9.914,0.9963942299136548,31.793027380229145,2.724332,1.643674,1.123238,1.43878262,4.980421,3.542397,266.8360022,301.1095881
2742,5,2026-09-24T05:50:45.494+00:00,walking-quickly,Trial 3: walking quicky. grandma rushing rushing for bus,994,-4.766,4.835,3.874,1.314,17.468,-26.827,21.019,3.887,99715,2.098598,40.88705,5,-0.8956742,0.3520807,8.667332,-262.9815,10.014,0.7970754285303792,38.296439965093356,0.8956742,0.3520807,1.31488,1.5848718599999998,8.667332,262.9815,208.85731220000002,230.50695309999998
2743,5,2026-09-24T05:50:45.593+00:00,walking-quickly,Trial 3: walking quicky. grandma rushing rushing for bus,995,-2.903,5.678,3.226,2.001,6.468,-9.83,-8.35,-3.904,99815,1.533982,424.1454,5,1.994018,0.4627072,-8.502334,493.706,10.114,0.7287523680974105,14.428666743673858,1.994018,0.4627072,1.3805387999999998,1.30582386,8.502334,493.706,230.1741722,263.15490409999995
2744,5,2026-09-24T05:50:45.694+00:00,walking-quickly,Trial 3: walking quicky. grandma rushing rushing for bus,996,-4.227,5.962,3.883,1.873,-9.534,14.905,-30.482,-8.37,99916,0.7550977,452.5699,5,3.114251,1.770016,-25.94543,276.8634,10.215,0.8439078105352666,35.24497843665108,3.114251,1.770016,1.08421214,1.2988772,25.94543,276.8634,318.77747,269.8254241
2745,5,2026-09-24T05:50:45.795+00:00,walking-quickly,Trial 3: walking quicky. grandma rushing rushing for bus,997,-7.747,5.619,4.903,0.925,-17.143,18.721,-31.979,-10.134,100016,4.517508,24.89991,5,0.8419842,6.062976,-34.75366,-137.7244,10.315,1.0965082880122272,40.82909172391666,0.8419842,6.062976,1.9416353000000002,1.70622617,34.75366,137.7244,248.484452,234.8612751
2746,5,2026-09-24T05:50:45.895+00:00,walking-quickly,Trial 3: walking quicky. grandma rushing rushing for bus,998,-8.61,5.109,5.256,0.585,-5.437,-2.601,-1.321,-3.12,100117,0.3764747,510.5237,5,-2.521993,-0.4700055,-20.11493,537.9938,10.416,1.1530439308455114,6.170187274305376,2.521993,0.4700055,1.85633208,1.48978504,20.11493,537.9938,290.605192,278.7205971
2747,5,2026-09-24T05:50:45.995+00:00,walking-quickly,Trial 3: walking quicky. grandma rushing rushing for bus,999,-7.218,4.364,4.805,0.651,9.029,-23.86,18.854,1.341,100217,0.8993848,356.0803,5,-3.967965,-1.650016,15.65332,-76.52084,10.516,0.989871071760655,31.72216507428205,3.967965,1.650016,1.61648944,1.46568472,15.65332,76.52084,353.64384200000006,281.2505771
2748,5,2026-09-24T05:50:46.095+00:00,walking-quickly,Trial 3: walking quicky. grandma rushing rushing for bus,1000,-4.952,4.835,3.972,1.285,19.879,-24.335,23.66,6.401,100317,2.016052,47.01525,5,-1.449379,-1.108022,40.90161,-476.2759,10.616,0.8137074248797371,39.3339861443002,1.449379,1.108022,1.7129034400000003,1.54672112,40.90161,476.2759,278.217812,254.1959921
2749,5,2026-09-24T05:50:46.194+00:00,walking-quickly,Trial 3: walking quicky. grandma rushing rushing for bus,1001,-2.981,5.58,3.403,2.001,6.596,-5.633,-3.097,-0.711,100417,1.588126,414.0466,5,2.840722,-4.228619,28.34097,315.9747,10.716,0.7325166744285064,9.210283057539545,2.840722,4.228619,1.8795091,1.4818606200000002,28.34097,315.9747,270.51315200000005,294.64531100000005
2750,5,2026-09-24T05:50:46.294+00:00,walking-quickly,Trial 3: walking quicky. grandma rushing rushing for bus,1002,-4.158,5.845,4.08,1.922,-9.823,13.975,-28.415,-8.088,100517,0.6376098,431.6861,5,4.023995,1.211011,-11.98833,-99.7088,10.816,0.8414938224696514,33.15424827982079,4.023995,1.211011,1.10352946,1.52258238,11.98833,99.7088,351.87039000000004,300.177421
2751,5,2026-09-24T05:50:46.394+00:00,walking-quickly,Trial 3: walking quicky. grandma rushing rushing for bus,1003,-7.228,5.825,4.933,1.177,-14.104,18.531,-28.591,-8.055,100617,3.383338,13.03836,5,1.690013,3.589465,-33.28033,-301.413,10.916,1.0719594111787933,36.87500587118597,1.690013,3.589465,1.7049021199999999,1.7806171,33.28033,301.413,252.373322,271.489257
2752,5,2026-09-24T05:50:46.493+00:00,walking-quickly,Trial 3: walking quicky. grandma rushing rushing for bus,1004,-8.159,5.188,5.188,0.739,-3.35,-1.431,0.991,-1.263,100717,0.446423,463.0749,5,-1.915565,-1.344045,-22.67267,431.111,11.016,1.1189031898638684,3.775227410368811,1.915565,1.344045,1.61430976,1.6153996000000004,22.67267,431.111,273.772242,313.70804200000003
2753,5,2026-09-24T05:50:46.594+00:00,walking-quickly,Trial 3: walking quicky. grandma rushing rushing for bus,1005,-6.796,4.384,4.697,0.762,8.757,-20.428,20.78,3.036,100817,0.9150617,299.69,5,-3.661149,-1.537315,14.31967,-197.3245,11.116,0.9536766392574917,30.42690639877804,3.661149,1.537315,1.3941117,1.5535075700000003,14.31967,197.3245,324.30719200000004,301.26250200000004
2754,5,2026-09-24T05:50:46.694+00:00,walking-quickly,Trial 3: walking quicky. grandma rushing rushing for bus,1006,-4.668,4.795,4.011,1.379,16.997,-22.601,19.767,4.721,100917,1.723148,24.54857,5,-1.500418,-0.2971992,36.70833,-527.6235,11.216,0.7955771391844348,34.50271726980355,1.500418,0.2971992,1.4211161,1.6503126000000001,36.70833,527.6235,246.40758599999998,258.460369
2755,5,2026-09-24T05:50:46.792+00:00,walking-quickly,Trial 3: walking quicky. grandma rushing rushing for bus,1007,-2.942,5.619,3.579,2.086,2.352,-6.24,-5.562,-3.15,101017,1.281246,374.5722,5,2.4582,-2.927459,15.79367,284.5413,11.316,0.7426290534396875,8.683625279801058,2.4582,2.927459,1.5498433400000002,1.3266864,15.79367,284.5413,234.98480600000002,293.427598
2756,5,2026-09-24T05:50:46.893+00:00,walking-quickly,Trial 3: walking quicky. grandma rushing rushing for bus,1008,-3.727,5.904,4.256,2.144,-13.408,13.607,-25.644,-8.482,101117,0.3847456,348.5226,5,4.135137,0.2428294,-20.623,-154.2224,11.416,0.8338091774193382,31.977173874499915,4.135137,0.2428294,0.9501248600000001,1.3275134899999999,20.623,154.2224,302.081654,277.227488
2757,5,2026-09-24T05:50:46.993+00:00,walking-quickly,Trial 3: walking quicky. grandma rushing rushing for bus,1009,-6.973,5.619,5.168,1.272,-17.878,22.927,-25.253,-6.735,101217,3.816393,35.66539,5,1.78481,4.46426,-32.74467,-204.0752,11.516,1.054329926042156,38.509534170124674,1.78481,4.46426,1.62411886,1.6192143099999998,32.74467,204.0752,216.599752,245.18599700000004
2758,5,2026-09-24T05:50:47.092+00:00,walking-quickly,Trial 3: walking quicky. grandma rushing rushing for bus,1010,-8.032,5.001,5.541,0.837,-2.016,4.595,4.457,2.345,101317,0.5474335,490.1165,5,-1.89922,0.1837175,-8.336001,592.229,11.616,1.1180931646102592,6.711417882981211,1.89922,0.1837175,1.55059322,1.47235246,8.336001,592.229,254.68505199999998,289.496122
2759,5,2026-09-24T05:50:47.192+00:00,walking-quickly,Trial 3: walking quicky. grandma rushing rushing for bus,1011,-7.129,4.266,4.962,0.7,11.823,-18.988,22.137,4.991,101417,0.5632376,353.4194,5,-4.079566,-1.273329,27.10833,99.28832,11.716,0.9867715393496219,31.470211978949237,4.079566,1.273329,1.3186111400000002,1.36986362,27.10833,99.28832,320.459218,283.433402
2760,5,2026-09-24T05:50:47.292+00:00,walking-quickly,Trial 3: walking quicky. grandma rushing rushing for bus,1012,-5.09,4.227,4.197,1.111,19.997,-24.268,25.755,7.161,101517,1.582452,35.92753,5,-2.637989,-0.8577429,43.01133,-307.4361,11.816,0.7989685610068316,40.64647411522923,2.637989,0.8577429,1.3788523400000001,1.46434784,43.01133,307.4361,252.73028399999998,243.85754500000002
2761,5,2026-09-24T05:50:47.391+00:00,walking-quickly,Trial 3: walking quicky. grandma rushing rushing for bus,1013,-3.177,5.08,3.707,1.87,9.257,-7.963,0.293,0.529,101617,1.541739,343.1713,5,1.470997,-3.51429,19.34333,160.823,11.916,0.7184592053309733,12.214223962249914,1.470997,3.51429,1.6102510200000002,1.28018794,19.34333,160.823,251.66002399999996,276.870839
2762,5,2026-09-24T05:50:47.491+00:00,walking-quickly,Trial 3: walking quicky. grandma rushing rushing for bus,1014,-4.031,5.855,4.403,2.076,-12.692,7.31,-30.772,-12.051,101717,0.6043025,560.0191,5,3.648074,1.09224,-33.255,129.5572,12.016,0.8526461552311059,34.079890668838715,3.648074,1.09224,0.96783292,1.2959758899999998,33.255,129.5572,356.53076599999997,286.565259
2763,5,2026-09-24T05:50:47.591+00:00,walking-quickly,Trial 3: walking quicky. grandma rushing rushing for bus,1015,-7.09,5.835,5.335,1.36,-17.481,18.73,-24.864,-7.872,101817,3.409977,62.75179,5,2.28495,4.71533,-44.93733,-57.24365,12.116,1.082905731355243,35.70177526398373,2.28495,4.71533,1.54034162,1.5454674199999998,44.93733,57.24365,271.057824,262.871438
2764,5,2026-09-24T05:50:47.691+00:00,walking-quickly,Trial 3: walking quicky. grandma rushing rushing for bus,1016,-8.169,5.021,5.678,0.843,-4.955,0.45,3.892,-0.204,101917,0.6479964,439.3222,5,-1.046043,-0.0006732356,-23.132,526.3698,12.216,1.1363440675639138,6.316817948935999,1.046043,0.0006732356,1.5572933800000002,1.4379522599999999,23.132,526.3698,288.238384,304.348801
2765,5,2026-09-24T05:50:47.791+00:00,walking-quickly,Trial 3: walking quicky. grandma rushing rushing for bus,1017,-6.835,4.197,4.992,0.785,8.288,-17.145,19.159,3.434,102017,0.9761935,239.3475,5,-3.402908,-1.087397,17.657,-328.3446,12.316,0.9633598477694093,27.01313106620556,3.402908,1.087397,1.4360416800000002,1.40744701,17.657,328.3446,328.92237800000004,290.826331
2766,5,2026-09-24T05:50:47.891+00:00,walking-quickly,Trial 3: walking quicky. grandma rushing rushing for bus,1018,-4.943,4.374,4.207,1.213,15.893,-17.968,13.161,3.695,102117,1.409634,31.49645,5,-2.301294,-0.8231216,42.799,-880.4496,12.416,0.7981452011080786,27.36143991094036,2.301294,0.8231216,1.4096206800000002,1.5099358500000002,42.799,880.4496,266.58740800000004,259.12371599999994
2767,5,2026-09-24T05:50:47.991+00:00,walking-quickly,Trial 3: walking quicky. grandma rushing rushing for bus,1019,-3.776,5.57,3.795,1.863,0.352,-3.746,-14.926,-6.107,102218,0.9876378,410.8892,5,1.377185,-4.071709,7.353236,289.0318,12.517,0.7877933146372299,15.392917072472002,1.377185,4.071709,1.4862877399999999,1.22706033,7.353236,289.0318,236.76142799999997,296.646097
2768,5,2026-09-24T05:50:48.092+00:00,walking-quickly,Trial 3: walking quicky. grandma rushing rushing for bus,1020,-5.266,5.825,4.688,1.749,-13.788,14.288,-26.349,-8.616,102318,1.027773,218.5499,5,2.882673,0.7663474,-26.32246,-267.459,12.617,0.9325734053310105,32.99281268700806,2.882673,0.7663474,1.00984694,1.2750942799999998,26.32246,267.459,267.92105000000004,269.489437
2769,5,2026-09-24T05:50:48.192+00:00,walking-quickly,Trial 3: walking quicky. grandma rushing rushing for bus,1021,-8.159,5.031,5.639,0.837,-16.308,10.996,-19.079,-8.13,102419,3.30169,23.34686,5,0.635615,4.251067,-35.27069,-243.1373,12.718,1.134035212101648,27.402027680447297,0.635615,4.251067,1.54058566,1.54893952,35.27069,243.1373,184.725982,236.48218300000002
2770,5,2026-09-24T05:50:48.293+00:00,walking-quickly,Trial 3: walking quicky. grandma rushing rushing for bus,1022,-8.247,4.384,5.56,0.566,-1.416,-8.623,8.563,-0.492,102520,0.1442875,456.919,5,-2.305863,-0.2192369,-10.30305,461.3125,12.819,1.1083807006989617,12.234629295569196,2.305863,0.2192369,1.37420446,1.4051230700000001,10.30305,461.3125,228.24028200000004,278.58133
2771,5,2026-09-24T05:50:48.392+00:00,walking-quickly,Trial 3: walking quicky. grandma rushing rushing for bus,1023,-6.443,4.031,4.923,0.837,12.465,-21.744,24.429,5.05,102620,1.262301,205.5243,5,-3.219529,-0.3362,30.26607,-169.9841,12.919,0.9233761951799462,34.999340022348996,3.219529,0.3362,1.34473786,1.3771792699999998,30.26607,169.9841,263.045852,264.81663000000003
2772,5,2026-09-24T05:50:48.493+00:00,walking-quickly,Trial 3: walking quicky. grandma rushing rushing for bus,1024,-4.531,4.776,4.158,1.468,12.656,-18.023,14.296,2.976,102720,1.599153,38.85334,5,-0.5671688,-0.8971891,36.20086,-174.4113,13.019,0.7939988780158372,26.256017995880487,0.5671688,0.8971891,1.4670409,1.4766643199999998,36.20086,174.4113,188.63868,212.700054
2773,5,2026-09-24T05:50:48.592+00:00,walking-quickly,Trial 3: walking quicky. grandma rushing rushing for bus,1025,-4.001,5.384,4.276,1.886,-9.355,-0.742,-15.265,-8.454,102821,0.2213201,552.3233,5,2.98737,-4.698992,2.795347,640.0438,13.12,0.8111689162848384,17.918895445869424,2.98737,4.698992,1.30575032,1.1577986299999998,2.795347,640.0438,255.39336000000003,261.65720500000003
2774,5,2026-09-24T05:50:48.693+00:00,walking-quickly,Trial 3: walking quicky. grandma rushing rushing for bus,1026,-5.668,5.737,5.119,1.729,-16.798,19.638,-22.403,-6.521,102921,1.205079,173.8979,5,3.366728,1.070701,-25.52851,-216.3901,13.22,0.9740481389926354,34.20114408905059,3.366728,1.070701,0.88642812,1.21350689,25.52851,216.3901,285.503568,235.114775
2775,5,2026-09-24T05:50:48.793+00:00,walking-quickly,Trial 3: walking quicky. grandma rushing rushing for bus,1027,-8.591,5.001,5.982,0.798,-17.236,11.508,-16.784,-7.504,103021,3.275338,32.62063,5,0.1857654,3.611924,-34.53578,-207.9434,13.32,1.1830448756273675,26.66864106024152,0.1857654,3.611924,1.51263822,1.4434213399999998,34.53578,207.9434,200.64389400000002,214.442088
2776,5,2026-09-24T05:50:48.893+00:00,walking-quickly,Trial 3: walking quicky. grandma rushing rushing for bus,1028,-8.247,4.246,5.649,0.549,-1.377,-7.049,10.547,0.707,103122,0.2663919,447.6179,5,-2.911486,0.3721828,-3.582627,299.512,13.421,1.1074734298659437,12.760240554158845,2.911486,0.3721828,1.3134564000000002,1.3290971299999998,3.582627,299.512,249.06261400000002,256.054233
2777,5,2026-09-24T05:50:48.993+00:00,walking-quickly,Trial 3: walking quicky. grandma rushing rushing for bus,1029,-6.502,3.981,5.031,0.837,13.387,-19.864,20.72,4.748,103222,1.166291,161.8966,5,-3.268376,0.9354192,33.55226,-503.4846,13.521,0.9314387636874464,31.671890770839685,3.268376,0.9354192,1.226884,1.34696245,33.55226,503.4846,273.671266,231.154973
2778,5,2026-09-24T05:50:49.094+00:00,walking-quickly,Trial 3: walking quicky. grandma rushing rushing for bus,1030,-4.511,4.903,4.246,1.546,14.152,-12.938,6.44,2.551,103323,1.809446,84.1577,5,-0.3225426,-0.9025285,30.24674,-49.13494,13.622,0.805621281149122,20.227321819756565,0.3225426,0.9025285,1.5445091800000001,1.42512975,30.24674,49.13494,180.038146,217.71575300000003
2779,5,2026-09-24T05:50:49.194+00:00,walking-quickly,Trial 3: walking quicky. grandma rushing rushing for bus,1031,-4.384,5.58,4.364,1.853,-6.326,2.599,-20.142,-7.956,103424,0.1626561,455.7832,5,3.087544,-4.655025,0.8982889,481.0085,13.723,0.8494936972970657,21.271418405926767,3.087544,4.655025,1.3360246000000002,1.11122636,0.8982889,481.0085,236.41520599999998,260.959387
2780,5,2026-09-24T05:50:49.295+00:00,walking-quickly,Trial 3: walking quicky. grandma rushing rushing for bus,1032,-5.649,5.904,4.805,1.687,-16.224,25.136,-25.711,-5.6,103524,0.6332816,212.3002,5,3.27389,-0.2729363,-25.20398,-174.0674,13.823,0.9666158973735812,39.44733442198598,3.27389,0.2729363,0.80761332,1.16012577,25.20398,174.0674,272.35112,236.49750699999998
2781,5,2026-09-24T05:50:49.395+00:00,walking-quickly,Trial 3: walking quicky. grandma rushing rushing for bus,1033,-8.816,4.943,5.649,0.592,-16.49,11.957,-12.23,-5.588,103624,3.889419,118.4981,5,-0.3394744,4.232182,-28.72503,43.03,13.923,1.18069886572678,23.758426904995204,0.3394744,4.232182,1.53221874,1.42283757,28.72503,43.03,206.52716,227.79488699999996
2782,5,2026-09-24T05:50:49.494+00:00,walking-quickly,Trial 3: walking quicky. grandma rushing rushing for bus,1034,-8.64,4.089,5.433,0.294,-2.952,-9.652,15.8,1.065,103724,0.2685398,478.6357,5,-3.754224,0.6378272,-0.6572674,451.7176,14.023,1.1211639949798209,18.748744171277178,3.754224,0.6378272,1.3526685,1.2897762499999998,0.6572674,451.7176,269.87498,271.77312299999994
2783,5,2026-09-24T05:50:49.594+00:00,walking-quickly,Trial 3: walking quicky. grandma rushing rushing for bus,1035,-6.669,3.638,4.766,0.579,13.151,-25.579,29.84,5.804,103824,1.511189,236.6992,5,-3.942273,2.332323,34.18567,-171.8325,14.123,0.9144834157442114,41.444657580923504,3.942273,2.332323,1.2930171,1.4187631399999998,34.18567,171.8325,300.38328,240.210713
2784,5,2026-09-24T05:50:49.694+00:00,walking-quickly,Trial 3: walking quicky. grandma rushing rushing for bus,1036,-4.609,4.491,4.001,1.294,12.155,-21.161,11.95,0.981,103924,1.851376,113.521,5,-0.7976078,0.0579577,24.55367,-79.35733,14.223,0.7726997621799441,27.172310280872328,0.7976078,0.0579577,1.6307610799999999,1.48339284,24.55367,79.35733,231.93084,234.173023
2785,5,2026-09-24T05:50:49.793+00:00,walking-quickly,Trial 3: walking quicky. grandma rushing rushing for bus,1037,-4.266,5.541,3.883,1.719,-5.023,-2.098,-16.605,-7.909,104024,0.4109041,491.2899,5,3.255808,-5.374194,-4.725999,380.4688,14.323,0.8156399248066107,17.474500221751693,3.255808,5.374194,1.58628558,1.1969494500000002,4.725999,380.4688,287.72878000000003,280.03995000000003
2786,5,2026-09-24T05:50:49.893+00:00,walking-quickly,Trial 3: walking quicky. grandma rushing rushing for bus,1038,-5.845,5.855,4.55,1.52,-18.292,17.204,-30.181,-10.423,104124,1.012001,244.3138,5,3.592502,0.3866378,-36.68933,-214.0532,14.423,0.9627954528731218,39.26152876544672,3.592502,0.3866378,1.0108019799999999,1.2715103600000002,36.68933,214.0532,312.8919199999999,259.70954
2787,5,2026-09-24T05:50:49.993+00:00,walking-quickly,Trial 3: walking quicky. grandma rushing rushing for bus,1039,-8.502,4.913,5.56,0.657,-21.769,4.433,-25.645,-14.327,104224,2.989808,65.25442,5,0.3824598,2.117865,-51.66633,-212.0967,14.523,1.150677220867191,33.92943965054536,0.3824598,2.117865,1.5550556199999999,1.45386206,51.66633,212.0967,230.21566399999998,250.045322
2788,5,2026-09-24T05:50:50.094+00:00,walking-quickly,Trial 3: walking quicky. grandma rushing rushing for bus,1040,-8.444,3.903,5.629,0.363,-4.199,-16.66,-0.561,-7.14,104325,0.3428155,460.9422,5,-2.92142,-0.4462135,-22.56433,269.5853,14.624,1.1087283271930175,17.190169341806964,2.92142,0.4462135,1.32138092,1.3071990100000002,22.56433,269.5853,275.064264,287.723772
2789,5,2026-09-24T05:50:50.194+00:00,walking-quickly,Trial 3: walking quicky. grandma rushing rushing for bus,1041,-6.59,3.491,5.021,0.641,16.678,-34.58,14.366,-1.179,104425,1.324875,326.597,5,-3.304347,1.144232,16.72318,-110.5708,14.724,0.9167561923567549,40.991633780565515,3.304347,1.144232,1.2160807200000001,1.4234209000000002,16.72318,110.5708,317.679464,274.805152
2790,5,2026-09-24T05:50:50.293+00:00,walking-quickly,Trial 3: walking quicky. grandma rushing rushing for bus,1042,-4.325,4.344,4.011,1.344,22.641,-16.625,7.414,4.477,104525,2.293311,135.4233,5,-0.3708287,0.8842039,42.82334,45.12464,14.824,0.7470009888065338,29.051211713111037,0.3708287,0.8842039,1.5925621,1.5894238400000003,42.82334,45.12464,246.506144,267.11746200000005
2791,5,2026-09-24T05:50:50.393+00:00,walking-quickly,Trial 3: walking quicky. grandma rushing rushing for bus,1043,-3.962,5.276,3.648,1.654,4.66,9.073,-21.022,-2.43,104625,0.377084,597.4366,5,2.965544,-3.277061,35.37164,738.4046,14.924,0.7687978872123111,23.365774393330085,2.965544,3.277061,1.4655787,1.2381903399999998,35.37164,738.4046,317.13070400000004,315.011312
2792,5,2026-09-24T05:50:50.493+00:00,walking-quickly,Trial 3: walking quicky. grandma rushing rushing for bus,1044,-6.806,5.394,4.168,0.919,-5.167,37.849,-29.434,1.083,104725,2.79064,331.7966,5,2.124774,3.947858,15.19433,12.54838,15.024,0.9822630247294162,48.224527431588164,2.124774,3.947858,1.4257450999999999,1.49040036,15.19433,12.54838,370.43914000000007,300.327402
2793,5,2026-09-24T05:50:50.592+00:00,walking-quickly,Trial 3: walking quicky. grandma rushing rushing for bus,1045,-8.963,5.168,4.805,0.337,1.444,20.459,-2.615,6.429,104825,1.703947,355.1254,5,-1.032967,1.255473,11.822,253.4302,15.124,1.163243780692965,20.675929048050055,1.032967,1.255473,1.6979713999999997,1.50967616,11.822,253.4302,349.27578000000005,312.170022
2794,5,2026-09-24T05:50:50.692+00:00,walking-quickly,Trial 3: walking quicky. grandma rushing rushing for bus,1046,-8.591,4.531,4.511,0.15,9.833,-6.408,20.876,8.1,104925,0.2105813,448.0127,5,-3.703645,-2.838597,16.10633,382.8677,15.224,1.0920221004917967,23.94906530535169,3.703645,2.838597,1.4751126600000002,1.3455966899999998,16.10633,382.8677,373.55892,345.619192
2795,5,2026-09-24T05:50:50.793+00:00,walking-quickly,Trial 3: walking quicky. grandma rushing rushing for bus,1047,-6.394,4.286,3.834,0.575,18.207,-20.906,34.434,10.578,105025,1.781139,154.7117,5,-2.925651,0.2280514,33.03367,-769.2335,15.324,0.87691199940554,44.20696824031252,2.925651,0.2280514,1.37267826,1.4826201799999998,33.03367,769.2335,377.4166,311.9613719999999
2796,5,2026-09-24T05:50:50.893+00:00,walking-quickly,Trial 3: walking quicky. grandma rushing rushing for bus,1048,-4.256,4.815,3.158,1.239,11.03,-15.784,11.003,2.083,105126,1.769567,208.9186,5,0.8817447,-1.95593,6.089543,-445.2928,15.425,0.7301533023119359,22.17795222738114,0.8817447,1.95593,1.65117486,1.5583767800000001,6.089543,445.2928,299.713,308.421852
2797,5,2026-09-24T05:50:50.993+00:00,walking-quickly,Trial 3: walking quicky. grandma rushing rushing for bus,1049,-4.099,5.59,3.275,1.589,-8.755,-1.828,-23.755,-11.446,105226,0.2128892,598.1116,5,3.583673,-1.417495,-41.67406,246.4077,15.525,0.7817674547564838,25.382900425286312,3.583673,1.417495,1.1356247000000002,1.2806849,41.67406,246.4077,352.976,361.70757000000003
2798,5,2026-09-24T05:50:51.093+00:00,walking-quickly,Trial 3: walking quicky. grandma rushing rushing for bus,1050,-6.502,5.855,3.815,1.056,-16.313,24.476,-31.781,-7.873,105326,2.04455,271.1468,5,2.818549,2.091272,-53.82773,89.82443,15.625,0.9733417147574321,43.30381629833565,2.818549,2.091272,1.2037453,1.45085835,53.82773,89.82443,336.18028,342.72803
2799,5,2026-09-24T05:50:51.192+00:00,walking-quickly,Trial 3: walking quicky. grandma rushing rushing for bus,1051,-8.934,4.688,4.825,0.193,-7.492,5.284,-10.99,-4.399,105426,2.765668,292.8029,5,-0.9406557,2.234421,-39.87906,338.5578,15.725,1.140416279626006,14.311911821975428,0.9406557,2.234421,1.71476264,1.59493765,39.87906,338.5578,305.13832,339.34862000000004
2800,5,2026-09-24T05:50:51.292+00:00,walking-quickly,Trial 3: walking quicky. grandma rushing rushing for bus,1052,-8.532,4.129,4.609,0.069,4.601,-20.344,12.46,-1.094,105526,0.1735555,450.9792,5,-3.736333,-0.6392447,0.6919992,178.8124,15.825,1.0747564401658487,24.29607246037927,3.736333,0.6392447,1.39324594,1.3829621,0.6919992,178.8124,364.39181999999994,370.90421000000003
2801,5,2026-09-24T05:50:51.392+00:00,walking-quickly,Trial 3: walking quicky. grandma rushing rushing for bus,1053,-6.443,4.168,3.913,0.546,20.653,-34.648,27.597,4.534,105626,1.616496,230.4666,5,-3.07275,0.9362187,38.73833,-555.4575,15.925,0.8783542229056226,48.873558515827355,3.07275,0.9362187,1.3626317399999999,1.5069033,38.73833,555.4575,368.70142,334.20721
2802,5,2026-09-24T05:50:51.492+00:00,walking-quickly,Trial 3: walking quicky. grandma rushing rushing for bus,1054,-4.217,4.874,3.187,1.281,12.007,-22.188,7.362,-0.94,105726,1.99358,213.1534,5,0.8041452,-1.251112,22.79933,-178.3231,16.025,0.7331747799890772,26.280685626520476,0.8041452,1.251112,1.7187698999999999,1.4271973,22.79933,178.3231,291.70978,322.34289
2803,5,2026-09-24T05:50:51.591+00:00,walking-quickly,Trial 3: walking quicky. grandma rushing rushing for bus,1055,-4.276,5.698,3.197,1.54,-10.192,-1.031,-24.403,-11.875,105826,0.2273788,649.8098,5,3.906315,-3.256554,-14.79733,476.1881,16.125,0.7962422495036979,26.465944797040592,3.906315,3.256554,1.35533566,1.27954048,14.79733,476.1881,367.44238,351.81133
2804,5,2026-09-24T05:50:51.691+00:00,walking-quickly,Trial 3: walking quicky. grandma rushing rushing for bus,1056,-7.237,5.619,4.099,0.827,-28.136,20.471,-30.937,-12.867,105926,3.197089,275.6721,5,2.510502,4.657949,-39.95533,68.72907,16.225,1.0235285915043049,46.559578026438345,2.510502,4.657949,1.4416198599999999,1.5781912500000002,39.95533,68.72907,364.01622000000003,334.57726999999994
2805,5,2026-09-24T05:50:51.791+00:00,walking-quickly,Trial 3: walking quicky. grandma rushing rushing for bus,1057,-8.355,4.227,5.217,0.363,-1.659,0.688,5.024,1.351,106026,1.479613,795.1974,5,-0.8204896,0.9297442,-18.29367,1191.98,16.325,1.093003756187997,5.335372620539263,0.8204896,0.9297442,1.70283136,1.54803865,18.29367,1191.98,432.8598599999999,398.62584
2806,5,2026-09-24T05:50:51.891+00:00,walking-quickly,Trial 3: walking quicky. grandma rushing rushing for bus,1058,-6.659,4.148,4.619,0.703,19.02,-26.276,24.628,5.791,106126,1.080763,512.9984,5,-2.333982,-0.5733998,26.687,745.0776,16.425,0.9283526084889157,40.72747180957836,2.333982,0.5733998,1.5956847600000001,1.4791582499999998,26.687,745.0776,489.36622,429.03382
2807,5,2026-09-24T05:50:51.991+00:00,walking-quickly,Trial 3: walking quicky. grandma rushing rushing for bus,1059,-4.55,4.599,3.795,1.281,26.112,-32.412,19.993,4.564,106226,1.775851,36.47672,5,-0.6407008,0.9806175,51.53733,-989.3399,16.525,0.7648233656001022,46.17460705842552,0.6407008,0.9806175,1.5521389600000002,1.63545443,51.53733,989.3399,454.03088400000007,372.870332
2808,5,2026-09-24T05:50:52.091+00:00,walking-quickly,Trial 3: walking quicky. grandma rushing rushing for bus,1060,-3.854,5.6,2.962,1.569,1.296,-0.526,-4.972,-1.401,106327,0.7267275,751.934,5,2.399217,-4.63516,26.03344,195.7932,16.626,0.7561507541056895,5.164985575972116,2.399217,4.63516,1.6520087000000003,1.50367218,26.03344,195.7932,474.45572400000003,420.94905200000005
2809,5,2026-09-24T05:50:52.191+00:00,walking-quickly,Trial 3: walking quicky. grandma rushing rushing for bus,1061,-5.982,5.639,4.109,1.255,-29.338,18.995,-21.194,-10.512,106427,1.94886,527.5549,5,2.642734,0.5796826,-30.85083,-292.2939,16.726,0.9371770410387048,40.87436733455333,2.642734,0.5796826,1.4023629,1.4219913800000001,30.85083,292.2939,524.8322840000001,444.42425199999997
2810,5,2026-09-24T05:50:52.292+00:00,walking-quickly,Trial 3: walking quicky. grandma rushing rushing for bus,1062,-9.061,3.766,6.404,0.369,-29.161,4.498,-3.085,-9.249,106528,6.085437,179.3767,5,-0.6918575,10.13624,-44.92383,-174.1035,16.827,1.1948345746301658,29.666701029942647,0.6918575,10.13624,2.3235277,2.01317953,44.92383,174.1035,401.668144,417.264002
2811,5,2026-09-24T05:50:52.392+00:00,walking-quickly,Trial 3: walking quicky. grandma rushing rushing for bus,1063,-7.571,3.805,5.815,0.683,4.729,-24.066,23.603,1.422,106628,0.8565573,892.2278,5,-2.384781,3.513762,-14.08565,1133.158,16.927,1.0479403342312827,34.03876328540741,2.384781,3.513762,2.27868656,1.9371856599999997,14.08565,1133.158,477.51402399999995,483.440122
2812,5,2026-09-24T05:50:52.491+00:00,walking-quickly,Trial 3: walking quicky. grandma rushing rushing for bus,1064,-5.502,4.364,4.374,1.079,22.359,-37.299,19.662,1.574,106728,2.224068,167.1535,5,-1.55181,1.911497,17.82298,-802.7835,17.027,0.8436472568015736,47.72561708349092,1.55181,1.911497,2.3683299599999996,1.96023446,17.82298,802.7835,503.64937999999995,478.840132
2813,5,2026-09-24T05:50:52.591+00:00,walking-quickly,Trial 3: walking quicky. grandma rushing rushing for bus,1065,-3.815,5.423,3.197,1.602,9.699,-25.821,2.129,-4.664,106828,1.783897,199.8087,5,1.394187,-4.168281,22.49145,-666.388,17.127,0.750610624689537,27.664549210135345,1.394187,4.168281,2.57976386,2.1158862800000002,22.49145,666.388,393.22432,433.840022
2814,5,2026-09-24T05:50:52.691+00:00,walking-quickly,Trial 3: walking quicky. grandma rushing rushing for bus,1066,-3.707,6.061,3.266,1.873,-18.783,3.891,-13.873,-9.588,106928,0.1408897,650.0304,5,3.925928,-10.96176,-6.764336,248.8882,17.227,0.7973654349395319,23.672792378593616,3.925928,10.96176,2.2181698,1.8102663499999998,6.764336,248.8882,417.71942,471.27585199999993
2815,5,2026-09-24T05:50:52.791+00:00,walking-quickly,Trial 3: walking quicky. grandma rushing rushing for bus,1067,-6.884,5.139,5.286,1.18,-41.737,14.17,-20.502,-16.023,107028,5.00881,225.4958,5,1.788079,6.221328,-46.05234,-850.5871,17.327,1.028552381399431,48.61170715990131,1.788079,6.221328,2.0028444,2.1631860499999997,46.05234,850.5871,426.94324000000006,414.305692
2816,5,2026-09-24T05:50:52.890+00:00,walking-quickly,Trial 3: walking quicky. grandma rushing rushing for bus,1068,-7.541,4.452,6.365,1.092,-15.972,2.525,2.106,-3.78,107128,0.6888683,436.8543,5,-0.3955351,0.1545144,-22.06733,565.0886,17.427,1.1039350421542935,16.30692015679233,0.3955351,0.1545144,1.9693066000000001,2.12399658,22.06733,565.0886,335.86854,406.691282
2817,5,2026-09-24T05:50:52.990+00:00,walking-quickly,Trial 3: walking quicky. grandma rushing rushing for bus,1069,-6.315,4.442,5.874,1.334,24.298,-19.473,21.494,8.773,107228,0.5810613,827.1598,5,-1.31736,-1.857692,32.68267,1041.526,17.527,0.9892533128549668,37.83625997637716,1.31736,1.857692,1.64070526,2.0045176099999997,32.68267,1041.526,467.86979999999994,485.75959
2818,5,2026-09-24T05:50:53.090+00:00,walking-quickly,Trial 3: walking quicky. grandma rushing rushing for bus,1070,-3.962,5.511,4.207,1.919,28.163,-26.924,15.735,5.658,107328,3.15378,34.54057,5,0.2451665,1.598031,55.28867,-629.3158,17.627,0.8142892979616266,42.019597451665334,0.2451665,1.598031,1.91468186,2.2472228600000004,55.28867,629.3158,434.81617400000005,414.02024700000004
2819,5,2026-09-24T05:50:53.189+00:00,walking-quickly,Trial 3: walking quicky. grandma rushing rushing for bus,1071,-2.971,6.1,3.305,2.144,-0.28,0.912,1.073,0.568,107428,0.7137444,599.6071,5,2.755669,-6.12522,42.621,345.9088,17.727,0.7695977758110891,1.435783061607846,2.755669,6.12522,2.0292528,2.1237113,42.621,345.9088,424.73151400000006,421.22546700000004
2820,5,2026-09-24T05:50:53.290+00:00,walking-quickly,Trial 3: walking quicky. grandma rushing rushing for bus,1072,-4.776,5.658,4.207,1.697,-38.132,23.434,-23.135,-12.611,107528,1.421559,842.0139,5,2.02017,1.598063,-25.866,582.7665,17.827,0.8683887284252713,50.38283442800733,2.02017,1.598063,1.3118026,1.6573235,25.866,582.7665,548.035134,487.489187
2821,5,2026-09-24T05:50:53.389+00:00,walking-quickly,Trial 3: walking quicky. grandma rushing rushing for bus,1073,-5.904,4.236,5.904,1.412,-26.656,3.19,-16.056,-13.174,107628,2.057373,197.2101,5,-0.06537783,1.220402,-62.163,-452.4261,17.927,0.9547186805702431,31.281201575387094,0.06537783,1.220402,1.58550354,1.7774050700000004,62.163,452.4261,500.106294,417.987417
2822,5,2026-09-24T05:50:53.489+00:00,walking-quickly,Trial 3: walking quicky. grandma rushing rushing for bus,1074,-5.845,3.57,6.629,1.451,-0.532,-36.562,-14.877,-17.324,107728,0.3249277,754.6917,5,-1.667131,-4.314076,-59.70567,1037.905,18.027,0.9719589503355919,39.47642330556303,1.667131,4.314076,1.53427682,1.58749104,59.70567,1037.905,485.61267399999997,476.741237
2823,5,2026-09-24T05:50:53.589+00:00,walking-quickly,Trial 3: walking quicky. grandma rushing rushing for bus,1075,-4.658,4.619,5.423,1.795,34.408,-37.274,7.042,1.392,107828,1.321349,567.2511,5,-0.9447075,0.1185788,-3.065333,-152.0344,18.127,0.8679040294895816,51.21378041113544,0.9447075,0.1185788,1.16779062,1.5412362400000001,3.065333,152.0344,592.1547800000001,513.485477
2824,5,2026-09-24T05:50:53.689+00:00,walking-quickly,Trial 3: walking quicky. grandma rushing rushing for bus,1076,-2.687,5.658,3.874,2.282,24.196,-11.698,5.806,6.101,107928,2.455582,253.3148,5,1.552719,1.332024,51.99067,-807.3573,18.227,0.7510042653877499,27.49544064022252,1.552719,1.332024,1.51615814,1.77270547,51.99067,807.3573,522.8963200000001,473.81391700000006
2825,5,2026-09-24T05:50:53.788+00:00,walking-quickly,Trial 3: walking quicky. grandma rushing rushing for bus,1077,-3.099,5.541,3.942,2.128,-4.83,25.404,-13.653,2.307,108028,0.06273513,865.9066,5,2.262067,-1.858621,54.387,836.016,18.327,0.7620347242103424,29.24203353051904,2.262067,1.858621,1.2443933660000002,1.2780979829999999,54.387,836.016,527.6748600000001,537.854997
2826,5,2026-09-24T05:50:53.888+00:00,walking-quickly,Trial 3: walking quicky. grandma rushing rushing for bus,1078,-6.669,3.972,6.384,1.229,-13.667,10.723,-19.392,-7.445,108128,7.055605,108.8535,5,-0.111142,12.20274,20.67167,-993.0208,18.427,1.0248416868026253,26.03496268482058,0.111142,12.20274,2.244039766,1.914771653,20.67167,993.0208,510.00354000000004,505.05491700000005
2827,5,2026-09-24T05:50:53.988+00:00,walking-quickly,Trial 3: walking quicky. grandma rushing rushing for bus,1079,-6.767,4.227,6.639,1.366,5.727,-10.245,-4.919,-3.146,108228,0.04654647,341.7507,5,-1.909027,2.050417,-22.622,-595.4621,18.527,1.0584248508576461,12.726158689879677,1.909027,2.050417,2.1883635200000002,1.8613201700000002,22.622,595.4621,427.4153399999999,456.51400699999994
2828,5,2026-09-24T05:50:54.088+00:00,walking-quickly,Trial 3: walking quicky. grandma rushing rushing for bus,1080,-5.59,4.952,5.59,1.651,30.842,-24.238,14.388,6.997,108328,1.004179,399.7758,5,-2.023438,-2.918995,-3.660669,-231.2338,18.627,0.9512291066642485,41.78186391246805,2.023438,2.918995,2.12492952,1.64636007,3.660669,231.2338,393.92028,493.03752999999995
2829,5,2026-09-24T05:50:54.188+00:00,walking-quickly,Trial 3: walking quicky. grandma rushing rushing for bus,1081,-3.383,5.727,4.089,2.144,20.174,-15.448,10.686,5.137,108428,2.573359,68.25838,5,0.454375,-1.030178,20.10333,-1304.374,18.727,0.7961831548583409,27.564861254865768,0.454375,1.030178,2.14848492,1.8323215300000002,20.10333,1304.374,356.908996,439.9026580000001
2830,5,2026-09-24T05:50:54.287+00:00,walking-quickly,Trial 3: walking quicky. grandma rushing rushing for bus,1082,-2.971,5.972,3.874,2.291,-10.542,3.551,-9.87,-5.62,108528,0.09209912,575.6613,5,2.902768,-11.4002,11.933,660.1233,18.827,0.7865674786840701,14.87145806570425,2.902768,11.4002,2.154357718,1.6993755419999999,11.933,660.1233,298.859936,413.26739799999996
2831,5,2026-09-24T05:50:54.387+00:00,walking-quickly,Trial 3: walking quicky. grandma rushing rushing for bus,1083,-5.247,4.58,5.452,1.595,-43.921,14.93,-33.687,-20.893,108628,3.202763,603.6296,5,1.098344,5.400352,-48.11167,699.6434,18.927,0.9019256630680521,57.33038557344613,1.098344,5.400352,1.3837893179999998,1.8139145420000002,48.11167,699.6434,397.815156,453.90934799999997
2832,5,2026-09-24T05:50:54.487+00:00,walking-quickly,Trial 3: walking quicky. grandma rushing rushing for bus,1084,-6.188,4.011,6.619,1.481,-16.123,1.397,-18.947,-11.224,108728,0.8572305,391.0462,5,-0.8891364,0.3355063,-62.47333,517.912,19.027,1.0104488613407392,24.91769545925144,0.8891364,0.3355063,1.545926124,1.8671448220000002,62.47333,517.912,407.67425599999996,417.544798
2833,5,2026-09-24T05:50:54.587+00:00,walking-quickly,Trial 3: walking quicky. grandma rushing rushing for bus,1085,-6.021,3.923,6.492,1.464,20.177,-26.742,-6.51,-4.358,108828,0.01727859,754.7241,5,-2.170539,-4.347029,-24.59533,1188.316,19.127,0.9875383423870873,34.12661707523909,2.170539,4.347029,1.348546042,1.736737781,24.59533,1188.316,478.663916,436.292098
2834,5,2026-09-24T05:50:54.687+00:00,walking-quickly,Trial 3: walking quicky. grandma rushing rushing for bus,1086,-4.462,5.09,5.168,1.932,43.727,-33.199,3.395,4.641,108928,1.848619,231.4681,5,-0.8499093,0.3275556,37.057,-537.2918,19.227,0.8684113532753401,55.00681916817223,0.8499093,0.3275556,1.2035980419999999,1.676041481,37.057,537.2918,511.30586000000005,434.10742799999997
2835,5,2026-09-24T05:50:54.786+00:00,walking-quickly,Trial 3: walking quicky. grandma rushing rushing for bus,1087,-3.305,6.217,3.893,2.269,16.117,-12.369,-0.656,1.031,109028,1.41207,404.2039,5,1.797886,-2.589997,59.712,-558.4295,19.327,0.8204094646087138,20.326834136185596,1.797886,2.589997,1.467592218,1.810974968,59.712,558.4295,477.01437999999996,387.937158
2836,5,2026-09-24T05:50:54.886+00:00,walking-quickly,Trial 3: walking quicky. grandma rushing rushing for bus,1088,-3.776,5.972,4.344,2.18,-30.997,11.67,-10.799,-10.042,109128,0.1617266,966.8277,5,2.203228,0.003783272,7.753668,801.0427,19.427,0.8457702081751761,34.83706804540244,2.203228,0.003783272,0.8593849379999998,1.121587128,7.753668,801.0427,549.6540000000001,473.73457799999994
2837,5,2026-09-24T05:50:54.987+00:00,walking-quickly,Trial 3: walking quicky. grandma rushing rushing for bus,1089,-6.335,3.452,6.678,1.265,-52.542,29.875,-13.559,-12.075,109228,6.116884,267.7422,5,-0.1503682,10.51232,-30.117,-238.6042,19.527,1.0024604590042296,61.943715339007554,0.1503682,10.51232,1.911315638,1.728620881,30.117,238.6042,524.9932,466.33372799999995
2838,5,2026-09-24T05:50:55.087+00:00,walking-quickly,Trial 3: walking quicky. grandma rushing rushing for bus,1090,-6.747,3.334,7.286,1.291,-16.289,2.403,-4.516,-6.134,109329,0.1843906,716.9222,5,-2.28077,1.35333,-34.53377,833.1023,19.628,1.068141713288103,17.073376526041944,2.28077,1.35333,1.94473804,1.6466420409999998,34.53377,833.1023,517.43282,498.0483679999999
2839,5,2026-09-24T05:50:55.187+00:00,walking-quickly,Trial 3: walking quicky. grandma rushing rushing for bus,1091,-5.58,3.972,6.365,1.585,24.375,-20.632,11.768,5.17,109429,0.8726498,816.4469,5,-2.247613,-1.074139,12.1926,573.7762,19.728,0.9534559747820601,34.03389300388658,2.247613,1.074139,1.7495442,1.4765711209999999,12.1926,573.7762,634.42858,572.86722
2840,5,2026-09-24T05:50:55.288+00:00,walking-quickly,Trial 3: walking quicky. grandma rushing rushing for bus,1092,-3.344,5.217,4.609,2.161,23.233,-13.881,8.318,5.89,109530,3.210616,19.59422,5,0.2824108,0.8355778,48.86534,-1338.91,19.829,0.7875108349247183,28.313310897879816,0.2824108,0.8355778,2.1092534,1.788422809,48.86534,1338.91,557.5066439999999,517.2605120000001
2841,5,2026-09-24T05:50:55.387+00:00,walking-quickly,Trial 3: walking quicky. grandma rushing rushing for bus,1093,-3.02,5.668,4.462,2.37,-23.892,13.966,-11.104,-7.01,109630,0.1099547,1124.478,5,3.063875,-8.946867,22.07121,1008.9,19.929,0.7974419932736989,29.819048207479728,3.063875,8.946867,2.09889902,1.479141979,22.07121,1008.9,589.036704,569.345352
2842,5,2026-09-24T05:50:55.487+00:00,walking-quickly,Trial 3: walking quicky. grandma rushing rushing for bus,1094,-5.276,3.972,5.433,1.376,-74.216,45.562,-33.86,-20.838,109730,2.96942,1349.549,5,0.9551392,4.797341,-41.42136,1564.653,20.029,0.8720240131188096,93.4366635748516,0.9551392,4.797341,1.4694062200000002,1.690360929,41.42136,1564.653,805.398064,665.1956319999999
2843,5,2026-09-24T05:50:55.588+00:00,walking-quickly,Trial 3: walking quicky. grandma rushing rushing for bus,1095,-6.512,2.403,6.678,0.856,-36.219,25.509,-12.322,-7.677,109831,1.846632,769.9268,5,-2.231844,1.702851,-52.1337,1226.612,20.13,0.9821949598466991,45.98213485692025,2.231844,1.702851,1.8018545,1.8732962699999998,52.1337,1226.612,815.9989840000001,666.715902
2844,5,2026-09-24T05:50:55.688+00:00,walking-quickly,Trial 3: walking quicky. grandma rushing rushing for bus,1096,-6.463,2.461,6.698,0.899,15.833,-14.958,0.033,0.303,109932,0.002083694,1499.878,5,-4.016211,-4.663924,-11.62015,2589.159,20.231,0.9817388685443289,21.78133930684704,4.016211,4.663924,1.6277412787999999,1.6886427393999999,11.62015,2589.159,952.685204,793.556892
2845,5,2026-09-24T05:50:55.788+00:00,walking-quickly,Trial 3: walking quicky. grandma rushing rushing for bus,1097,-4.786,3.942,5.502,1.553,48.187,-29.471,8.039,8.918,110032,2.145433,440.5015,5,-2.099367,1.081282,52.73312,-1208.412,20.331,0.8453020811490698,57.05394229148411,2.099367,1.081282,1.4147046788000002,1.7619790394,52.73312,1208.412,1036.8666600000001,797.1866520000001
2846,5,2026-09-24T05:50:55.888+00:00,walking-quickly,Trial 3: walking quicky. grandma rushing rushing for bus,1098,-3.393,5.188,4.236,2.01,17.555,-7.963,-0.988,2.868,110132,1.696895,494.1334,5,1.949125,-2.249575,63.76298,-2027.286,20.431,0.7656126096245816,19.301905035513983,1.949125,2.249575,1.7320927388,1.9154958793999999,63.76298,2027.286,910.79774,749.9172219999999
2847,5,2026-09-24T05:50:55.988+00:00,walking-quickly,Trial 3: walking quicky. grandma rushing rushing for bus,1099,-3.913,4.884,4.825,1.932,-31.266,11.335,-14.723,-11.551,110232,0.2362586,981.5177,5,3.255235,-1.526429,-5.099732,-579.5676,20.531,0.8058058569429313,36.370478550604744,3.255235,1.526429,1.1854604588000002,1.3274333393999997,5.099732,579.5676,837.1914800000001,821.294772
2848,5,2026-09-24T05:50:56.089+00:00,walking-quickly,Trial 3: walking quicky. grandma rushing rushing for bus,1100,-5.776,2.697,6.855,1.259,-43.802,5.228,-17.692,-18.755,110333,4.125005,67.75388,5,1.091251,6.336112,-58.50231,-2320.223,20.632,0.9545492064229952,47.52845518213274,1.091251,6.336112,1.6411350587999998,1.7214947793999997,58.50231,2320.223,696.7568960000001,756.3779400000001
2849,5,2026-09-24T05:50:56.190+00:00,walking-quickly,Trial 3: walking quicky. grandma rushing rushing for bus,1101,-6.257,2.412,7.532,1.229,-0.459,-16.921,-6.024,-7.801,110434,0.2565503,835.112,5,-1.395808,-1.340585,-54.69957,359.6985,20.733,1.0283412923543207,17.967178353876267,1.395808,1.340585,1.69202838,1.6598848294,54.69957,359.6985,563.803696,758.24445
2850,5,2026-09-24T05:50:56.289+00:00,walking-quickly,Trial 3: walking quicky. grandma rushing rushing for bus,1102,-5.315,3.364,6.757,1.602,35.6,-24.695,8.817,6.574,110534,0.7971242,526.9806,5,-1.51293,-1.766772,11.10288,-80.87329,20.833,0.9413630497026938,44.21473186620044,1.51293,1.766772,1.4223666199999998,1.4185356494,11.10288,80.87329,581.099516,808.983088
2851,5,2026-09-24T05:50:56.389+00:00,walking-quickly,Trial 3: walking quicky. grandma rushing rushing for bus,1103,-3.776,4.56,5.541,2.108,32.3,-26.046,8.66,4.971,110634,1.760206,4.246615,5,0.6869356,-0.2801001,58.0515,-1486.22,20.933,0.8268789235722392,42.387258887547794,0.6869356,0.2801001,1.4350288199999999,1.5835607794,58.0515,1486.22,483.122159,696.9599495
2852,5,2026-09-24T05:50:56.489+00:00,walking-quickly,Trial 3: walking quicky. grandma rushing rushing for bus,1104,-3.334,5.178,5.198,2.347,0.53,-8.334,-0.925,-2.91,110734,0.2314181,471.64,5,3.048692,-6.285236,44.4376,-19.87949,21.033,0.8217827353618191,8.401909366328585,3.048692,6.285236,1.43406072,1.3097605894000002,44.4376,19.87949,381.146619,609.1690495
2853,5,2026-09-24T05:50:56.589+00:00,walking-quickly,Trial 3: walking quicky. grandma rushing rushing for bus,1105,-3.942,4.805,5.58,2.148,-38.19,14.819,-13.013,-12.128,110834,0.2182747,727.1398,5,2.582418,-0.6422573,-18.137,-271.2849,21.133,0.8517151146707287,42.98158943082492,2.582418,0.6422573,0.6527146599999999,1.1469248593999999,18.137,271.2849,513.0238029999999,604.8903495000001
2854,5,2026-09-24T05:50:56.690+00:00,walking-quickly,Trial 3: walking quicky. grandma rushing rushing for bus,1106,-5.639,2.707,7.679,1.582,-39.895,7.999,-18.352,-16.749,110935,3.895574,25.97478,5,-0.003737459,4.661435,-63.61803,-281.2434,21.234,1.00994750339146,44.636206492039626,0.003737459,4.661435,1.3805194,1.53627389,63.61803,281.2434,351.19635900000003,457.50002749999993
2855,5,2026-09-24T05:50:56.790+00:00,walking-quickly,Trial 3: walking quicky. grandma rushing rushing for bus,1107,-5.943,2.589,7.894,1.513,8.701,-18.955,-7.376,-5.877,111036,0.05093817,1069.521,5,-1.947358,0.2461859,-35.2707,1675.929,21.335,1.0415960926274266,22.122495383658688,1.947358,0.2461859,1.2312821939999998,1.326824407,35.2707,1675.929,459.704439,520.4019774999999
2856,5,2026-09-24T05:50:56.890+00:00,walking-quickly,Trial 3: walking quicky. grandma rushing rushing for bus,1108,-4.54,3.785,6.463,1.902,43.1,-25.258,5.773,7.872,111136,1.815985,465.305,5,-1.515836,2.980089,27.6514,329.1089,21.435,0.8931002344855522,50.28821027835451,1.515836,2.980089,1.242437994,1.338733407,27.6514,329.1089,551.916116,517.5191375
2857,5,2026-09-24T05:50:56.990+00:00,walking-quickly,Trial 3: walking quicky. grandma rushing rushing for bus,1109,-2.942,4.992,4.844,2.298,28.702,-17.141,0.514,4.025,111236,2.20945,100.2817,5,0.6128282,1.889626,56.63178,-806.7657,21.535,0.7701373467374539,33.43475558457097,0.6128282,1.889626,1.6380443740000001,1.536052547,56.63178,806.7657,477.644456,429.39553749999993
2858,5,2026-09-24T05:50:57.090+00:00,walking-quickly,Trial 3: walking quicky. grandma rushing rushing for bus,1110,-3.383,5.247,5.511,2.458,-10.218,-9.635,-8.119,-9.324,111336,0.2348161,548.545,5,2.530199,-5.164845,24.7804,79.74148,21.635,0.8491659992536954,16.22217340555821,2.530199,5.164845,1.6413526539999999,1.1470336570000002,24.7804,79.74148,441.925496,477.47464949999994
2859,5,2026-09-24T05:50:57.189+00:00,walking-quickly,Trial 3: walking quicky. grandma rushing rushing for bus,1111,-4.972,3.472,8.336,2.278,-24.498,-15.731,-5.354,-15.194,111436,4.55043,82.90827,5,2.085548,7.417814,-35.831,-1889.985,21.735,1.0511709551400459,29.60205535093805,2.085548,7.417814,1.7723238540000001,1.576421627,35.831,1889.985,453.312194,402.2542765
2860,5,2026-09-24T05:50:57.289+00:00,walking-quickly,Trial 3: walking quicky. grandma rushing rushing for bus,1112,-4.815,3.423,8.649,2.419,11.096,-17.888,11.769,1.659,111536,0.04183422,521.5942,5,1.013355,-1.207322,-31.64467,95.20487,21.835,1.068058934553905,24.116615040258036,1.013355,1.207322,1.7705030640000001,1.5008926290000002,31.64467,95.20487,343.72683399999994,401.7156365
2861,5,2026-09-24T05:50:57.389+00:00,walking-quickly,Trial 3: walking quicky. grandma rushing rushing for bus,1113,-3.825,3.864,7.728,2.589,41.169,-24.791,18.924,11.767,111636,0.6751804,334.4102,5,0.5426352,-3.261522,26.46767,441.3062,21.935,0.9635271732752707,51.648794932699055,0.5426352,3.261522,1.5423421440000002,1.392390069,26.46767,441.3062,317.547874,434.731995
2862,5,2026-09-24T05:50:57.490+00:00,walking-quickly,Trial 3: walking quicky. grandma rushing rushing for bus,1114,-2.236,5.188,5.727,2.893,39.574,-27.71,10.71,7.525,111737,2.759609,26.17812,5,1.178996,1.180676,60.4989,-792.8198,22.036,0.8203081010352296,49.483832470818186,1.178996,1.180676,1.652373944,1.6452091590000002,60.4989,792.8198,302.72715800000003,390.18580699999995
2863,5,2026-09-24T05:50:57.589+00:00,walking-quickly,Trial 3: walking quicky. grandma rushing rushing for bus,1115,-1.677,6.031,4.795,3.05,10.518,-7.395,0.717,1.28,111837,0.6305573,452.2702,5,2.011321,-5.092086,38.64192,240.974,22.136,0.8040726801646948,12.87743910876693,2.011321,5.092086,1.731522184,1.686437419,38.64192,240.974,283.472198,362.698847
2864,5,2026-09-24T05:50:57.689+00:00,walking-quickly,Trial 3: walking quicky. grandma rushing rushing for bus,1116,-2.148,5.864,5.609,3.109,-21.389,10.011,-4.397,-5.258,111937,0.3039625,449.0595,5,1.835505,0.4871791,-24.24263,-28.46434,22.236,0.855962210573034,24.021720400504208,1.835505,0.4871791,0.882228684,1.327276269,24.24263,28.46434,356.702444,405.00731899999994
2865,5,2026-09-24T05:50:57.789+00:00,walking-quickly,Trial 3: walking quicky. grandma rushing rushing for bus,1117,-3.589,5.148,7.492,3.017,-32.579,14.91,-3.997,-7.222,112037,2.045288,49.79209,5,1.071326,0.2894858,-50.66011,-146.4885,22.336,0.9965757500477647,36.05101038805986,1.071326,0.2894858,1.2829194400000001,1.5267112520000001,50.66011,146.4885,262.342022,303.034428
2866,5,2026-09-24T05:50:57.889+00:00,walking-quickly,Trial 3: walking quicky. grandma rushing rushing for bus,1118,-3.864,5.06,8.179,3.125,-13.129,9.537,7.607,1.338,112137,0.1848075,180.6081,5,0.4314923,-3.734872,-20.87467,-93.61804,22.436,1.0569206646585527,17.92181517034477,0.4314923,3.734872,1.18484486,1.363593502,20.87467,93.61804,231.58160200000003,274.564738
2867,5,2026-09-24T05:50:57.988+00:00,walking-quickly,Trial 3: walking quicky. grandma rushing rushing for bus,1119,-3.727,5.08,8.032,3.128,6.48,-6.252,13.212,4.48,112237,0.01362421,221.7405,5,0.1732495,-1.353021,12.99667,-729.5107,22.536,1.0409597191630555,15.988584928004103,0.1732495,1.353021,0.6356479020000001,1.1440109230000002,12.99667,729.5107,270.694078,286.71061799999995
2868,5,2026-09-24T05:50:58.089+00:00,walking-quickly,Trial 3: walking quicky. grandma rushing rushing for bus,1120,-2.569,5.325,7.012,3.256,22.027,-19.266,13.846,5.536,112337,0.8131205,137.1585,5,0.4053411,-1.013348,33.29,-451.8537,22.636,0.9352722925871502,32.374051352896814,0.4053411,1.013348,0.6721605420000001,1.201841363,33.29,451.8537,207.671738,245.57196799999997
2869,5,2026-09-24T05:50:58.188+00:00,walking-quickly,Trial 3: walking quicky. grandma rushing rushing for bus,1121,-1.285,6.119,5.364,3.4,18.76,-12.139,6.044,4.222,112437,1.665222,40.77954,5,0.8956738,-0.1318184,27.08467,-61.47476,22.736,0.840049878322803,23.147847783325343,0.8956738,0.1318184,0.9444124420000002,0.9133205630000001,27.08467,61.47476,126.015746,241.35909499999997
2870,5,2026-09-24T05:50:58.287+00:00,walking-quickly,Trial 3: walking quicky. grandma rushing rushing for bus,1122,-1.461,6.286,5.403,3.409,-19.775,2.288,-7.332,-8.273,112537,0.02016375,624.0006,5,0.8401036,1.32231,-19.481,705.8241,22.836,0.8582638611235491,21.214235621393478,0.8401036,1.32231,0.539387592,0.911153516,19.481,705.8241,240.85744800000003,251.599735
2871,5,2026-09-24T05:50:58.388+00:00,walking-quickly,Trial 3: walking quicky. grandma rushing rushing for bus,1123,-2.952,5.227,7.129,3.135,-46.383,18.883,-13.899,-13.8,112637,2.107542,342.1684,5,0.166714,3.394879,-50.368,727.698,22.936,0.9503540327535324,51.97242133093281,0.166714,3.394879,0.9239344920000001,1.054389676,50.368,727.698,273.169508,252.375555
2872,5,2026-09-24T05:50:58.487+00:00,walking-quickly,Trial 3: walking quicky. grandma rushing rushing for bus,1124,-3.913,4.207,8.542,2.945,-19.527,10.627,-0.361,-3.087,112737,1.319329,324.2279,5,-0.8858678,1.454737,-35.26667,675.5277,23.036,1.0497441401160332,22.234369318692178,0.8858678,1.454737,1.18507545,0.910361676,35.26667,675.5277,293.66698799999995,282.18053299999997
2873,5,2026-09-24T05:50:58.587+00:00,walking-quickly,Trial 3: walking quicky. grandma rushing rushing for bus,1125,-3.825,4.266,7.963,2.801,11.429,-8.357,10.071,4.381,112837,0.1153401,475.8309,5,-1.660593,-1.800599,5.504666,570.3301,23.136,1.0003553777619392,17.374882186650936,1.660593,1.800599,1.04551937,0.858839956,5.504666,570.3301,361.40146799999997,284.53660299999996
2874,5,2026-09-24T05:50:58.687+00:00,walking-quickly,Trial 3: walking quicky. grandma rushing rushing for bus,1126,-2.481,4.952,6.561,3.011,23.901,-16.4,10.93,6.144,112937,1.414282,73.65949,5,-1.131034,0.7960335,47.014,-967.0197,23.236,0.8755579718266894,30.978745955896922,1.131034,0.7960335,0.99533137,0.9698719060000001,47.014,967.0197,367.97745799999996,246.996602
2875,5,2026-09-24T05:50:58.786+00:00,walking-quickly,Trial 3: walking quicky. grandma rushing rushing for bus,1127,-1.785,5.56,5.619,3.132,4.275,-4.757,-0.71,-0.397,113037,0.5802602,218.743,5,0.05884027,-2.959612,36.03534,-497.4192,23.336,0.826366505586224,6.434964957169542,0.05884027,2.959612,1.10735066,0.823369126,36.03534,497.4192,286.925938,263.891693
2876,5,2026-09-24T05:50:58.887+00:00,walking-quickly,Trial 3: walking quicky. grandma rushing rushing for bus,1128,-2.148,5.462,5.943,3.086,-33.998,19.217,-10.367,-8.383,113137,0.08200121,710.9443,5,0.6112819,-2.009736,-15.36967,516.3448,23.436,0.8517322553106729,40.40583846426157,0.6112819,2.009736,0.702242502,0.8130884970000001,15.36967,516.3448,360.68111799999997,316.92531299999996
2877,5,2026-09-24T05:50:58.986+00:00,walking-quickly,Trial 3: walking quicky. grandma rushing rushing for bus,1129,-4.56,3.589,7.679,2.236,-60.831,32.192,-20.147,-16.262,113237,4.113721,328.003,5,-1.055849,6.66448,-55.81233,341.6289,23.536,0.9814818184804797,71.7121819079576,1.055849,6.66448,1.261120902,1.2230981760000001,55.81233,341.6289,361.43613799999997,327.55156300000004
2878,5,2026-09-24T05:50:59.086+00:00,walking-quickly,Trial 3: walking quicky. grandma rushing rushing for bus,1130,-5.551,2.873,8.551,1.958,-22.155,16.006,-5.94,-4.03,113337,0.7517637,653.2195,5,-3.000836,2.208425,-36.21133,1268.38,23.636,1.0800683316249695,27.96997785126045,3.000836,2.208425,1.388405622,1.216962496,36.21133,1268.38,396.913858,379.157663
2879,5,2026-09-24T05:50:59.186+00:00,walking-quickly,Trial 3: walking quicky. grandma rushing rushing for bus,1131,-4.933,2.873,7.806,1.916,23.843,-9.66,6.36,6.848,113437,0.3123932,975.2832,5,-3.559814,0.1340286,18.843,1455.356,23.736,0.9861359854169355,26.500072622542,3.559814,0.1340286,1.168027862,1.081679616,18.843,1455.356,577.2385999999999,472.608029
2880,5,2026-09-24T05:50:59.286+00:00,walking-quickly,Trial 3: walking quicky. grandma rushing rushing for bus,1132,-3.06,4.305,5.962,2.403,32.214,-12.145,15.41,11.826,113537,2.985802,52.71712,5,-1.686744,2.006274,63.52767,-669.1741,23.836,0.8122093662585228,37.718840398400374,1.686744,2.006274,1.6491362219999999,1.378243441,63.52767,669.1741,544.033424,415.47968099999997
2881,5,2026-09-24T05:50:59.386+00:00,walking-quickly,Trial 3: walking quicky. grandma rushing rushing for bus,1133,-2.314,5.09,5.099,2.625,-3.402,8.076,-1.567,1.036,113638,0.6385713,655.2023,5,1.221641,-4.708607,50.2614,54.89938,23.937,0.7716395257456644,8.902295715151233,1.221641,4.708607,1.7604502400000002,1.231346371,50.2614,54.89938,532.885024,446.783071
2882,5,2026-09-24T05:50:59.487+00:00,walking-quickly,Trial 3: walking quicky. grandma rushing rushing for bus,1134,-3.295,3.452,6.757,2.305,-39.704,21.964,-12.602,-10.114,113738,2.130174,544.161,5,1.398416,3.064984,-17.98558,-534.5132,24.037,0.8435363340706442,47.09177546026482,1.398416,3.064984,1.3637408399999997,1.312430871,17.98558,534.5132,576.116624,468.776381
2883,5,2026-09-24T05:50:59.587+00:00,walking-quickly,Trial 3: walking quicky. grandma rushing rushing for bus,1135,-4.413,2.206,8.385,2.059,-20.538,5.938,-10.956,-8.519,113839,1.817011,208.9592,5,0.187739,2.133172,-52.41713,-1034.152,24.138,0.9920598351884408,24.022972838514388,0.187739,2.133172,1.5767902999999999,1.4825979610000002,52.41713,1034.152,487.26456400000006,442.0892110000001
2884,5,2026-09-24T05:50:59.687+00:00,walking-quickly,Trial 3: walking quicky. grandma rushing rushing for bus,1136,-4.815,1.824,8.738,1.916,13.629,-20.326,-6.467,-4.388,113939,0.1441915,625.7776,5,-1.531179,-4.485478,-41.79093,696.5394,24.238,1.034214688141077,25.312408143043207,1.531179,4.485478,1.54314996,1.3555889110000001,41.79093,696.5394,417.36344399999996,497.3010220000001
2885,5,2026-09-24T05:50:59.787+00:00,walking-quickly,Trial 3: walking quicky. grandma rushing rushing for bus,1137,-3.834,3.02,7.404,2.197,48.756,-29.962,9.412,9.402,114039,1.390624,526.3004,5,-1.242862,-0.4821834,22.36466,-176.8758,24.338,0.9042713898939512,57.995299154328016,1.242862,0.4821834,1.22411436,1.436625291,22.36466,176.8758,512.0801,528.056762
2886,5,2026-09-24T05:50:59.887+00:00,walking-quickly,Trial 3: walking quicky. grandma rushing rushing for bus,1138,-1.893,4.384,5.56,2.684,41.257,-28.264,5.641,6.211,114140,3.009139,24.44622,5,0.89231,1.329669,50.33093,-721.4989,24.439,0.747365762342663,50.32707646982884,0.89231,1.329669,1.6982278999999998,1.72933907,50.33093,721.4989,385.928884,459.4069539999999
2887,5,2026-09-24T05:50:59.987+00:00,walking-quickly,Trial 3: walking quicky. grandma rushing rushing for bus,1139,-1.755,4.825,5.109,2.726,-3.952,-7.758,-10.416,-7.375,114240,0.1390303,907.3923,5,2.097057,-0.4826308,12.81598,790.9268,24.539,0.7385908852617288,13.575637148951795,2.097057,0.4826308,1.29999916,1.3318699999999999,12.81598,790.9268,458.575144,517.345884
2888,5,2026-09-24T05:51:00.087+00:00,walking-quickly,Trial 3: walking quicky. grandma rushing rushing for bus,1140,-3.638,3.501,7.022,2.295,-38.471,12.206,-19.712,-15.326,114340,2.984936,558.8461,5,1.286351,4.418654,-38.51714,244.8074,24.639,0.8819250107585257,44.9173376437206,1.286351,4.418654,1.5335841599999998,1.55518723,38.51714,244.8074,528.552524,507.908544
2889,5,2026-09-24T05:51:00.188+00:00,walking-quickly,Trial 3: walking quicky. grandma rushing rushing for bus,1141,-5.021,2.569,8.649,2.066,-17.233,7.579,-9.271,-6.308,114441,1.809991,193.8254,5,-0.6466293,0.8122116,-52.69218,-132.8097,24.74,1.0529052734663347,20.984970121494097,0.6466293,0.8122116,1.8667440599999998,1.7049470099999997,52.69218,132.8097,442.16208399999994,429.76276399999995
2890,5,2026-09-24T05:51:00.288+00:00,walking-quickly,Trial 3: walking quicky. grandma rushing rushing for bus,1142,-4.962,2.687,8.61,2.112,19.467,-11.78,1.709,3.132,114541,0.006283154,614.0737,5,-1.799359,-4.3224,-5.014617,461.7965,24.84,1.049730921179958,22.817825707108902,1.799359,4.3224,1.5898758908,1.4069951254,5.014617,461.7965,459.716744,485.89842200000004
2891,5,2026-09-24T05:51:00.388+00:00,walking-quickly,Trial 3: walking quicky. grandma rushing rushing for bus,1143,-3.56,3.717,7.1,2.419,44.262,-24.427,11.536,10.457,114641,1.769214,290.4362,5,-0.7965579,0.2756559,53.96323,-1176.018,24.94,0.8942143112022611,51.85443345558796,0.7965579,0.2756559,1.3418908907999998,1.5200593954,53.96323,1176.018,512.9147399999999,449.42181199999993
2892,5,2026-09-24T05:51:00.488+00:00,walking-quickly,Trial 3: walking quicky. grandma rushing rushing for bus,1144,-1.618,4.894,5.227,2.834,30.799,-12.177,5.257,7.96,114742,2.887836,123.5802,5,1.42573,-0.2340711,63.06309,-772.0815,25.041,0.7485765056443281,33.533472516278415,1.42573,0.2340711,1.8916520308,1.5958255954,63.06309,772.0815,356.15232000000003,407.36373199999997
2893,5,2026-09-24T05:51:00.588+00:00,walking-quickly,Trial 3: walking quicky. grandma rushing rushing for bus,1145,-2.001,4.737,5.266,2.667,-12.18,7.947,-15.009,-6.414,114842,0.05747784,887.6269,5,1.920449,-0.6164381,4.569015,893.4121,25.141,0.7505411001720614,20.899217449464466,1.920449,0.6164381,1.3061603988,1.4198722794,4.569015,893.4121,421.90848000000005,475.230502
2894,5,2026-09-24T05:51:00.688+00:00,walking-quickly,Trial 3: walking quicky. grandma rushing rushing for bus,1146,-4.629,3.491,7.551,2.138,-30.117,16.775,-22.544,-11.962,114942,4.559823,152.1486,5,0.3022935,7.370399,-46.90024,-325.4765,25.241,0.9707801336198825,41.19060875976465,0.3022935,7.370399,1.8561267987999996,1.8614354294000002,46.90024,325.4765,413.57312,427.8676020000001
2895,5,2026-09-24T05:51:00.788+00:00,walking-quickly,Trial 3: walking quicky. grandma rushing rushing for bus,1147,-5.443,3.373,8.375,2.102,-3.95,13.036,-7.65,0.479,115043,0.4516482,306.8411,5,-1.322996,-0.9685534,-39.66005,61.0525,25.342,1.0750343509483788,15.622493270921899,1.322996,0.9685534,1.945199808,1.7675378494,39.66005,61.0525,352.12659999999994,405.92167200000006
2896,5,2026-09-24T05:51:00.888+00:00,walking-quickly,Trial 3: walking quicky. grandma rushing rushing for bus,1148,-5.168,3.256,8.022,2.037,29.062,-8.563,4.92,8.473,115143,0.07129439,571.438,5,-2.153512,-5.234327,7.966813,313.6602,25.442,1.0281563693183702,30.694156007292335,2.153512,5.234327,1.605615886,1.4737533884,7.966813,313.6602,408.32696000000004,460.62084999999996
2897,5,2026-09-24T05:51:00.988+00:00,walking-quickly,Trial 3: walking quicky. grandma rushing rushing for bus,1149,-3.324,4.59,6.09,2.452,39.121,-18.514,9.797,10.135,115243,2.970029,74.66366,5,-0.5321006,1.314937,53.39791,-1201.838,25.542,0.8482983321980164,44.37569206220901,0.5321006,1.314937,1.6220544860000001,1.7568532584,53.39791,1201.838,398.54365199999995,377.34798600000005
2898,5,2026-09-24T05:51:01.088+00:00,walking-quickly,Trial 3: walking quicky. grandma rushing rushing for bus,1150,-2.128,5.364,4.815,2.684,13.433,1.934,2.552,5.973,115343,1.21896,376.828,5,1.437262,-4.173671,45.48949,217.751,25.642,0.7663837623668955,13.80936454005035,1.437262,4.173671,1.8543509180000002,1.5802556584,45.48949,217.751,296.383872,359.146176
2899,5,2026-09-24T05:51:01.187+00:00,walking-quickly,Trial 3: walking quicky. grandma rushing rushing for bus,1151,-2.952,4.776,5.345,2.39,-22.825,26.02,-12.523,-3.109,115443,0.4350748,707.3445,5,1.222563,1.114519,-9.676001,606.3969,25.742,0.7904840148776069,36.80824030023712,1.222563,1.114519,1.029401278,1.4427640383999998,9.676001,606.3969,407.423052,410.49808599999994
2900,5,2026-09-24T05:51:01.287+00:00,walking-quickly,Trial 3: walking quicky. grandma rushing rushing for bus,1152,-5.433,3.648,7.365,1.86,-28.056,25.01,-16.602,-6.549,115543,3.836236,15.00723,5,-0.4151475,4.994929,-43.28867,-480.1806,25.842,1.0046591585407914,41.08850982939148,0.4151475,4.994929,1.706318838,1.8257593230000002,43.28867,480.1806,349.05627799999996,350.591439
2901,5,2026-09-24T05:51:01.387+00:00,walking-quickly,Trial 3: walking quicky. grandma rushing rushing for bus,1153,-6.227,3.354,8.032,1.719,-5.677,7.085,-3.964,-0.852,115643,0.3874063,327.2814,5,-2.288218,-2.54797,-34.49567,143.4148,25.942,1.0913244212239068,9.906505438347066,2.288218,2.54797,1.76954122,1.6875785529999998,34.49567,143.4148,300.224958,354.275959
2902,5,2026-09-24T05:51:01.487+00:00,walking-quickly,Trial 3: walking quicky. grandma rushing rushing for bus,1154,-5.698,3.442,7.492,1.746,25.334,-12.886,13.932,8.793,115743,0.1930459,560.2633,5,-2.54646,-2.099497,7.898002,-13.19262,26.042,1.021980690917393,31.653770328351094,2.54646,2.099497,1.2141446000000002,1.4180995429999999,7.898002,13.19262,397.34488600000003,397.94426899999996
2903,5,2026-09-24T05:51:01.587+00:00,walking-quickly,Trial 3: walking quicky. grandma rushing rushing for bus,1155,-3.491,4.511,5.57,2.197,30.375,-15.964,15.471,9.961,115843,3.235235,12.4181,5,-0.500139,1.957131,41.48267,-844.5969,26.142,0.8129709619374572,37.640958569090664,0.500139,1.957131,1.6173996,1.7358752589999997,41.48267,844.5969,324.4629060000001,310.423389
2904,5,2026-09-24T05:51:01.686+00:00,walking-quickly,Trial 3: walking quicky. grandma rushing rushing for bus,1156,-2.922,4.815,4.727,2.206,-2.961,3.829,-1.626,-0.253,115943,0.3757377,598.453,5,1.170261,-4.073168,23.406,852.0283,26.242,0.749798919290373,5.106137287617715,1.170261,4.073168,1.6055321799999998,1.317466729,23.406,852.0283,302.684606,355.053829
2905,5,2026-09-24T05:51:01.787+00:00,walking-quickly,Trial 3: walking quicky. grandma rushing rushing for bus,1157,-4.099,4.109,6.365,2.125,-26.073,23.049,-15.937,-6.32,116044,1.521832,369.4592,5,1.267776,2.445534,-19.98842,122.0152,26.343,0.878371181091588,38.275915390751926,1.267776,2.445534,1.1426513799999998,1.424485109,19.98842,122.0152,373.57499999999993,361.31563900000003
2906,5,2026-09-24T05:51:01.887+00:00,walking-quickly,Trial 3: walking quicky. grandma rushing rushing for bus,1158,-6.149,3.668,7.894,1.804,-12.869,17.234,-10.78,-2.138,116144,2.245322,78.2515,5,0.04447645,2.384201,-38.04039,-605.3413,26.443,1.0867498989494762,24.058892680254427,0.04447645,2.384201,1.51423452,1.6418878700000001,38.04039,605.3413,323.76902,311.996989
2907,5,2026-09-24T05:51:01.988+00:00,walking-quickly,Trial 3: walking quicky. grandma rushing rushing for bus,1159,-6.374,3.285,7.963,1.625,7.06,-2.947,5.67,3.261,116245,0.06728719,358.3468,5,-1.538624,-4.442311,-15.18814,170.2571,26.544,1.0927079770159849,9.522463389270657,1.538624,4.442311,1.489082778,1.351613689,15.18814,170.2571,283.38572,340.3653029999999
2908,5,2026-09-24T05:51:02.088+00:00,walking-quickly,Trial 3: walking quicky. grandma rushing rushing for bus,1160,-5.296,3.57,6.698,1.657,26.032,-14.127,20.002,10.636,116345,0.9483043,230.1118,5,-1.590614,-0.3102193,31.17649,-743.7062,26.644,0.9437511838594812,35.739574102107035,1.590614,0.3102193,1.031696638,1.324548119,31.17649,743.7062,326.92446,325.69368299999996
2909,5,2026-09-24T05:51:02.188+00:00,walking-quickly,Trial 3: walking quicky. grandma rushing rushing for bus,1161,-3.521,4.354,5.198,2.01,19.331,-9.807,14.721,8.082,116445,2.005793,30.48492,5,-0.3760664,-0.3375825,41.46736,-523.1536,26.744,0.7790922894595447,26.202531385345193,0.3760664,0.3375825,1.357707698,1.4816199390000002,41.46736,523.1536,213.33084399999998,258.007725
2910,5,2026-09-24T05:51:02.287+00:00,walking-quickly,Trial 3: walking quicky. grandma rushing rushing for bus,1162,-3.344,4.717,5.168,2.18,-14.744,6.784,-12.899,-6.953,116545,0.05456062,733.0771,5,1.133539,-2.445026,-4.742503,979.9398,26.844,0.790794025687055,20.73143489968796,1.133539,2.445026,1.0642534220000002,1.1034524010000002,4.742503,979.9398,286.05442400000004,329.814712
2911,5,2026-09-24T05:51:02.387+00:00,walking-quickly,Trial 3: walking quicky. grandma rushing rushing for bus,1163,-5.668,4.511,6.825,1.889,-29.065,19.788,-23.989,-11.089,116645,2.730308,165.7277,5,1.05258,4.432299,-46.288,117.7272,26.944,1.0148915860132086,42.56537665756054,1.05258,4.432299,1.161250622,1.3377425710000002,46.288,117.7272,303.54966399999995,313.659342
2912,5,2026-09-24T05:51:02.488+00:00,walking-quickly,Trial 3: walking quicky. grandma rushing rushing for bus,1164,-6.639,4.266,7.424,1.683,-8.533,8.523,-0.719,-0.243,116746,0.4535078,363.3187,5,-0.07037183,-0.2718384,-40.76756,400.6386,27.045,1.1048325318982724,12.081828462612767,0.07037183,0.2718384,1.238494744,1.363788761,40.76756,400.6386,304.544044,293.96488199999993
2913,5,2026-09-24T05:51:02.588+00:00,walking-quickly,Trial 3: walking quicky. grandma rushing rushing for bus,1165,-6.502,3.599,7.277,1.458,10.155,-14.012,16.435,4.193,116846,0.1617265,383.7757,5,-1.59762,-3.284909,-0.9984577,335.5712,27.145,1.060620230228279,23.86565301851177,1.59762,3.284909,1.081179184,1.0564379110000002,0.9984577,335.5712,335.276824,331.100642
2914,5,2026-09-24T05:51:02.689+00:00,walking-quickly,Trial 3: walking quicky. grandma rushing rushing for bus,1166,-4.521,3.913,6.07,1.821,23.173,-22.234,26.536,9.158,116947,1.825859,113.0333,5,-1.143605,0.9651968,47.29189,-1016.189,27.246,0.8688311860494274,41.659308455614095,1.143605,0.9651968,1.045192384,1.201450041,47.29189,1016.189,351.7865,282.558672
2915,5,2026-09-24T05:51:02.789+00:00,walking-quickly,Trial 3: walking quicky. grandma rushing rushing for bus,1167,-2.579,5.021,4.795,2.412,13.407,-7.208,11.729,5.976,117048,2.207848,180.1342,5,1.177299,0.3284101,43.21344,-220.1275,27.347,0.7552353604627019,19.216460496147565,1.177299,0.3284101,1.4758498599999998,1.2700516409999998,43.21344,220.1275,241.19791999999998,263.626172
2916,5,2026-09-24T05:51:02.889+00:00,walking-quickly,Trial 3: walking quicky. grandma rushing rushing for bus,1168,-3.158,5.119,5.021,2.327,-23.789,12.514,-16.665,-9.313,117148,0.1317535,859.573,5,2.23157,1.402965,-16.23474,782.3733,27.447,0.7989498719029594,31.62655438077313,2.23157,1.402965,0.95613896,1.058694791,16.23474,782.3733,379.96698,341.75832199999996
2917,5,2026-09-24T05:51:02.989+00:00,walking-quickly,Trial 3: walking quicky. grandma rushing rushing for bus,1169,-6.551,3.825,6.874,1.383,-34.239,21.583,-22.928,-11.861,117248,5.541369,76.89146,5,0.3617213,9.012484,-50.26196,132.3183,27.547,1.043893114569211,46.516966732580485,0.3617213,9.012484,1.9737112000000003,1.606102972,50.26196,132.3183,322.681532,313.61278799999997
2918,5,2026-09-24T05:51:03.089+00:00,walking-quickly,Trial 3: walking quicky. grandma rushing rushing for bus,1170,-7.218,3.481,7.228,1.164,-8.389,9.082,0.654,0.449,117349,0.2290459,460.2027,5,-2.33166,0.1229415,-35.0619,589.8373,27.648,1.1004475240421683,12.38086269207441,2.33166,0.1229415,1.98717508,1.534177132,35.0619,589.8373,337.966932,336.621878
2919,5,2026-09-24T05:51:03.189+00:00,walking-quickly,Trial 3: walking quicky. grandma rushing rushing for bus,1171,-6.531,3.197,6.855,1.174,16.475,-10.163,17.36,7.891,117449,0.2303281,422.5597,5,-3.630178,-3.863288,13.62061,85.79501,27.748,1.0190317281758043,26.001572913960416,3.630178,3.863288,1.6680688999999997,1.356630642,13.62061,85.79501,399.87221200000005,375.8293559999999
2920,5,2026-09-24T05:51:03.290+00:00,walking-quickly,Trial 3: walking quicky. grandma rushing rushing for bus,1172,-4.276,4.344,5.56,1.876,25.043,-10.684,20.58,11.646,117549,2.693188,28.01681,5,-1.110152,-0.2083483,61.50854,-1311.535,27.848,0.8413005577033291,34.129695354632155,1.110152,0.2083483,1.7651369000000003,1.6204933799999999,61.50854,1311.535,369.448734,305.32332699999995
2921,5,2026-09-24T05:51:03.389+00:00,walking-quickly,Trial 3: walking quicky. grandma rushing rushing for bus,1173,-3.226,5.511,4.766,2.35,-1.465,8.577,0.507,2.54,117650,1.031299,492.1952,5,2.636328,-6.548579,39.82395,399.3716,27.949,0.8125350190820004,8.715974013270117,2.636328,6.548579,1.9450460000000003,1.4505924800000003,39.82395,399.3716,295.97317400000003,337.97007700000006
2922,5,2026-09-24T05:51:03.490+00:00,walking-quickly,Trial 3: walking quicky. grandma rushing rushing for bus,1174,-4.442,4.462,5.492,1.837,-22.186,34.572,-9.979,0.802,117750,1.035467,405.0187,5,2.516718,2.399179,-4.676115,-38.75938,28.049,0.8519536547609766,42.27318560269619,2.516718,2.399179,1.0438656,1.5087884000000003,4.676115,38.75938,361.59862200000003,342.140077
2923,5,2026-09-24T05:51:03.590+00:00,walking-quickly,Trial 3: walking quicky. grandma rushing rushing for bus,1175,-6.855,3.246,6.923,1.105,-15.712,17.634,-10.109,-2.729,117850,3.116177,109.6085,5,-0.1726124,4.092563,-32.00569,-246.0972,28.149,1.047162015246578,25.690791755023824,0.1726124,4.092563,1.6212918200000002,1.8042334500000003,32.00569,246.0972,291.479782,314.72335699999996
2924,5,2026-09-24T05:51:03.689+00:00,walking-quickly,Trial 3: walking quicky. grandma rushing rushing for bus,1176,-7.002,2.893,7.031,0.974,3.213,-8.684,4.055,-0.472,117950,0.05263719,417.1372,5,-3.040161,-3.194494,-29.48006,396.688,28.249,1.0539763001035252,10.108325776309348,3.040161,3.194494,1.585753638,1.6269112689999996,29.48006,396.688,290.39528200000007,345.13374699999997
2925,5,2026-09-24T05:51:03.789+00:00,walking-quickly,Trial 3: walking quicky. grandma rushing rushing for bus,1177,-5.737,3.256,6.217,1.245,24.144,-21.633,18.546,7.019,118050,0.7981819,271.9241,5,-3.072751,-1.449064,7.684334,-428.4235,28.349,0.9243253259507588,37.34800585037975,3.072751,1.449064,1.2067524180000002,1.485944659,7.684334,428.4235,339.17674,354.312737
2926,5,2026-09-24T05:51:03.889+00:00,walking-quickly,Trial 3: walking quicky. grandma rushing rushing for bus,1178,-3.854,4.305,5.139,1.863,17.513,-16.399,10.374,3.829,118150,1.936647,46.04882,5,0.1928636,-0.5156342,15.802,-555.624,28.449,0.7885226333177154,26.139094207718827,0.1928636,0.5156342,1.387822018,1.666434009,15.802,555.624,249.947464,272.960319
2927,5,2026-09-24T05:51:03.989+00:00,walking-quickly,Trial 3: walking quicky. grandma rushing rushing for bus,1179,-3.491,4.609,5.099,2.072,-10.035,0.545,-15.004,-8.165,118251,0.07520535,563.3448,5,2.81922,-4.192336,-6.624062,537.0491,28.55,0.7861063846874251,18.058744862254407,2.81922,4.192336,1.195769688,1.1198176439999998,6.624062,537.0491,281.612684,321.60565299999996
2928,5,2026-09-24T05:51:04.089+00:00,walking-quickly,Trial 3: walking quicky. grandma rushing rushing for bus,1180,-5.521,4.266,6.198,1.648,-26.461,23.806,-26.075,-9.577,118351,1.814992,311.1516,5,2.166769,2.785179,-33.34051,81.26726,28.65,0.9516493075912116,44.12273543197429,2.166769,2.785179,0.935532688,1.278412254,33.34051,81.26726,321.921304,306.70054300000004
2929,5,2026-09-24T05:51:04.189+00:00,walking-quickly,Trial 3: walking quicky. grandma rushing rushing for bus,1181,-6.835,3.53,7.002,1.232,-5.985,7.512,-4.051,-0.841,118451,0.9714812,389.9392,5,-0.2393015,0.2186665,-29.09119,501.2692,28.75,1.0607309839725914,10.424057271523406,0.2393015,0.2186665,1.1193014900000002,1.352527564,29.09119,501.2692,316.481704,303.438493
2930,5,2026-09-24T05:51:04.289+00:00,walking-quickly,Trial 3: walking quicky. grandma rushing rushing for bus,1182,-6.168,3.217,6.727,1.259,16.108,-15.226,14.304,5.062,118551,0.2061894,447.3411,5,-2.043882,-2.563722,9.692144,629.7103,28.85,0.9867873509035694,26.379976421520926,2.043882,2.563722,1.0009029900000002,1.103827704,9.692144,629.7103,351.56510399999996,345.370922
2931,5,2026-09-24T05:51:04.389+00:00,walking-quickly,Trial 3: walking quicky. grandma rushing rushing for bus,1183,-4.452,3.727,5.619,1.631,25.801,-20.764,15.75,6.929,118651,1.477754,42.23821,5,-1.271595,1.196295,44.826,-906.0236,28.95,0.8239155177853431,36.672848225901404,1.271595,1.196295,0.90912439,1.148473204,44.826,906.0236,350.802982,300.375223
2932,5,2026-09-24T05:51:04.488+00:00,walking-quickly,Trial 3: walking quicky. grandma rushing rushing for bus,1184,-3.226,4.452,4.943,2.056,1.605,-10.953,-10.377,-6.575,118751,0.8290527,454.7741,5,1.216025,-1.465605,13.77367,-60.45592,29.05,0.7539050230656095,15.173212019872391,1.216025,1.465605,1.05989386,1.1278317740000001,13.77367,60.45592,329.088842,305.35076300000003
2933,5,2026-09-24T05:51:04.588+00:00,walking-quickly,Trial 3: walking quicky. grandma rushing rushing for bus,1185,-3.864,4.384,5.6,2.04,-26.971,8.13,-33.682,-17.508,118851,0.2809136,574.6239,5,2.412436,-0.7582719,-44.96966,376.8024,29.15,0.8253401356610061,43.90909774750559,2.412436,0.7582719,0.7530781799999999,0.844305434,44.96966,376.8024,381.783302,351.852303
2934,5,2026-09-24T05:51:04.689+00:00,walking-quickly,Trial 3: walking quicky. grandma rushing rushing for bus,1186,-6.874,2.991,6.825,0.981,-32.723,14.987,-26.626,-14.787,118952,4.168602,43.29703,5,-0.1526142,6.728776,-63.97304,-277.2827,29.251,1.0337859732339905,44.76995392001202,0.1526142,6.728776,1.39250234,1.255901915,63.97304,277.2827,312.454868,314.468286
2935,5,2026-09-24T05:51:04.789+00:00,walking-quickly,Trial 3: walking quicky. grandma rushing rushing for bus,1187,-7.326,2.295,6.992,0.654,-2.002,-5.682,-0.422,-2.702,119053,0.2386948,685.879,5,-3.021233,0.8573196,-27.19556,870.4181,29.352,1.0588630486218695,6.0391400050007125,3.021233,0.8573196,1.39900342,1.199953205,27.19556,870.4181,360.16244800000004,355.86377600000003
2936,5,2026-09-24T05:51:04.890+00:00,walking-quickly,Trial 3: walking quicky. grandma rushing rushing for bus,1188,-6.188,2.324,6.257,0.798,25.693,-23.266,19.423,7.283,119153,0.6119642,490.0114,5,-3.882744,-0.4732904,42.29968,181.0152,29.452,0.928123094300258,39.73273126780992,3.882744,0.4732904,1.22584546,1.067484925,42.29968,181.0152,449.717086,400.26003399999996
2937,5,2026-09-24T05:51:04.990+00:00,walking-quickly,Trial 3: walking quicky. grandma rushing rushing for bus,1189,-3.991,3.619,5.05,1.559,22.559,-21.999,12.134,4.231,119253,2.652026,21.51893,5,-1.147018,1.174217,65.2512,-653.9684,29.552,0.7529880454995942,33.76534374177168,1.147018,1.174217,1.59044012,1.32516699,65.2512,653.9684,363.066052,346.077447
2938,5,2026-09-24T05:51:05.090+00:00,walking-quickly,Trial 3: walking quicky. grandma rushing rushing for bus,1190,-3.462,4.354,4.854,1.916,-5.55,-2.761,-11.952,-6.754,119354,0.2866199,580.1173,5,2.762476,-5.346572,22.89604,411.3497,29.653,0.7528246227314528,13.463874813737686,2.762476,5.346572,1.59158138,1.1723297799999999,22.89604,411.3497,364.164732,372.974017
2939,5,2026-09-24T05:51:05.190+00:00,walking-quickly,Trial 3: walking quicky. grandma rushing rushing for bus,1191,-4.972,4.148,5.864,1.68,-17.76,22.989,-17.031,-3.934,119454,1.114487,279.3143,5,3.161343,1.412145,-16.50184,-718.3379,29.753,0.8907977499375169,33.67442177677295,3.161343,1.412145,0.9807583799999999,1.18663036,16.50184,718.3379,411.368186,361.91152700000004
2940,5,2026-09-24T05:51:05.290+00:00,walking-quickly,Trial 3: walking quicky. grandma rushing rushing for bus,1192,-7.09,3.02,7.061,0.997,-8.752,8.264,-6.088,-2.192,119555,2.396726,139.2397,5,0.5148902,2.017206,-26.98519,-440.0379,29.854,1.0658167370645992,13.489067573409217,0.5148902,2.017206,1.4123646200000002,1.40568402,26.98519,440.0379,302.040326,331.101387
2941,6,2026-09-24T05:54:10.220+00:00,walking-slowly-then-fall,Trial 4: grandma walking slowly at home then sudden fall,3032,1.726,5.06,8.326,5.037,6.299,-0.213,0.376,2.154,304923,0.005449636,1.110631,5,0.1044476,-0.003065473,-0.1410679,1.6049,0.0,1.0089779000049668,6.31380598371537,0.1044476,0.003065473,,,0.1410679,1.6049,,
2942,6,2026-09-24T05:54:10.321+00:00,walking-slowly-then-fall,Trial 4: grandma walking slowly at home then sudden fall,3033,1.726,5.08,8.306,5.037,4.304,-1.052,-1.415,0.612,305024,0.0002564535,2.630542,5,0.09759813,-0.01887262,-4.784672,4.779123,0.101,1.0083086327661623,4.651165982847742,0.09759813,0.01887262,,,4.784672,4.779123,,
2943,6,2026-09-24T05:54:10.421+00:00,walking-slowly-then-fall,Trial 4: grandma walking slowly at home then sudden fall,3034,1.736,5.07,8.306,5.037,3.98,-0.754,-2.303,0.308,305124,6.411337e-05,0.3274413,5,0.08449713,-0.01179528,-8.166641,0.5033903,0.201,1.007963722820567,4.659691513394422,0.08449713,0.01179528,,,8.166641,0.5033903,,
2944,6,2026-09-24T05:54:10.522+00:00,walking-slowly-then-fall,Trial 4: grandma walking slowly at home then sudden fall,3035,1.697,5.198,8.296,5.063,4.997,-0.11,-1.499,1.129,305225,0.005962587,0.6984805,5,0.09093011,-0.0007649846,-5.405304,-0.7678083,0.302,1.0131825013905857,5.218151971723323,0.09093011,0.0007649846,,,5.405304,0.7678083,,
2945,6,2026-09-24T05:54:10.621+00:00,walking-slowly-then-fall,Trial 4: grandma walking slowly at home then sudden fall,3036,1.687,5.237,8.267,5.063,2.452,-0.117,-0.354,0.66,305325,0.0008334738,2.596033,5,0.07808746,-0.003502734,-2.459045,1.035471,0.402,1.0126322491652586,2.480183259358066,0.07808746,0.003502734,,,2.459045,1.035471,,
2946,6,2026-09-24T05:54:10.722+00:00,walking-slowly-then-fall,Trial 4: grandma walking slowly at home then sudden fall,3037,1.648,5.296,8.277,5.073,-1.451,-1.365,1.572,-0.415,305426,0.001699004,6.833463,5,0.09762346,0.003649283,-1.693111,10.63273,0.503,1.0159989400369718,2.5376780725694896,0.09762346,0.003649283,0.0017631263340000002,,1.693111,10.63273,2.61719196,
2947,6,2026-09-24T05:54:10.822+00:00,walking-slowly-then-fall,Trial 4: grandma walking slowly at home then sudden fall,3038,1.657,5.247,8.296,5.067,-1.175,-1.041,3.034,0.273,305526,0.0009617005,0.7728652,5,0.06837962,-0.002437045,-1.6063,7.005907,0.603,1.0151185220085988,3.4160594257126147,0.06837962,0.002437045,0.001904175734,,1.6063,7.005907,2.2456566,
2948,6,2026-09-24T05:54:10.923+00:00,walking-slowly-then-fall,Trial 4: grandma walking slowly at home then sudden fall,3039,1.53,5.394,8.355,5.093,2.776,2.824,2.835,2.812,305627,0.01378439,10.19608,5,0.06186777,0.01573046,2.966391,17.11164,0.704,1.0260299254248544,4.87015164034961,0.06186777,0.01573046,0.00464823106,,2.966391,17.11164,4.2193843399999995,
2949,6,2026-09-24T05:54:11.023+00:00,walking-slowly-then-fall,Trial 4: grandma walking slowly at home then sudden fall,3040,1.432,5.57,8.306,5.103,5.774,5.67,7.253,6.232,305727,0.01439351,12.20215,5,0.09761004,0.03902424,14.29173,22.48221,0.804,1.0301917906753348,10.867105640417783,0.09761004,0.03902424,0.00633441566,,14.29173,22.48221,6.5201182399999995,
2950,6,2026-09-24T05:54:11.123+00:00,walking-slowly-then-fall,Trial 4: grandma walking slowly at home then sudden fall,3041,1.432,5.619,8.296,5.116,9.58,9.257,13.297,10.711,305827,0.0008334738,21.29405,5,0.120628,0.01173031,28.12247,40.23767,0.904,1.0321190572584034,18.822291518303505,0.120628,0.01173031,0.0063344156599999995,,28.12247,40.23767,10.25972164,
2951,6,2026-09-24T05:54:11.224+00:00,walking-slowly-then-fall,Trial 4: grandma walking slowly at home then sudden fall,3042,1.608,5.394,8.238,5.08,12.505,12.735,17.375,14.205,305927,0.02849849,12.4274,5,0.04908582,0.04206141,35.68704,34.37532,1.004,1.0173964936944866,24.908750972298872,0.04908582,0.04206141,0.01169431286,0.006728719596999999,35.68704,34.37532,11.378509039999999,6.9978505
2952,6,2026-09-24T05:54:11.324+00:00,walking-slowly-then-fall,Trial 4: grandma walking slowly at home then sudden fall,3043,1.961,5.031,8.14,5.044,10.026,11.196,16.251,12.491,306028,0.08863699,3.259113,5,-0.1208948,0.1637479,27.25411,-13.68001,1.105,0.9960705827990978,22.13517772686725,0.1208948,0.1637479,0.02922937076,0.015566773247,27.25411,13.68001,11.8757586,7.060707600000001
2953,6,2026-09-24T05:54:11.424+00:00,walking-slowly-then-fall,Trial 4: grandma walking slowly at home then sudden fall,3044,2.157,4.884,8.1,5.047,5.629,6.804,7.008,6.48,306129,0.02054837,41.3521,5,-0.1821837,0.09949495,2.207319,40.17833,1.206,0.9892619319783154,11.273514137126897,0.1821837,0.09949495,0.03058216676,0.01761519891,2.207319,40.17833,18.1069626,11.163173469999998
2954,6,2026-09-24T05:54:11.524+00:00,walking-slowly-then-fall,Trial 4: grandma walking slowly at home then sudden fall,3045,2.079,5.041,8.149,5.09,1.474,1.69,-0.711,0.818,306229,0.01105956,34.33333,5,-0.08456079,0.01237579,-27.35878,54.76355,1.306,0.999842656324824,2.352508660982994,0.08456079,0.01237579,0.02991537676,0.018124896209999998,27.35878,54.76355,22.5331986,14.52665842
2955,6,2026-09-24T05:54:11.623+00:00,walking-slowly-then-fall,Trial 4: grandma walking slowly at home then sudden fall,3046,1.834,5.266,8.208,5.103,-0.889,-2.302,-8.355,-3.849,306329,0.0381476,26.65019,5,0.0907622,-0.05803202,-47.53196,59.35137,1.406,1.0118625843712654,8.71180520902528,0.0907622,0.05803202,0.037378202,0.02185630883,47.53196,59.35137,23.604426599999996,16.93207412
2956,6,2026-09-24T05:54:11.723+00:00,walking-slowly-then-fall,Trial 4: grandma walking slowly at home then sudden fall,3047,1.549,5.521,8.238,5.103,-1.751,-5.331,-12.181,-6.421,306429,0.04891867,8.185387,5,0.1728921,-0.0620604,-48.06622,-4.635819,1.506,1.0235100762306573,13.411275964650045,0.1728921,0.0620604,0.041462238,0.02657827543,48.06622,4.635819,22.756024,17.06726652
2957,6,2026-09-24T05:54:11.823+00:00,walking-slowly-then-fall,Trial 4: grandma walking slowly at home then sudden fall,3048,1.363,5.57,8.218,5.05,-2.625,-7.095,-13.16,-7.627,306529,0.01250214,1.611338,5,0.01961279,0.02176666,-35.45267,-105.6295,1.606,1.021846179369879,15.179435101478578,0.01961279,0.02176666,0.026235268,0.02773231938,35.45267,105.6295,22.426469,17.151113799999997
2958,6,2026-09-24T05:54:11.923+00:00,walking-slowly-then-fall,Trial 4: grandma walking slowly at home then sudden fall,3049,1.226,5.629,8.189,5.014,-2.563,-7.753,-13.877,-8.064,306629,0.007725683,0.3169657,5,-0.202672,-0.03231321,-21.542,-93.07157,1.706,1.0209821085068687,16.10121445730104,0.202672,0.03231321,0.0236707306,0.027126448679999998,21.542,93.07157,14.219442140000002,16.16320237
2959,6,2026-09-24T05:54:12.022+00:00,walking-slowly-then-fall,Trial 4: grandma walking slowly at home then sudden fall,3050,1.177,5.639,8.198,5.005,-2.797,-8.037,-12.805,-7.88,306729,0.0008655344,0.4281983,5,-0.2843938,-0.1157571,-9.705335,-60.3124,1.806,1.0217070703422046,15.374804161354382,0.2843938,0.1157571,0.02163192548,0.025773651119999998,9.705335,60.3124,7.4384158,14.9858072
2960,6,2026-09-24T05:54:12.122+00:00,walking-slowly-then-fall,Trial 4: grandma walking slowly at home then sudden fall,3051,1.226,5.56,8.247,5.011,-2.36,-9.09,-11.808,-7.753,306829,0.003654466,0.7645965,5,-0.2288222,-0.102165,-2.916333,-16.02472,1.906,1.0219046484579433,15.087298101383164,0.2288222,0.102165,0.014733298680000001,0.02605575034,2.916333,16.02472,2.2612971,12.93286185
2961,6,2026-09-24T05:54:12.222+00:00,walking-slowly-then-fall,Trial 4: grandma walking slowly at home then sudden fall,3052,1.236,5.531,8.257,5.008,-2.872,-10.72,-11.586,-8.393,306929,0.0003526235,0.9894427,5,-0.08825922,-0.02837024,-1.220333,-0.7961591,2.006,1.021232963127308,16.04375828788255,0.08825922,0.02837024,0.0050200893799999995,0.02324116369,1.220333,0.7961591,0.82210824,11.789066119999998
2962,6,2026-09-24T05:54:12.321+00:00,walking-slowly-then-fall,Trial 4: grandma walking slowly at home then sudden fall,3053,1.098,5.639,8.11,4.949,-2.119,-10.42,-10.334,-7.624,307029,0.01737474,0.7415051,5,-0.1274853,0.01878521,0.367002,1.410323,2.106,1.01345646380494,14.827613327842077,0.1274853,0.01878521,0.00599460938,0.016114938690000004,0.367002,1.410323,0.6481416600000001,11.537305329999999
2963,6,2026-09-24T05:54:12.421+00:00,walking-slowly-then-fall,Trial 4: grandma walking slowly at home then sudden fall,3054,1.059,5.688,8.041,4.929,-1.326,-7.797,-7.225,-5.449,307129,0.002885148,5.724953,5,-0.2124772,0.01775951,4.989001,10.57042,2.206,1.0101497697517454,10.712241128727452,0.2124772,0.01775951,0.00502650238,0.014348616489999999,4.989001,10.57042,1.72973912,7.974590629999999
2964,6,2026-09-24T05:54:12.522+00:00,walking-slowly-then-fall,Trial 4: grandma walking slowly at home then sudden fall,3055,1.167,5.56,8.1,4.943,-1.292,-5.935,-3.738,-3.655,307230,0.01045053,5.209123,5,-0.2151391,0.01609522,11.12328,13.5953,2.307,1.008877605216328,7.132049705379233,0.2151391,0.01609522,0.006943501499999999,0.014287713490000003,11.12328,13.5953,2.68592406,5.06216993
2965,6,2026-09-24T05:54:12.622+00:00,walking-slowly-then-fall,Trial 4: grandma walking slowly at home then sudden fall,3056,1.226,5.531,8.09,4.949,-0.304,-3.978,-2.226,-2.169,307330,0.001474612,2.364046,5,-0.1236701,-0.004663098,16.36851,7.189217,2.407,1.0071117980574118,4.56858577680227,0.1236701,0.004663098,0.0065075307,0.01062041469,16.36851,7.189217,3.0058139600000002,2.63355553
2966,6,2026-09-24T05:54:12.721+00:00,walking-slowly-then-fall,Trial 4: grandma walking slowly at home then sudden fall,3057,1.245,5.551,8.09,4.962,0.472,-2.108,-0.812,-0.816,307430,0.0002564535,2.032824,5,0.04563393,-0.03550649,16.84726,-0.7739909,2.507,1.0084974065551497,2.307767752612901,0.04563393,0.03550649,0.006488296699999998,0.005754193039999999,16.84726,0.7739909,3.2144902200000005,2.0182992299999998
2967,6,2026-09-24T05:54:12.821+00:00,walking-slowly-then-fall,Trial 4: grandma walking slowly at home then sudden fall,3058,1.265,5.551,8.1,4.972,1.036,-0.636,0.668,0.356,307530,0.0001602834,1.558427,5,0.104402,-0.01557976,14.42289,-11.48678,2.607,1.0095902533692762,1.3870890382379928,0.104402,0.01557976,0.0030454053800000004,0.004520007380000001,14.42289,11.48678,3.3778745999999997,2.0130081300000002
2968,6,2026-09-24T05:54:12.920+00:00,walking-slowly-then-fall,Trial 4: grandma walking slowly at home then sudden fall,3059,1.294,5.541,8.1,4.979,1.897,0.538,2.198,1.544,307630,0.0003205692,1.486832,5,0.09479761,-0.02157426,12.924,-8.2502,2.707,1.0094011946448482,2.9528388035922313,0.09479761,0.02157426,0.0025324896200000003,0.0037794960000000002,12.924,8.2502,2.5302504,2.12999476
2969,6,2026-09-24T05:54:13.021+00:00,walking-slowly-then-fall,Trial 4: grandma walking slowly at home then sudden fall,3060,1.363,5.482,8.1,4.982,1.825,0.946,3.468,2.08,307731,0.002724824,0.5948493,5,0.08152674,0.002571606,10.83372,-4.078164,2.808,1.0069928288719203,4.031447010689834,0.08152674,0.002571606,0.00098734842,0.00396542496,10.83372,4.078164,1.60739566,2.1466598599999998
2970,6,2026-09-24T05:54:13.121+00:00,walking-slowly-then-fall,Trial 4: grandma walking slowly at home then sudden fall,3061,1.373,5.511,8.12,5.001,1.841,1.899,3.213,2.318,307831,0.0004487936,0.3244967,5,0.08798063,0.002947592,7.96516,-4.368763,2.908,1.0104489848289586,4.161592363507027,0.08798063,0.002947592,0.00078218474,0.0036448577199999998,7.96516,4.368763,1.1994858000000002,2.1026498800000004
2971,6,2026-09-24T05:54:13.221+00:00,walking-slowly-then-fall,Trial 4: grandma walking slowly at home then sudden fall,3062,1.314,5.609,8.149,5.024,2.203,2.404,4.089,2.899,307931,0.004648224,0.3844818,5,0.1270493,0.009077931,5.841331,-3.502226,3.008,1.0176424386279237,5.229947036060691,0.1270493,0.009077931,0.0016605388400000001,0.00407441777,5.841331,3.502226,0.8698173599999999,2.04215379
2972,6,2026-09-24T05:54:13.321+00:00,walking-slowly-then-fall,Trial 4: grandma walking slowly at home then sudden fall,3063,1.304,5.629,8.13,5.021,2.894,3.063,5.499,3.819,308031,0.0002885102,0.9666205,5,0.1272052,0.001865462,5.356074,-1.253122,3.108,1.017076610937224,6.927929416499564,0.1272052,0.001865462,0.0016861842,0.00236579479,5.356074,1.253122,0.75145606,2.06466533
2973,6,2026-09-24T05:54:13.420+00:00,walking-slowly-then-fall,Trial 4: grandma walking slowly at home then sudden fall,3064,1.285,5.668,8.1,5.018,4.113,4.169,6.381,4.888,308131,0.0009296454,1.162374,5,0.09152794,-0.00375064,7.117,1.777173,3.208,1.0165882746357162,8.661090635710956,0.09152794,0.00375064,0.00180799944,0.00217024453,7.117,1.777173,0.6865644599999999,1.6084074300000002
2974,6,2026-09-24T05:54:13.521+00:00,walking-slowly-then-fall,Trial 4: grandma walking slowly at home then sudden fall,3065,1.216,5.766,8.09,5.024,5.359,5.419,8.828,6.535,308232,0.004808539,3.034275,5,0.0391341,0.005006684,10.40706,6.191233,3.309,1.0206004945582423,11.662676622456784,0.0391341,0.005006684,0.00222474244,0.00160604543,10.40706,6.191233,1.1744496,1.39092263
2975,6,2026-09-24T05:54:13.622+00:00,walking-slowly-then-fall,Trial 4: grandma walking slowly at home then sudden fall,3066,1.255,5.776,8.022,5.018,6.521,6.584,12.956,8.687,308332,0.002115788,6.582618,5,-0.00974803,-0.0005236144,14.25256,14.42485,3.409,1.016088160236521,15.928918136521387,0.00974803,0.0005236144,0.00255814132,0.00167016303,14.25256,14.42485,2.42607386,1.8127798300000002
2976,6,2026-09-24T05:54:13.721+00:00,walking-slowly-then-fall,Trial 4: grandma walking slowly at home then sudden fall,3067,1.54,5.492,8.061,5.031,5.73,6.793,13.217,8.58,308432,0.05443243,0.2458276,5,0.01955359,0.1090565,13.2851,3.981399,3.509,1.00695819486034,15.926921799268056,0.01955359,0.1090565,0.01251498252,0.007087760679999999,13.2851,3.981399,2.39834302,1.63408019
2977,6,2026-09-24T05:54:13.820+00:00,walking-slowly-then-fall,Trial 4: grandma walking slowly at home then sudden fall,3068,1.726,5.384,8.061,5.057,3.877,4.149,7.847,5.291,308532,0.0154514,13.08708,5,0.0847689,0.07849896,2.858961,21.01335,3.609,1.0040257206284922,9.686110622948718,0.0847689,0.07849896,0.01554756048,0.008616872340000001,2.858961,21.01335,4.822434920000001,2.78694549
2978,6,2026-09-24T05:54:13.920+00:00,walking-slowly-then-fall,Trial 4: grandma walking slowly at home then sudden fall,3069,1.706,5.531,8.012,5.083,1.857,0.749,3.242,1.949,308632,0.008142446,12.28214,5,0.1569061,0.02000343,-12.568,25.0002,3.709,1.0078931017761579,3.810513613674671,0.1569061,0.02000343,0.0169901206,0.009399060019999999,12.568,25.0002,7.0463881200000005,3.86647629
2979,6,2026-09-24T05:54:14.020+00:00,walking-slowly-then-fall,Trial 4: grandma walking slowly at home then sudden fall,3070,1.648,5.639,8.002,5.096,0.15,-2.273,-0.281,-0.801,308732,0.005064956,8.152621,5,0.209208,-0.04039165,-25.60733,15.17632,3.809,1.0122769070796027,2.295210230022514,0.209208,0.04039165,0.017041404,0.009633073219999998,25.60733,15.17632,8.07005732,4.6222534600000005
2980,6,2026-09-24T05:54:14.119+00:00,walking-slowly-then-fall,Trial 4: grandma walking slowly at home then sudden fall,3071,1.53,5.747,7.973,5.083,-0.325,-4.242,-2.835,-2.467,308832,0.008783575,3.541834,5,0.1438303,-0.1016842,-28.187,1.657553,3.909,1.0142852114623675,5.112476308013564,0.1438303,0.1016842,0.018374961399999997,0.01046655136,28.187,1.657553,7.46190052,4.9439871900000005
2981,6,2026-09-24T05:54:14.221+00:00,walking-slowly-then-fall,Trial 4: grandma walking slowly at home then sudden fall,3072,1.451,5.786,7.924,5.054,-0.856,-5.649,-3.893,-3.466,308933,0.003365974,1.126991,5,-0.006720664,-0.02348356,-21.87865,-32.59496,4.01,1.0113866639749223,6.91371000259629,0.006720664,0.02348356,0.0081616702,0.010338326359999999,21.87865,32.59496,7.638133199999999,5.01823811
2982,6,2026-09-24T05:54:14.321+00:00,walking-slowly-then-fall,Trial 4: grandma walking slowly at home then sudden fall,3073,1.422,5.776,7.904,5.034,-1.517,-6.074,-5.194,-4.262,309033,0.0004487959,0.7700488,5,-0.1402419,-0.01704886,-15.03735,-29.95426,4.11,1.0087332339161232,8.134642032689575,0.1402419,0.01704886,0.0051611493800000005,0.01035435493,15.03735,29.95426,5.174726960000001,4.998580939999998
2983,6,2026-09-24T05:54:14.421+00:00,walking-slowly-then-fall,Trial 4: grandma walking slowly at home then sudden fall,3074,1.412,5.825,7.904,5.047,-1.907,-5.973,-5.995,-4.625,309133,0.0008334738,0.2679674,5,-0.1467533,-0.01676147,-9.414863,-18.49143,4.21,1.0115131758158138,8.674871929890378,0.1467533,0.01676147,0.0036993549400000008,0.01034473777,9.414863,18.49143,2.77189244,4.909140280000001
2984,6,2026-09-24T05:54:14.520+00:00,walking-slowly-then-fall,Trial 4: grandma walking slowly at home then sudden fall,3075,1.442,5.806,7.914,5.054,-2.13,-6.317,-6.088,-4.845,309233,0.0004487959,0.05890466,5,-0.06540276,-0.01918524,-5.905321,-7.817438,4.31,1.0116304159388756,9.028019328734294,0.06540276,0.01918524,0.0027761229199999996,0.009908763460000001,5.905321,7.817438,1.1531491719999998,4.6116032460000005
2985,6,2026-09-24T05:54:14.619+00:00,walking-slowly-then-fall,Trial 4: grandma walking slowly at home then sudden fall,3076,1.481,5.737,7.934,5.05,-1.912,-7.24,-6.666,-5.273,309333,0.002211911,0.411179,5,0.01307583,-0.002308125,-4.196666,-2.142769,4.41,1.0097501909625894,10.025412709709261,0.01307583,0.002308125,0.0014617901199999999,0.009918375759999999,4.196666,2.142769,0.527018172,3.994459346
2986,6,2026-09-24T05:54:14.720+00:00,walking-slowly-then-fall,Trial 4: grandma walking slowly at home then sudden fall,3077,1.5,5.727,7.973,5.067,-2.519,-8.37,-8.447,-6.445,309434,0.0006732044,1.60577,5,0.06853566,0.00181747,-5.008479,1.8172,4.511,1.0126416499309312,12.155413197419492,0.06853566,0.00181747,0.0009232362000000001,0.004542453199999999,5.008479,1.8172,0.622773972,4.130453586
2987,6,2026-09-24T05:54:14.821+00:00,walking-slowly-then-fall,Trial 4: grandma walking slowly at home then sudden fall,3078,1.412,5.815,7.963,5.063,-2.571,-9.48,-9.712,-7.254,309535,0.005225253,0.9450097,5,0.04555539,0.008972834,-6.829374,2.88721,4.612,1.0157179086546733,13.813159848492306,0.04555539,0.008972834,0.00187852762,0.0035198384999999997,6.829374,2.88721,0.657766152,2.916246556
2988,6,2026-09-24T05:54:14.920+00:00,walking-slowly-then-fall,Trial 4: grandma walking slowly at home then sudden fall,3079,1.294,5.904,7.914,5.037,-2.225,-9.21,-8.701,-6.712,309635,0.008014196,0.4049121,5,-0.01941176,0.01803281,-5.685698,1.219956,4.712,1.0154399790518236,12.863985618773057,0.01941176,0.01803281,0.00331467206,0.0035070135000000004,5.685698,1.219956,0.6851550919999999,1.728523766
2989,6,2026-09-24T05:54:15.021+00:00,walking-slowly-then-fall,Trial 4: grandma walking slowly at home then sudden fall,3080,1.226,5.913,7.894,5.011,-1.616,-6.872,-6.525,-5.004,309736,0.001731066,3.524033,5,-0.1070164,0.006328142,0.2634063,4.99321,4.813,1.0134865050679513,9.613088213472297,0.1070164,0.006328142,0.0035711260799999997,0.0031736245000000005,0.2634063,4.99321,1.37818076,1.265664966
2990,6,2026-09-24T05:54:15.121+00:00,walking-slowly-then-fall,Trial 4: grandma walking slowly at home then sudden fall,3081,1.216,5.923,7.894,5.011,-0.302,-4.279,-4.158,-2.913,309836,6.411415e-05,4.684312,5,-0.1626369,-0.004685577,9.263707,8.692637,4.913,1.013968295336628,5.9741115657476636,0.1626369,0.004685577,0.0031415667099999995,0.002301678415,9.263707,8.692637,2.23280736,1.3799127660000001
2991,6,2026-09-24T05:54:15.221+00:00,walking-slowly-then-fall,Trial 4: grandma walking slowly at home then sudden fall,3082,1.285,5.874,7.924,5.028,0.683,-2.281,-1.893,-1.164,309936,0.00266071,3.364151,5,-0.09788272,-0.01306225,15.93202,9.101157,5.013,1.0143223170396436,3.0418578204774795,0.09788272,0.01306225,0.0035390678300000005,0.002231152015,15.93202,9.101157,2.58448356,1.603628766
2992,6,2026-09-24T05:54:15.321+00:00,walking-slowly-then-fall,Trial 4: grandma walking slowly at home then sudden fall,3083,1.353,5.845,7.953,5.05,1.177,-1.15,-0.229,-0.067,310036,0.002147813,1.430698,5,0.04222793,-0.0108107,17.09688,1.906813,5.113,1.015858687402194,1.661406031047197,0.04222793,0.0108107,0.00292357983,0.002401053725,17.09688,1.906813,2.68162122,1.669693686
2993,6,2026-09-24T05:54:15.420+00:00,walking-slowly-then-fall,Trial 4: grandma walking slowly at home then sudden fall,3084,1.383,5.825,7.943,5.05,1.582,-0.582,0.615,0.538,310136,0.000448799,0.3996616,5,0.1176796,-0.0004808362,13.931,-9.502358,5.213,1.0142694492543602,1.7943447271915172,0.1176796,0.0004808362,0.0014105004299999999,0.002362586245,13.931,9.502358,2.68057112,1.6828631060000003
2994,6,2026-09-24T05:54:15.520+00:00,walking-slowly-then-fall,Trial 4: grandma walking slowly at home then sudden fall,3085,1.383,5.835,7.953,5.057,1.764,0.088,1.213,1.022,310236,6.411648e-05,0.279876,5,0.1144109,-0.002211906,9.571333,-11.77336,5.313,1.0156809769142519,2.142617324675594,0.1144109,0.002211906,0.0010771105260000001,0.002324118303,9.571333,11.77336,2.03173972,1.7049602400000006
2995,6,2026-09-24T05:54:15.620+00:00,walking-slowly-then-fall,Trial 4: grandma walking slowly at home then sudden fall,3086,1.373,5.855,7.914,5.047,2.093,0.573,1.977,1.548,310336,0.0006732028,0.3090539,5,0.04576445,-0.006058711,6.511666,-7.261016,5.413,1.013566882613885,2.9355590608945343,0.04576445,0.006058711,0.001198928256,0.0021702474830000004,6.511666,7.261016,1.1566881,1.69474773
2996,6,2026-09-24T05:54:15.721+00:00,walking-slowly-then-fall,Trial 4: grandma walking slowly at home then sudden fall,3087,1.393,5.825,7.885,5.034,2.374,0.972,2.83,2.059,310437,0.000705247,0.3219236,5,-0.03595102,-0.002651128,5.250677,-2.301196,5.514,1.0096956780551773,3.8196282541629625,0.03595102,0.002651128,0.0008078356560000001,0.0021734517430000004,5.250677,2.301196,0.54824262,1.56636309
2997,6,2026-09-24T05:54:15.821+00:00,walking-slowly-then-fall,Trial 4: grandma walking slowly at home then sudden fall,3088,1.393,5.845,7.855,5.031,2.655,1.394,2.997,2.349,310537,0.0004167369,0.094978,5,-0.06196528,0.0005755336,4.643761,-0.5653736,5.614,1.008465303996692,4.239607293134589,0.06196528,0.0005755336,0.000461620436,0.001692600133,4.643761,0.5653736,0.28109861999999997,1.4813599199999998
2998,6,2026-09-24T05:54:15.921+00:00,walking-slowly-then-fall,Trial 4: grandma walking slowly at home then sudden fall,3089,1.353,5.943,7.865,5.054,2.813,2.358,3.105,2.759,310637,0.003750635,0.3219747,5,-0.02289566,0.007089019,4.262621,-0.1296771,5.714,1.014646239929911,4.807718585774338,0.02289566,0.007089019,0.001121987636,0.0012662440330000002,4.262621,0.1296771,0.26556124,1.47306618
2999,6,2026-09-24T05:54:16.020+00:00,walking-slowly-then-fall,Trial 4: grandma walking slowly at home then sudden fall,3090,1.314,6.021,7.865,5.067,3.509,3.046,4.446,3.667,310737,0.00256456,0.9186804,5,0.0585984,0.006810295,4.9282,1.215276,5.814,1.0188861422449556,6.431027367380736,0.0585984,0.006810295,0.00162207634,0.001349593433,4.9282,1.215276,0.39332212,1.2125309199999998
3000,6,2026-09-24T05:54:16.120+00:00,walking-slowly-then-fall,Trial 4: grandma walking slowly at home then sudden fall,3091,1.255,6.129,7.885,5.09,5.134,3.964,6.712,5.27,310837,0.005161131,2.872701,5,0.1471,0.01105959,7.741,5.925257,5.914,1.026388266383765,9.333927147776546,0.1471,0.01105959,0.00251966198,0.0018592951180000001,7.741,5.925257,0.90605154,1.03136982
3001,6,2026-09-24T05:54:16.221+00:00,walking-slowly-then-fall,Trial 4: grandma walking slowly at home then sudden fall,3092,1.353,6.041,7.845,5.08,6.23,4.618,9.741,6.863,310938,0.006315174,3.601258,5,0.1336464,0.01318128,11.52064,9.545423,6.015,1.0190445851492822,12.450939924359126,0.1336464,0.01318128,0.0036416473800000002,0.0022247415180000002,11.52064,9.545423,1.56191842,1.0550805200000002
3002,6,2026-09-24T05:54:16.320+00:00,walking-slowly-then-fall,Trial 4: grandma walking slowly at home then sudden fall,3093,1.598,5.757,7.786,5.047,5.407,3.901,9.16,6.156,311038,0.04814931,0.5096598,5,-7.703246e-05,0.09227409,9.962106,3.047837,6.115,1.0007695083682173,11.329565304988536,7.703246e-05,0.09227409,0.013188162,0.006824891218000001,9.962106,3.047837,1.64485478,0.9629766999999999
3003,6,2026-09-24T05:54:16.422+00:00,walking-slowly-then-fall,Trial 4: grandma walking slowly at home then sudden fall,3094,1.706,5.717,7.777,5.067,3.197,1.788,4.14,3.042,311139,0.004423843,11.51642,5,-0.04226752,0.04634223,-0.369915,18.7604,6.216,0.9995104872052054,5.527870566502077,0.04226752,0.04634223,0.013322803599999999,0.007222395618,0.369915,18.7604,3.8837438399999997,2.0746525399999998
3004,6,2026-09-24T05:54:16.521+00:00,walking-slowly-then-fall,Trial 4: grandma walking slowly at home then sudden fall,3095,1.657,5.884,7.757,5.099,0.997,-0.566,1.46,0.63,311239,0.01019408,5.854572,5,0.006473479,0.00804002,-13.0299,13.83643,6.316,1.0070860735301024,1.8563310588362194,0.006473479,0.00804002,0.0148487076,0.008235391969999999,13.0299,13.83643,4.87092216,2.6321221400000003
3005,6,2026-09-24T05:54:16.621+00:00,walking-slowly-then-fall,Trial 4: grandma walking slowly at home then sudden fall,3096,1.589,5.933,7.796,5.106,-0.512,-2.367,-0.322,-1.067,311339,0.002885107,2.898736,5,0.1043036,-0.04480278,-21.32515,3.972398,6.416,1.012054989945234,2.4430548499777895,0.1043036,0.04480278,0.0143935028,0.008456582389999998,21.32515,3.972398,4.87612916,2.89109035
3006,6,2026-09-24T05:54:16.721+00:00,walking-slowly-then-fall,Trial 4: grandma walking slowly at home then sudden fall,3097,1.53,5.962,7.767,5.086,-0.576,-3.14,-2.026,-1.914,311439,0.001731066,1.168414,5,0.1175484,-0.09434382,-20.21551,-7.232393,6.516,1.0105620885558586,3.781012033834328,0.1175484,0.09434382,0.013476681199999998,0.00855916429,20.21551,7.232393,4.389560359999999,2.9757393899999998
3007,6,2026-09-24T05:54:16.820+00:00,walking-slowly-then-fall,Trial 4: grandma walking slowly at home then sudden fall,3098,1.51,5.962,7.737,5.07,-0.607,-3.335,-2.972,-2.305,311539,0.0004167369,0.3113006,5,-0.006538391,-0.01647723,-13.237,-27.0964,6.616,1.0078527210897186,4.50815461136816,0.006538391,0.01647723,0.00393016658,0.00855916429,13.237,27.0964,4.3498885199999995,2.99737165
3008,6,2026-09-24T05:54:16.921+00:00,walking-slowly-then-fall,Trial 4: grandma walking slowly at home then sudden fall,3099,1.5,5.982,7.757,5.08,-1.032,-3.253,-3.296,-2.527,311639,0.0002885102,0.09744168,5,-0.0751853,-0.02227951,-7.552333,-14.1017,6.716,1.010524736862253,4.744538860627026,0.0751853,0.02227951,0.00310310002,0.008212951809999999,7.552333,14.1017,2.066092856,2.974918348
3009,6,2026-09-24T05:54:17.020+00:00,walking-slowly-then-fall,Trial 4: grandma walking slowly at home then sudden fall,3100,1.52,5.972,7.786,5.093,-1.421,-3.682,-3.609,-2.904,311739,0.0004487936,0.1444436,5,-0.03268957,-0.006315182,-4.287,-6.579556,6.816,1.012537533250509,5.348013275974546,0.03268957,0.006315182,0.00115404274,0.00800137517,4.287,6.579556,0.924067176,2.8974946679999993
3010,6,2026-09-24T05:54:17.119+00:00,walking-slowly-then-fall,Trial 4: grandma walking slowly at home then sudden fall,3101,1.53,5.972,7.796,5.099,-1.713,-4.511,-3.984,-3.403,311839,6.411337e-05,0.3043768,5,0.04903269,-0.003301848,-3.576667,-1.894931,6.916,1.013493784399806,6.257455233559406,0.04903269,0.003301848,0.0005898440140000001,0.007491673406999999,3.576667,1.894931,0.4051953360000001,2.640662248
3011,6,2026-09-24T05:54:17.220+00:00,walking-slowly-then-fall,Trial 4: grandma walking slowly at home then sudden fall,3102,1.52,6.021,7.806,5.116,-1.442,-5.168,-4.003,-3.538,311940,0.000865546,0.1684837,5,0.1109394,0.0006750042,-3.334328,-0.07875024,7.017,1.0171457203054566,6.694146472852234,0.1109394,0.0006750042,0.000416740014,0.006946710606999999,3.334328,0.07875024,0.205209276,2.2973848180000003
3012,6,2026-09-24T05:54:17.320+00:00,walking-slowly-then-fall,Trial 4: grandma walking slowly at home then sudden fall,3103,1.628,5.913,7.845,5.129,-1.921,-6.326,-4.069,-4.105,312040,0.008270667,0.5249203,5,0.1206029,0.01633448,-3.778142,0.8757079,7.117,1.0154140200549768,7.763071428242818,0.1206029,0.01633448,0.001987526034,0.0029588463070000003,3.778142,0.8757079,0.247933216,2.298910868
3013,6,2026-09-24T05:54:17.421+00:00,walking-slowly-then-fall,Trial 4: grandma walking slowly at home then sudden fall,3104,1.746,5.786,7.845,5.126,-2.543,-8.139,-6.131,-5.604,312140,0.01003376,2.641899,5,0.0945565,0.02728605,-6.081918,5.194871,7.217,1.009829743528901,10.502348832523133,0.0945565,0.02728605,0.003936575994,0.0035198380069999995,6.081918,5.194871,0.75682468,1.411458768
3014,6,2026-09-24T05:54:17.520+00:00,walking-slowly-then-fall,Trial 4: grandma walking slowly at home then sudden fall,3105,1.726,5.913,7.885,5.175,-3.132,-10.409,-8.553,-7.365,312240,0.006058713,3.788636,5,0.1598289,0.0211227,-9.964732,9.416008,7.317,1.0203068145329413,13.831504401184999,0.1598289,0.0211227,0.005058559874,0.0031063013069999998,9.964732,9.416008,1.48566316,1.204865168
3015,6,2026-09-24T05:54:17.619+00:00,walking-slowly-then-fall,Trial 4: grandma walking slowly at home then sudden fall,3106,1.716,5.904,7.914,5.178,-3.906,-12.461,-8.444,-8.27,312340,0.0003526235,1.60722,5,0.1699824,-0.003237799,-12.72467,6.141189,7.417,1.021922877389452,15.551028679801219,0.1699824,0.003237799,0.0051162619,0.0028530529569999997,12.72467,6.141189,1.7462318,1.0757135679999998
3016,6,2026-09-24T05:54:17.719+00:00,walking-slowly-then-fall,Trial 4: grandma walking slowly at home then sudden fall,3107,1.628,5.913,7.855,5.132,-3.437,-12.128,-9.658,-8.408,312440,0.003782703,0.6015485,5,0.05884075,-0.01865707,-11.27067,-0.8814224,7.517,1.0162175708663843,15.880123330755337,0.05884075,0.01865707,0.0056996933,0.003058216657,11.27067,0.8814224,1.83284476,1.019027018
3017,6,2026-09-24T05:54:17.818+00:00,walking-slowly-then-fall,Trial 4: grandma walking slowly at home then sudden fall,3108,1.5,6.061,7.845,5.135,-1.842,-9.166,-7.243,-6.084,312540,0.01266245,5.716564,5,-0.02288198,0.002981362,-2.001665,2.962243,7.617,1.0224135982985882,11.826646566123468,0.02288198,0.002981362,0.006578049899999999,0.004282787967,2.001665,2.962243,2.8711735000000003,1.559553358
3018,6,2026-09-24T05:54:17.919+00:00,walking-slowly-then-fall,Trial 4: grandma walking slowly at home then sudden fall,3109,1.569,5.943,7.806,5.106,-1.189,-6.734,-4.399,-4.107,312641,0.006699884,4.80979,5,-0.1794616,0.01354576,8.693883,6.142084,7.718,1.01314153611491,8.130908805293538,0.1794616,0.01354576,0.0059112747,0.004923925346999999,8.693883,6.142084,3.3047516999999997,2.03078819
3019,6,2026-09-24T05:54:18.020+00:00,walking-slowly-then-fall,Trial 4: grandma walking slowly at home then sudden fall,3110,1.648,5.894,7.836,5.126,-0.191,-4.193,-3.299,-2.561,312741,0.003141567,2.887562,5,-0.1303644,0.008436209,15.67579,6.74287,7.818,1.013877098940226,5.33864505282005,0.1303644,0.008436209,0.0053278455,0.0051932026869999995,15.67579,6.74287,3.1245369,2.3051000299999997
3020,6,2026-09-24T05:54:18.120+00:00,walking-slowly-then-fall,Trial 4: grandma walking slowly at home then sudden fall,3111,1.706,5.855,7.826,5.129,0.154,-2.444,-2.211,-1.5,312841,0.001699004,1.453923,5,-0.01640981,-0.01365867,17.28767,-1.11883,7.918,1.0117195331904751,3.299298864910543,0.01640981,0.01365867,0.0055971216,0.00535669175,17.28767,1.11883,3.0938775,2.42005465
3021,6,2026-09-24T05:54:18.219+00:00,walking-slowly-then-fall,Trial 4: grandma walking slowly at home then sudden fall,3112,1.716,5.864,7.826,5.135,0.378,-0.94,-1.57,-0.711,312941,6.411415e-05,0.907691,5,0.02269948,-0.03015478,13.33048,-12.94734,8.018,1.012437134052677,1.8685245516182012,0.02269948,0.03015478,0.00485340383,0.005276548564999999,13.33048,12.94734,3.155106,2.49397538
3022,6,2026-09-24T05:54:18.318+00:00,walking-slowly-then-fall,Trial 4: grandma walking slowly at home then sudden fall,3113,1.746,5.835,7.855,5.145,0.668,-0.267,-0.652,-0.084,313041,0.0008655305,0.4599177,5,0.0882597,-0.01474616,9.897667,-10.67962,8.118,1.0135628610667293,0.9708846481431253,0.0882597,0.01474616,0.00249401993,0.004536034915000001,9.897667,10.67962,2.10377674,2.48747512
3023,6,2026-09-24T05:54:18.420+00:00,walking-slowly-then-fall,Trial 4: grandma walking slowly at home then sudden fall,3114,1.736,5.825,7.865,5.142,1.061,0.237,-0.524,0.258,313142,9.617005e-05,0.1416163,5,0.04890206,-0.006907355,7.038232,-6.47025,8.219,1.013592509343145,1.2068413317416669,0.04890206,0.006907355,0.0011732771400000002,0.00354227592,7.038232,6.47025,1.170142,2.2374468499999995
3024,6,2026-09-24T05:54:18.521+00:00,walking-slowly-then-fall,Trial 4: grandma walking slowly at home then sudden fall,3115,1.697,5.845,7.836,5.126,1.005,1.157,-0.218,0.648,313243,0.0009296469,0.3143906,5,-0.0001294567,-0.001494043,5.236671,-3.026737,8.32,1.011765746087316,1.547965761895269,0.0001294567,0.001494043,0.00073089312,0.0030293693100000006,5.236671,3.026737,0.65550772,1.8900223099999998
3025,6,2026-09-24T05:54:18.621+00:00,walking-slowly-then-fall,Trial 4: grandma walking slowly at home then sudden fall,3116,1.657,5.874,7.855,5.129,1.191,2.11,0.239,1.18,313343,0.0009296438,0.3838846,5,-0.0325586,0.001783005,4.485221,-1.185559,8.42,1.0143513946846994,2.434687248908985,0.0325586,0.001783005,0.0005770210799999999,0.0030870713399999998,4.485221,1.185559,0.44150004000000004,1.7676887700000001
3026,6,2026-09-24T05:54:18.720+00:00,walking-slowly-then-fall,Trial 4: grandma walking slowly at home then sudden fall,3117,1.589,5.923,7.875,5.129,1.768,3.122,1.386,2.092,313443,0.002500427,0.8908941,5,-0.04560765,0.004076032,5.244381,1.095758,8.52,1.0177895510342971,3.8462584416546943,0.04560765,0.004076032,0.0010642836499999999,0.0029588437400000006,5.244381,1.095758,0.43814066,1.7966233300000003
3027,6,2026-09-24T05:54:18.821+00:00,walking-slowly-then-fall,Trial 4: grandma walking slowly at home then sudden fall,3118,1.324,6.257,7.786,5.122,4.178,5.456,5.642,5.092,313544,0.06302363,9.789731,5,-0.0358663,0.1270361,11.07155,19.81033,8.621,1.0274612237666603,8.891331958711248,0.0358663,0.1270361,0.013495903549999999,0.007994961739999999,11.07155,19.81033,2.3041033200000003,2.20394003
3028,6,2026-09-24T05:54:18.921+00:00,walking-slowly-then-fall,Trial 4: grandma walking slowly at home then sudden fall,3119,1.304,6.247,7.816,5.122,7.018,8.992,13.226,9.745,313644,0.0004487936,26.02865,5,-0.01306315,0.06112817,22.04746,60.67812,8.721,1.0289299445885156,17.465264498426585,0.01306315,0.06112817,0.013566428259999999,0.0073698527,22.04746,60.67812,7.48151006,4.32582603
3029,6,2026-09-24T05:54:19.021+00:00,walking-slowly-then-fall,Trial 4: grandma walking slowly at home then sudden fall,3120,1.608,5.894,7.875,5.126,8.273,10.821,16.552,11.882,313744,0.07350618,5.327515,5,-0.0130622,0.1427704,28.97041,34.9717,8.821,1.0163482643503874,21.436074127507585,0.0130622,0.1427704,0.028081734879999997,0.014406314,28.97041,34.9717,8.48413494,4.56982133
3030,6,2026-09-24T05:54:19.121+00:00,walking-slowly-then-fall,Trial 4: grandma walking slowly at home then sudden fall,3121,1.971,5.551,7.836,5.119,6.922,9.288,12.834,9.681,313844,0.0836682,5.999606,5,-0.01632997,0.1725478,21.93681,5.819048,8.921,0.9996409569298919,17.288510172944342,0.01632997,0.1725478,0.04462944612,0.0226032336,21.93681,5.819048,9.607279219999999,5.02438963
3031,6,2026-09-24T05:54:19.220+00:00,walking-slowly-then-fall,Trial 4: grandma walking slowly at home then sudden fall,3122,2.069,5.59,7.786,5.148,3.966,5.618,6.16,5.248,313944,0.004520008,22.2497,5,0.04903507,-0.03378784,0.2479982,4.890901,9.021,0.9998974308233566,9.232371309690702,0.04903507,0.03378784,0.04503336232,0.023048822985,0.2479982,4.890901,13.8790404,7.15859053
3032,6,2026-09-24T05:54:19.320+00:00,walking-slowly-then-fall,Trial 4: grandma walking slowly at home then sudden fall,3123,1.961,5.806,7.796,5.188,1.487,1.886,2.047,1.807,314044,0.01942644,12.33001,5,0.1536388,-0.03103089,-22.51133,-10.47509,9.121,1.0111799918718765,3.155689148189346,0.1536388,0.03103089,0.036313924319999996,0.024904913935,22.51133,10.47509,14.387096199999998,8.34559976
3033,6,2026-09-24T05:54:19.418+00:00,walking-slowly-then-fall,Trial 4: grandma walking slowly at home then sudden fall,3124,1.824,5.904,7.777,5.168,0.345,-0.563,-0.564,-0.261,314144,0.009617027,4.706362,5,0.1536379,-0.1920201,-32.16,5.0881,9.221,1.012891464740177,0.8683835558092978,0.1536379,0.1920201,0.038147571,0.02585699963,32.16,5.0881,10.1226386,8.80207433
3034,6,2026-09-24T05:54:19.521+00:00,walking-slowly-then-fall,Trial 4: grandma walking slowly at home then sudden fall,3125,1.716,5.972,7.747,5.145,0.153,-1.472,-1.963,-1.094,314245,0.005738155,0.9401154,5,0.07154294,-0.150349,-26.99285,-27.63461,9.322,1.012683703298145,2.458365717300825,0.07154294,0.150349,0.024593966000000002,0.026337850440000005,26.99285,27.63461,9.24515868,8.86464681
3035,6,2026-09-24T05:54:19.621+00:00,walking-slowly-then-fall,Trial 4: grandma walking slowly at home then sudden fall,3126,1.716,5.953,7.737,5.135,-0.235,-1.856,-2.749,-1.613,314345,0.0001602834,0.3052653,5,-0.06856858,-0.02237209,-16.56715,-55.0972,9.422,1.0107236264514963,3.3252010465534263,0.06856858,0.02237209,0.00789238268,0.0262609144,16.56715,55.0972,8.10629054,8.856784880000001
3036,6,2026-09-24T05:54:19.720+00:00,walking-slowly-then-fall,Trial 4: grandma walking slowly at home then sudden fall,3127,1.706,5.972,7.718,5.132,-0.788,-2.109,-3.304,-2.067,314445,0.0002885109,0.2259476,5,-0.1434526,-0.04759596,-9.073821,-28.53401,9.522,1.0102024619943046,3.9981546993581927,0.1434526,0.04759596,0.00704608326,0.026039722789999997,9.073821,28.53401,3.70154006,8.79029023
3037,6,2026-09-24T05:54:19.820+00:00,walking-slowly-then-fall,Trial 4: grandma walking slowly at home then sudden fall,3128,1.716,5.972,7.757,5.148,-1.343,-2.789,-3.423,-2.518,314545,0.0005449644,0.2615287,5,-0.05231544,-0.0235628,-5.478874,-9.599544,9.622,1.0134793641926672,4.615094690252844,0.05231544,0.0235628,0.0032697881400000003,0.01979185623,5.478874,9.599544,1.2878438,7.837469999999999
3038,6,2026-09-24T05:54:19.919+00:00,walking-slowly-then-fall,Trial 4: grandma walking slowly at home then sudden fall,3129,1.716,5.933,7.786,5.145,-1.637,-3.701,-4.107,-3.148,314645,0.0008014171,0.4620118,5,0.01307535,-0.009488795,-5.013667,-0.9999436,9.722,1.0134098611491267,5.765814686581594,0.01307535,0.009488795,0.00150666616,0.01982711858,5.013667,0.9999436,0.43897376,5.28080618
3039,6,2026-09-24T05:54:20.019+00:00,walking-slowly-then-fall,Trial 4: grandma walking slowly at home then sudden fall,3130,1.706,5.923,7.786,5.139,-1.945,-4.543,-4.742,-3.743,314745,6.411415e-05,0.4023513,5,0.01961374,0.0003205676,-5.341334,0.4302361,9.822,1.0126257491855852,6.8489734997297225,0.01961374,0.0003205676,0.00037185799,0.012482911995,5.341334,0.4302361,0.33142094,4.78828981
3040,6,2026-09-24T05:54:20.120+00:00,walking-slowly-then-fall,Trial 4: grandma walking slowly at home then sudden fall,3131,1.814,5.825,7.865,5.168,-2.788,-5.857,-4.956,-4.534,314846,0.009136172,0.82768,5,0.06207642,0.01721516,-6.147012,1.342823,9.923,1.0150118421844923,8.163291554269026,0.06207642,0.01721516,0.00216703571,0.005029709195,6.147012,1.342823,0.43590388,4.27109721
3041,6,2026-09-24T05:54:20.220+00:00,walking-slowly-then-fall,Trial 4: grandma walking slowly at home then sudden fall,3132,2.03,5.57,7.953,5.184,-4.891,-9.695,-8.232,-7.606,314946,0.03978252,9.961677,5,0.09461499,0.08657724,-11.52657,19.70771,10.023,1.0115050752554782,13.626471663640592,0.09461499,0.08657724,0.01006583753,0.008555960395000001,11.52657,19.70771,2.38304976,3.04229491
3042,6,2026-09-24T05:54:20.320+00:00,walking-slowly-then-fall,Trial 4: grandma walking slowly at home then sudden fall,3133,2.001,5.472,7.983,5.152,-7.185,-14.043,-14.591,-11.94,315046,0.003782693,21.53481,5,0.0588001,0.04561235,-21.37181,51.51929,10.123,1.0077926783935864,21.487842027528032,0.0588001,0.04561235,0.01071338325,0.006991585695000001,21.37181,51.51929,6.63770602,3.9627749100000003
3043,6,2026-09-24T05:54:20.421+00:00,walking-slowly-then-fall,Trial 4: grandma walking slowly at home then sudden fall,3134,1.51,5.894,7.836,5.08,-5.406,-14.714,-17.663,-12.594,315147,0.1466277,4.350756,5,-0.1335425,0.2869381,-24.99604,28.41553,10.224,1.0116398517106118,23.615846396011303,0.1335425,0.2869381,0.03987863983,0.020692652994999998,24.99604,28.41553,7.41545486,3.92721431
3044,6,2026-09-24T05:54:20.521+00:00,walking-slowly-then-fall,Trial 4: grandma walking slowly at home then sudden fall,3135,1.275,6.061,7.737,5.024,-3.512,-11.56,-11.619,-8.897,315247,0.03093483,16.68829,5,-0.3913068,0.1503929,-13.66547,25.95122,10.324,1.0106129278576035,16.76212710248911,0.3913068,0.1503929,0.046052783,0.023212320495,13.66547,25.95122,10.6726426,5.502031769999999
3045,6,2026-09-24T05:54:20.621+00:00,walking-slowly-then-fall,Trial 4: grandma walking slowly at home then sudden fall,3136,1.363,5.962,7.757,5.028,-3.474,-7.06,-7.174,-5.903,315348,0.005930532,13.33649,5,-0.4390471,-0.04007223,6.427431,1.834865,10.425,1.0072724646891376,10.647936513710063,0.4390471,0.04007223,0.045411655,0.023789345354999998,6.427431,1.834865,13.174404599999999,6.80515424
3046,6,2026-09-24T05:54:20.720+00:00,walking-slowly-then-fall,Trial 4: grandma walking slowly at home then sudden fall,3137,1.5,5.884,7.796,5.06,-1.888,-3.842,-3.788,-3.173,315448,0.008847666,8.111971,5,-0.2343369,-0.1295504,24.09767,-17.81024,10.525,1.0076585276406849,5.716157100710231,0.2343369,0.1295504,0.0392246842,0.024645260864999997,24.09767,17.81024,12.8044634,7.59375658
3047,6,2026-09-24T05:54:20.820+00:00,walking-slowly-then-fall,Trial 4: grandma walking slowly at home then sudden fall,3138,1.628,5.815,7.816,5.086,-0.996,-2.339,-1.773,-1.703,315548,0.007116594,2.371633,5,0.0488121,-0.3002818,27.4286,-12.49043,10.625,1.0071702759349448,3.0994299475871365,0.0488121,0.3002818,0.0398914644,0.025302423824999996,27.4286,12.49043,8.971827999999999,7.804767010000001
3048,6,2026-09-24T05:54:20.919+00:00,walking-slowly-then-fall,Trial 4: grandma walking slowly at home then sudden fall,3139,1.667,5.786,7.836,5.096,-0.397,-1.596,-0.647,-0.88,315648,0.0009296469,0.726242,5,0.2022071,-0.0587905,20.2009,-42.80183,10.725,1.0077127483227415,1.7673239657742437,0.2022071,0.0587905,0.01075185378,0.025315246805000004,20.2009,42.80183,8.246925200000002,7.83119003
3049,6,2026-09-24T05:54:21.020+00:00,walking-slowly-then-fall,Trial 4: grandma walking slowly at home then sudden fall,3140,1.677,5.786,7.855,5.106,0.314,-1.039,0.127,-0.199,315748,0.0001602834,0.4716153,5,0.1928639,-0.01945852,13.69933,-33.11548,10.825,1.009421967136454,1.0928156294636344,0.1928639,0.01945852,0.00459694446,0.025324863730000008,13.69933,33.11548,5.00359026,7.8381164299999995
3050,6,2026-09-24T05:54:21.120+00:00,walking-slowly-then-fall,Trial 4: grandma walking slowly at home then sudden fall,3141,1.667,5.766,7.826,5.086,-1.969,-0.289,0.007,-0.75,315848,0.0004487936,1.929663,5,0.07191563,-0.02375406,6.348,-14.26463,10.925,1.005710700173097,1.9901082885109547,0.07191563,0.02375406,0.0035005967800000003,0.024456125889999996,6.348,14.26463,2.72222486,7.948314730000002
3051,6,2026-09-24T05:54:21.220+00:00,walking-slowly-then-fall,Trial 4: grandma walking slowly at home then sudden fall,3142,1.657,5.757,7.894,5.103,-2.316,1.253,0.792,-0.09,315949,0.001634891,1.038133,5,0.02286179,-0.01140279,3.34726,-1.460419,11.026,1.0105173332427826,2.749750715974086,0.02286179,0.01140279,0.0020580417800000004,0.02064136299,3.34726,1.460419,1.30745726,7.0559603300000004
3052,6,2026-09-24T05:54:21.321+00:00,walking-slowly-then-fall,Trial 4: grandma walking slowly at home then sudden fall,3143,1.657,5.747,7.924,5.109,-1.492,1.972,1.679,0.72,316050,0.0003205668,0.660902,5,0.02286137,0.0002556774,3.29596,0.4262018,11.127,1.0123652689797127,2.9889611907818407,0.02286137,0.0002556774,0.0006988363399999999,0.020295150369999997,3.29596,0.4262018,0.96531106,4.96856953
3053,6,2026-09-24T05:54:21.421+00:00,walking-slowly-then-fall,Trial 4: grandma walking slowly at home then sudden fall,3144,1.598,5.737,7.934,5.09,0.263,3.071,2.449,1.928,316151,0.001218159,1.626909,5,-0.009677762,0.001969786,5.68469,1.028972,11.228,1.011603346708792,3.9367259239119,0.009677762,0.001969786,0.00075653876,0.00575419627,5.68469,1.028972,1.1454444599999998,4.69618483
3054,6,2026-09-24T05:54:21.522+00:00,walking-slowly-then-fall,Trial 4: grandma walking slowly at home then sudden fall,3145,1.422,5.904,7.914,5.08,2.262,5.645,3.814,3.907,316252,0.01977902,4.161567,5,-0.02589226,0.03786506,11.22046,5.002559,11.329,1.0172183976441524,7.178388746787123,0.02589226,0.03786506,0.00468028608,0.00463861527,11.22046,5.002559,1.8834347999999999,3.4435125300000005
3055,6,2026-09-24T05:54:21.623+00:00,walking-slowly-then-fall,Trial 4: grandma walking slowly at home then sudden fall,3146,1.206,6.257,7.973,5.145,5.809,8.381,11.488,8.559,316353,0.05821512,26.31906,5,0.05502134,0.1313058,20.28383,53.52725,11.43,1.040776208906549,15.360982585759285,0.05502134,0.1313058,0.01623355136,0.00986707407,20.28383,53.52725,6.761314199999999,4.74176953
3056,6,2026-09-24T05:54:21.724+00:00,walking-slowly-then-fall,Trial 4: grandma walking slowly at home then sudden fall,3147,1.334,6.002,7.963,5.099,10.289,9.82,22.511,14.207,316453,0.02711997,47.88255,5,0.03579549,0.1098783,33.32286,118.1115,11.53,1.025881790143143,26.62782458256776,0.03579549,0.1098783,0.02133056716,0.01169430447,33.32286,118.1115,16.130197600000002,8.718827430000001
3057,6,2026-09-24T05:54:21.825+00:00,walking-slowly-then-fall,Trial 4: grandma walking slowly at home then sudden fall,3148,1.834,5.521,7.894,5.083,10.901,10.217,22.518,14.545,316554,0.1619189,0.1774009,5,0.006672967,0.3266228,35.27966,40.50113,11.631,0.9999472213276823,27.023678765112646,0.006672967,0.3266228,0.0536502338,0.02717453507,35.27966,40.50113,16.033497379999996,8.499404219999999
3058,6,2026-09-24T05:54:21.925+00:00,walking-slowly-then-fall,Trial 4: grandma walking slowly at home then sudden fall,3149,2.089,5.394,7.836,5.106,7.72,7.557,14.088,9.788,316655,0.02824206,29.41975,5,-0.009574033,0.1197523,17.59948,24.15204,11.732,0.9931745542304453,17.753264291391595,0.009574033,0.1197523,0.059055014,0.029905776380000006,17.59948,24.15204,21.592065580000003,11.36875502
3059,6,2026-09-24T05:54:22.024+00:00,walking-slowly-then-fall,Trial 4: grandma walking slowly at home then sudden fall,3150,2.089,5.609,7.786,5.162,3.672,3.427,8.658,5.252,316755,0.01631692,20.97604,5,0.03898596,-0.08209367,-10.97742,-29.03729,11.832,1.0014350349830474,10.009439394891205,0.03898596,0.08209367,0.058362594000000004,0.03152144004,10.97742,29.03729,24.954960179999997,13.419197490000002
3060,6,2026-09-24T05:54:22.124+00:00,walking-slowly-then-fall,Trial 4: grandma walking slowly at home then sudden fall,3151,2.02,5.766,7.767,5.184,1.161,0.26,4.586,2.002,316855,0.009905576,10.97206,5,0.2469444,-0.1789363,-33.52021,-52.79554,11.932,1.007681090279113,4.737817746600222,0.2469444,0.1789363,0.048700685199999996,0.03246711828,33.52021,52.79554,21.885560180000002,14.323437190000002
3061,6,2026-09-24T05:54:22.224+00:00,walking-slowly-then-fall,Trial 4: grandma walking slowly at home then sudden fall,3152,1.942,5.855,7.737,5.178,0.135,-1.38,1.427,0.061,316955,0.004936729,4.573852,5,0.2675718,-0.3321462,-36.69043,-9.486298,12.032,1.0090222444064516,1.989712039467018,0.2675718,0.3321462,0.044264037,0.03279730208,36.69043,9.486298,13.22382058,14.677009089999999
3062,6,2026-09-24T05:54:22.323+00:00,walking-slowly-then-fall,Trial 4: grandma walking slowly at home then sudden fall,3153,1.912,5.894,7.708,5.171,-0.651,-1.962,-0.487,-1.033,317055,0.00108993,1.539972,5,0.1471,-0.06568445,-26.835,-72.16174,12.132,1.0084794556439143,2.1237735284158714,0.1471,0.06568445,0.012098243,0.0328742384,26.835,72.16174,13.496334800000003,14.76491609
3063,6,2026-09-24T05:54:22.423+00:00,walking-slowly-then-fall,Trial 4: grandma walking slowly at home then sudden fall,3154,1.902,5.913,7.708,5.175,-1.135,-2.241,-1.625,-1.667,317155,0.0001602834,0.5357137,5,0.01307535,-0.04112892,-16.87433,-50.31274,12.232,1.009438896941758,2.9918106557735236,0.01307535,0.04112892,0.006481887680000001,0.032768450840000005,16.87433,50.31274,7.719527540000001,14.655796560000002
3064,6,2026-09-24T05:54:22.523+00:00,walking-slowly-then-fall,Trial 4: grandma walking slowly at home then sudden fall,3155,1.932,5.894,7.728,5.184,-1.691,-2.783,-2.233,-2.236,317255,0.000544966,0.324188,5,-0.003269196,-0.02349767,-10.20367,-25.33389,12.332,1.0104654189182154,3.948526180741366,0.003269196,0.02349767,0.00332749688,0.030845045440000003,10.20367,25.33389,3.5891571399999997,14.272058660000003
3065,6,2026-09-24T05:54:22.622+00:00,walking-slowly-then-fall,Trial 4: grandma walking slowly at home then sudden fall,3156,1.942,5.845,7.757,5.181,-2.143,-3.697,-3.267,-3.036,317355,0.001121984,0.7029519,5,0.01961279,-0.008174454,-7.395,-8.957584,12.432,1.0100155923305423,5.378991262309318,0.01961279,0.008174454,0.00157077848,0.02513573184,7.395,8.957584,1.5353355199999998,11.710447850000003
3066,6,2026-09-24T05:54:22.722+00:00,walking-slowly-then-fall,Trial 4: grandma walking slowly at home then sudden fall,3157,1.932,5.845,7.747,5.175,-2.464,-4.33,-4.602,-3.799,317455,6.411337e-05,0.7619852,5,0.01307535,-0.001089932,-6.899334,-1.388735,12.532,1.0090176070399552,6.78222677297066,0.01307535,0.001089932,0.000596255354,0.022430146176999996,6.899334,1.388735,0.77296216,6.99839137
3067,6,2026-09-24T05:54:22.822+00:00,walking-slowly-then-fall,Trial 4: grandma walking slowly at home then sudden fall,3158,1.942,5.825,7.757,5.175,-3.09,-4.647,-5.166,-4.301,317555,0.0001923401,0.2701535,5,-0.009806633,-0.0004167392,-6.831001,-0.09332314,12.632,1.008813438736332,7.604621292345859,0.009806633,0.0004167392,0.000416737374,0.006257490186999999,6.831001,0.09332314,0.51899846,7.007666630000001
3068,6,2026-09-24T05:54:22.923+00:00,walking-slowly-then-fall,Trial 4: grandma walking slowly at home then sudden fall,3159,1.952,5.806,7.806,5.188,-4.225,-5.672,-5.764,-5.22,317656,0.0009617005,0.8988181,5,7.210537e-05,-9.195936e-05,-7.220746,0.7166612,12.733,1.0118009246447124,9.12391938807002,7.210537e-05,9.195936e-05,0.000577020794,0.003529454237,7.220746,0.7166612,0.5916193399999999,4.15557344
3069,6,2026-09-24T05:54:23.022+00:00,walking-slowly-then-fall,Trial 4: grandma walking slowly at home then sudden fall,3160,1.844,5.776,8.061,5.227,-9.381,-5.916,-6.685,-7.327,317756,0.0258377,9.164036,5,0.1043435,0.05018261,-9.975769,17.01017,12.833,1.0285607722996313,12.949573043154743,0.1043435,0.05018261,0.005635567594,0.004481532237,9.975769,17.01017,2.3595889399999996,2.97437304
3070,6,2026-09-24T05:54:23.123+00:00,walking-slowly-then-fall,Trial 4: grandma walking slowly at home then sudden fall,3161,2.118,5.119,8.09,5.109,-7.175,-10.772,-9.248,-9.065,317856,0.1693241,11.67205,5,-0.07798327,0.3627674,-13.5156,30.61072,12.933,0.9998325788214227,15.907297476315705,0.07798327,0.3627674,0.039275990794,0.020423384637,13.5156,30.61072,4.553408559999999,3.04437204
3071,6,2026-09-24T05:54:23.223+00:00,walking-slowly-then-fall,Trial 4: grandma walking slowly at home then sudden fall,3162,2.089,4.599,8.061,4.916,-2.598,-11.421,-11.258,-8.426,317956,0.09062459,8.470077,5,-0.5930758,0.3484025,-12.07129,27.12262,13.033,0.9700414230446601,16.24596593003937,0.5930758,0.3484025,0.05738808612,0.028992170737,12.07129,27.12262,6.0950269200000005,3.4339945400000005
3072,6,2026-09-24T05:54:23.322+00:00,walking-slowly-then-fall,Trial 4: grandma walking slowly at home then sudden fall,3163,2.05,5.482,8.051,5.194,7.169,-27.903,-1.618,-7.451,318056,0.2602052,153.3267,5,-0.2974691,0.5832739,-5.559,304.1619,13.133,1.0149810008778555,28.854633839298668,0.2974691,0.5832739,0.10939065810000001,0.054903697737000004,5.559,304.1619,36.70633622,18.612667339999998
3073,6,2026-09-24T05:54:23.422+00:00,walking-slowly-then-fall,Trial 4: grandma walking slowly at home then sudden fall,3164,2.285,6.159,8.002,5.482,3.574,-23.587,-1.808,-7.274,318156,0.1718884,10.52933,5,0.5949354,0.3829825,1.721665,144.3853,13.233,1.055721557181135,23.924650655756707,0.5949354,0.3829825,0.14357599800000004,0.07207650939700001,1.721665,144.3853,38.63243859999999,19.612028969999997
3074,6,2026-09-24T05:54:23.522+00:00,walking-slowly-then-fall,Trial 4: grandma walking slowly at home then sudden fall,3165,2.52,6.09,7.855,5.488,2.295,-15.642,-4.908,-6.085,318256,0.02724826,24.78962,5,1.323897,-0.2028879,7.111998,28.2944,13.333,1.0455921878185004,16.5537806255852,1.323897,0.2028879,0.14385811,0.074746838797,7.111998,28.2944,41.75755539999999,22.058572169999998
3075,6,2026-09-24T05:54:23.621+00:00,walking-slowly-then-fall,Trial 4: grandma walking slowly at home then sudden fall,3166,2.579,6.678,7.885,5.714,8.301,-9.579,-7.898,-3.059,318356,0.116847,27.25737,5,1.889415,-0.1805122,12.09967,-90.96255,13.433,1.0859865163730755,14.93459895678488,1.889415,0.1805122,0.13336269,0.08631934039700001,12.09967,90.96255,44.8746194,24.71401398
3076,6,2026-09-24T05:54:23.721+00:00,walking-slowly-then-fall,Trial 4: grandma walking slowly at home then sudden fall,3167,2.246,9.15,8.532,6.642,36.798,-5.696,10.666,13.923,318456,2.212431,390.5929,5,3.128322,3.84941,46.96167,491.2604,13.533,1.2961312705068864,38.73371626890454,3.128322,3.84941,0.557723972,0.30755602906,46.96167,491.2604,121.299184,63.69710546
3077,6,2026-09-24T05:54:23.821+00:00,walking-slowly-then-fall,Trial 4: grandma walking slowly at home then sudden fall,3168,-0.137,3.011,4.639,2.504,43.296,-1.577,61.322,34.347,318556,19.50765,875.0734,5,-4.801989,40.8567,103.249,2094.892,13.633,0.5641271651972294,75.08274255113487,4.801989,40.8567,4.407212932,2.25830179505,103.249,2094.892,265.648524,151.17743011
3078,6,2026-09-24T05:54:23.921+00:00,walking-slowly-then-fall,Trial 4: grandma walking slowly at home then sudden fall,3169,1.118,2.334,8.09,3.847,-29.198,43.004,3.764,5.857,318656,4.649806,3518.59,5,-6.492002,28.63591,61.289,7835.416,13.733,0.8661322088715427,52.11559187037983,6.492002,28.63591,5.302796452,2.723186225,61.289,7835.416,967.2606579999999,502.9465483
3079,6,2026-09-24T05:54:24.021+00:00,walking-slowly-then-fall,Trial 4: grandma walking slowly at home then sudden fall,3170,0.951,6.639,9.052,5.547,-1.861,4.533,48.883,17.185,318756,6.495155,1421.018,5,-3.128321,15.19399,32.42133,5915.518,13.833,1.1487972150755428,49.127986921916516,3.128321,15.19399,6.596377799999999,3.370117955,32.42133,5915.518,1246.5063340000002,644.1319447
3080,6,2026-09-24T05:54:24.121+00:00,walking-slowly-then-fall,Trial 4: grandma walking slowly at home then sudden fall,3171,1.52,0.137,7.041,2.899,25.939,20.549,26.057,24.182,318856,15.5462,516.7928,5,-4.442413,13.65504,3.355995,798.3442,13.933,0.7346547561788686,42.11959604507147,4.442413,13.65504,9.682248399999999,4.907805545,3.355995,798.3442,1344.41342,694.6440197000001
3081,6,2026-09-24T05:54:24.222+00:00,walking-slowly-then-fall,Trial 4: grandma walking slowly at home then sudden fall,3172,0.373,4.992,9.905,5.09,37.724,26.891,-27.374,12.414,318957,11.02683,1011.326,5,4.217613,-6.045188,-25.50328,-2722.95,14.034,1.1316930621917294,53.81042587640429,4.217613,6.045188,11.445128200000003,6.001426086,25.50328,2722.95,1468.56004,794.929612
3082,6,2026-09-24T05:54:24.323+00:00,walking-slowly-then-fall,Trial 4: grandma walking slowly at home then sudden fall,3173,0.588,-0.363,7.257,2.494,44.515,13.028,54.737,37.427,319058,11.9091,2326.839,5,-3.151155,18.91123,58.07633,-2761.606,14.135,0.7433553684334167,71.74575372800818,3.151155,18.91123,9.9254182,7.166315566,58.07633,2761.606,1758.91316,1012.2808420000001
3083,6,2026-09-24T05:54:24.423+00:00,walking-slowly-then-fall,Trial 4: grandma walking slowly at home then sudden fall,3174,-1.079,4.619,8.581,4.04,-3.643,20.726,-13.862,1.074,319159,9.783381,2361.425,5,-3.383742,2.877934,-18.87684,3667.771,14.236,0.9998054241761152,25.199078733160068,3.383742,2.877934,10.9521332,8.127464826,18.87684,3667.771,1527.48016,1247.3704089999999
3084,6,2026-09-24T05:54:24.523+00:00,walking-slowly-then-fall,Trial 4: grandma walking slowly at home then sudden fall,3175,-1.902,5.227,8.689,4.004,-12.199,-5.945,54.668,12.175,319259,0.353298,1826.969,5,1.150584,-31.34814,-35.0909,3944.592,14.336,1.0520281948839147,56.32715907979028,1.150584,31.34814,9.723761800000002,8.160069799999999,35.0909,3944.592,1608.67036,1427.588347
3085,6,2026-09-24T05:54:24.624+00:00,walking-slowly-then-fall,Trial 4: grandma walking slowly at home then sudden fall,3176,-2.903,-0.304,8.806,1.867,-47.211,26.691,-32.306,-17.609,319360,10.53527,3285.142,5,-4.905175,-12.42418,-84.72284,4023.822,14.437,0.9460057455612634,63.12658424150636,4.905175,12.42418,8.7215758,9.2019121,84.72284,4023.822,2162.3402,1753.3768100000002
3086,6,2026-09-24T05:54:24.725+00:00,walking-slowly-then-fall,Trial 4: grandma walking slowly at home then sudden fall,3177,-1.814,1.697,9.836,3.239,-63.723,12.773,-16.337,-22.429,319461,2.082473,240.4553,5,-0.6777394,-18.74865,-137.503,-3229.442,14.538,1.034483382159118,67.01244531428472,0.6777394,18.74865,6.9327044,9.188916299999999,137.503,3229.442,2008.16606,1738.3630500000004
3087,6,2026-09-24T05:54:24.826+00:00,walking-slowly-then-fall,Trial 4: grandma walking slowly at home then sudden fall,3178,-0.706,1.5,9.581,3.458,-60.934,15.792,-20.495,-21.879,319562,0.4438264,11.39395,5,-1.910053,-16.79808,-79.92183,-6240.998,14.639,0.9915081853409303,66.19958190955589,1.910053,16.79808,4.63964968,7.282533939999999,79.92183,6240.998,1545.0770499999999,1651.9951050000004
3088,6,2026-09-24T05:54:24.926+00:00,walking-slowly-then-fall,Trial 4: grandma walking slowly at home then sudden fall,3179,-0.049,1.942,9.758,3.883,-50.18,11.494,-13.043,-17.243,319663,0.2192043,63.21786,5,1.336681,-10.25706,-62.48086,-6733.912,14.74,1.0145655123150727,53.10616051834288,1.336681,10.25706,2.7268143400000002,6.839473770000001,62.48086,6733.912,1085.4356219999997,1306.457891
3089,6,2026-09-24T05:54:25.026+00:00,walking-slowly-then-fall,Trial 4: grandma walking slowly at home then sudden fall,3180,0.402,2.256,9.12,3.926,-42.832,8.148,-14.122,-16.269,319764,0.2360982,22.11769,5,4.715606,-22.23923,7.788116,-6636.916,14.841,0.9588886647321845,45.83013214032881,4.715606,22.23923,2.7033743800000005,6.213568090000001,7.788116,6636.916,724.46536,1166.5678599999999
3090,6,2026-09-24T05:54:25.126+00:00,walking-slowly-then-fall,Trial 4: grandma walking slowly at home then sudden fall,3181,0.569,2.824,9.326,4.24,-27.084,2.016,-10.469,-11.846,319864,0.1312406,99.64846,5,2.448442,-4.080812,26.55718,-269.393,14.941,0.9953235374437164,29.106825196163186,2.448442,4.080812,0.6225684999999999,4.67207215,26.55718,269.393,87.36665199999999,1124.8534260000001
3091,6,2026-09-24T05:54:25.227+00:00,walking-slowly-then-fall,Trial 4: grandma walking slowly at home then sudden fall,3182,0.873,3.001,9.15,4.341,-22.01,-1.55,-5.156,-9.572,319965,0.05157948,22.22993,5,2.106704,-0.8665064,29.79965,57.5308,15.042,0.9859692432790031,22.65892618814934,2.106704,0.8665064,0.216389796,3.574547098,29.79965,57.5308,43.721578,1025.9438189999998
3092,6,2026-09-24T05:54:25.326+00:00,walking-slowly-then-fall,Trial 4: grandma walking slowly at home then sudden fall,3183,1.157,3.256,9.159,4.524,-18.152,-2.16,-3.709,-8.007,320065,0.04866219,5.783357,5,1.687616,-0.5229223,25.04008,-114.3877,15.142,0.9982155397398205,18.652543660316145,1.687616,0.5229223,0.137356954,2.3885033170000005,25.04008,114.3877,42.5994594,793.8382547
3093,6,2026-09-24T05:54:25.426+00:00,walking-slowly-then-fall,Trial 4: grandma walking slowly at home then sudden fall,3184,1.344,3.266,9.189,4.599,-13.614,-1.777,-2.134,-5.842,320165,0.01189306,7.740253,5,1.626259,-0.5295605,24.61966,-122.4713,15.242,1.0038421863351965,13.894339890761273,1.626259,0.5295605,0.09589470600000001,1.411354523,24.61966,122.4713,31.503937999999998,558.46978
3094,6,2026-09-24T05:54:25.526+00:00,walking-slowly-then-fall,Trial 4: grandma walking slowly at home then sudden fall,3185,1.52,3.334,9.297,4.717,-10.875,-0.3,-1.67,-4.282,320265,0.01583612,3.299649,5,1.210349,-0.2702063,18.82225,-207.0764,15.342,1.0190030034783704,11.006567357718755,1.210349,0.2702063,0.05184229,1.3776083350000001,18.82225,207.0764,27.740329799999994,376.1028449
3095,6,2026-09-24T05:54:25.625+00:00,walking-slowly-then-fall,Trial 4: grandma walking slowly at home then sudden fall,3186,1.628,3.364,9.297,4.763,-10.851,1.35,-1.375,-3.625,320365,0.004167377,0.9367004,5,1.036237,-0.1276503,15.61867,-45.07017,15.442,1.0217591513084021,11.020767940574741,1.036237,0.1276503,0.026427645399999998,0.3244980727,15.61867,45.07017,7.9979778800000005,47.68231494
3096,6,2026-09-24T05:54:25.725+00:00,walking-slowly-then-fall,Trial 4: grandma walking slowly at home then sudden fall,3187,1.608,3.324,9.208,4.714,-8.54,1.31,-1.731,-2.987,320465,0.003237725,1.823019,5,0.5426359,-0.09857461,12.25633,-14.72423,15.542,1.0116381660236433,8.81158674700533,0.5426359,0.09857461,0.0167592944,0.11657454519999999,12.25633,14.72423,3.9165956799999995,23.81908684
3097,6,2026-09-24T05:54:25.825+00:00,walking-slowly-then-fall,Trial 4: grandma walking slowly at home then sudden fall,3188,1.589,3.217,9.297,4.701,-8.522,1.857,-1.508,-2.724,320565,0.006603694,0.1164207,5,0.1994033,-0.02317713,7.529334,-16.7243,15.642,1.0161829903249255,8.851383903096735,0.1994033,0.02317713,0.008347595199999999,0.0728522746,7.529334,16.7243,2.7832084200000002,22.691333909999997
3098,6,2026-09-24T05:54:25.926+00:00,walking-slowly-then-fall,Trial 4: grandma walking slowly at home then sudden fall,3189,1.569,3.197,9.307,4.691,-5.516,1.69,-2.233,-2.02,320666,0.0002885117,3.196518,5,-0.1142146,-0.02860165,5.414378,-1.009277,15.743,1.016155361882885,6.186165613689954,0.1142146,0.02860165,0.00602668554,0.05096069577000001,5.414378,1.009277,1.87446142,16.68919971
3099,6,2026-09-24T05:54:26.025+00:00,walking-slowly-then-fall,Trial 4: grandma walking slowly at home then sudden fall,3190,1.53,3.217,9.346,4.697,-3.874,0.392,-2.392,-1.958,320766,0.001154041,1.468749,5,-0.1530967,-0.008969343,4.289691,2.439418,15.843,1.019908436859184,4.569814438245825,0.1530967,0.008969343,0.00309026974,0.02746627987,4.289691,2.439418,1.5082814199999999,14.624305609999999
3100,6,2026-09-24T05:54:26.126+00:00,walking-slowly-then-fall,Trial 4: grandma walking slowly at home then sudden fall,3191,1.52,3.236,9.375,4.71,-2.153,0.259,-2.599,-1.498,320867,0.0004487936,1.00746,5,-0.009723164,-0.01098779,3.727386,-0.2701757,15.944,1.0231403863997564,3.384862035593179,0.009723164,0.01098779,0.00234655306,0.01438709923,3.727386,0.2701757,1.52243334,4.76020561
3101,6,2026-09-24T05:54:26.226+00:00,walking-slowly-then-fall,Trial 4: grandma walking slowly at home then sudden fall,3192,1.51,3.246,9.356,4.704,-1.264,-0.155,-2.701,-1.373,320967,0.0001923401,0.3240404,5,0.02601957,-0.01261294,3.209495,-1.756282,16.044,1.0215060388635,2.9861550529066636,0.02601957,0.01261294,0.0017374760800000003,0.00924838524,3.209495,1.756282,1.22263762,2.5696166500000004
3102,6,2026-09-24T05:54:26.326+00:00,walking-slowly-then-fall,Trial 4: grandma walking slowly at home then sudden fall,3193,1.5,3.236,9.346,4.694,-0.825,-0.151,-2.708,-1.228,321068,9.617005e-05,0.06426202,5,0.01299779,-0.00134203,2.157706,-7.36921,16.145,1.020070054295372,2.8349056421687124,0.01299779,0.00134203,0.00043597129,0.004391783245,2.157706,7.36921,1.212205884,1.9977071520000003
3103,6,2026-09-24T05:54:26.427+00:00,walking-slowly-then-fall,Trial 4: grandma walking slowly at home then sudden fall,3194,1.471,3.266,9.336,4.691,-0.128,-0.428,-2.451,-1.002,321169,0.0006090793,0.209529,5,-0.02921208,-0.001430839,2.166054,-3.435513,16.246,1.0196728384263214,2.491378935449202,0.02921208,0.001430839,0.00050008481,0.003263385175,2.166054,3.435513,0.614808084,1.2446347519999998
3104,6,2026-09-24T05:54:26.528+00:00,walking-slowly-then-fall,Trial 4: grandma walking slowly at home then sudden fall,3195,1.461,3.275,9.326,4.688,-0.043,-0.741,-1.96,-0.915,321270,9.617005e-05,0.115425,5,-0.05835924,-0.0002852074,1.524923,-1.880714,16.347,1.0188716503750632,2.0958363485730462,0.05835924,0.0002852074,0.00028851062000000003,0.00168939018,1.524923,1.880714,0.344143284,0.926212352
3105,6,2026-09-24T05:54:26.629+00:00,walking-slowly-then-fall,Trial 4: grandma walking slowly at home then sudden fall,3196,1.461,3.305,9.316,4.694,0.107,-0.853,-1.89,-0.879,321371,0.0003205715,0.01331467,5,-0.02589131,0.0002539236,1.289769,-0.564642,16.448,1.0189276776596194,2.076332824958465,0.02589131,0.0002539236,0.0002628662,0.0013047096300000001,1.289769,0.564642,0.145314218,0.8338737789999999
3106,6,2026-09-24T05:54:26.729+00:00,walking-slowly-then-fall,Trial 4: grandma walking slowly at home then sudden fall,3197,1.451,3.305,9.316,4.691,0.255,-1.042,-1.575,-0.787,321471,3.205668e-05,0.05228333,5,-0.003243236,-0.0004122897,0.9972772,-0.2184762,16.548,1.0187790812440576,1.9056269309599925,0.003243236,0.0004122897,0.00023080951600000003,0.000984142798,0.9972772,0.2184762,0.090962804,0.6568002119999999
3107,6,2026-09-24T05:54:26.828+00:00,walking-slowly-then-fall,Trial 4: grandma walking slowly at home then sudden fall,3198,1.451,3.315,9.336,4.701,0.156,-1.411,-1.338,-0.864,321571,0.0001602834,0.06737699,5,0.02274628,-0.0009579296,0.4018116,-0.3465662,16.648,1.0210181814354495,1.9507693354161584,0.02274628,0.0009579296,0.000243632186,0.000339801738,0.4018116,0.3465662,0.091585798,0.6518958409999999
3108,6,2026-09-24T05:54:26.928+00:00,walking-slowly-then-fall,Trial 4: grandma walking slowly at home then sudden fall,3199,1.451,3.305,9.326,4.694,0.257,-1.583,-1.178,-0.835,321671,6.411337e-05,0.021795,5,0.01959405,-0.0002231225,0.1742223,-0.1332773,16.748,1.0197299892509075,1.9898798958731152,0.01959405,0.0002231225,0.000134639,0.000317361905,0.1742223,0.1332773,0.05403899799999999,0.334423541
3109,6,2026-09-24T05:54:27.028+00:00,walking-slowly-then-fall,Trial 4: grandma walking slowly at home then sudden fall,3200,1.461,3.305,9.307,4.691,0.385,-1.572,-1.006,-0.731,321771,0.0001602834,0.01536299,5,-0.003269196,-0.0002885195,0.2479999,-0.02639168,16.848,1.018072099243245,1.9056350647487572,0.003269196,0.0002885195,0.00014746167000000002,0.000217986145,0.2479999,0.02639168,0.034026596000000006,0.18908494
3110,6,2026-09-24T05:54:27.127+00:00,walking-slowly-then-fall,Trial 4: grandma walking slowly at home then sudden fall,3201,1.471,3.324,9.287,4.694,0.411,-1.424,-0.947,-0.653,321871,0.0002885102,0.008687001,5,-0.003268719,0.0005129069,0.4013332,-0.1392067,16.948,1.016965315559922,1.7588365472664023,0.003268719,0.0005129069,0.00014104941,0.00020195780499999999,0.4013332,0.1392067,0.033101062199999996,0.0892076401
3111,6,2026-09-24T05:54:27.228+00:00,walking-slowly-then-fall,Trial 4: grandma walking slowly at home then sudden fall,3202,1.461,3.324,9.287,4.691,0.85,-1.348,-1.007,-0.502,321972,3.205668e-05,0.06736567,5,-0.01956848,-3.301429e-05,0.905192,-0.01276699,17.049,1.016815409742222,1.885113524432945,0.01956848,3.301429e-05,0.00014104941,0.000185929463,0.905192,0.01276699,0.036117530200000005,0.0635401671
3112,6,2026-09-24T05:54:27.328+00:00,walking-slowly-then-fall,Trial 4: grandma walking slowly at home then sudden fall,3203,1.461,3.324,9.267,4.684,0.672,-1.221,-0.842,-0.464,322072,0.0001282267,0.02501267,5,-0.01956199,-1.083414e-06,0.9685941,0.05845747,17.149,1.0149162572090524,1.6283086316788964,0.01956199,1.083414e-06,0.00013463806999999999,0.000189135128,0.9685941,0.05845747,0.0276446662,0.05961523209999999
3113,6,2026-09-24T05:54:27.428+00:00,walking-slowly-then-fall,Trial 4: grandma walking slowly at home then sudden fall,3204,1.451,3.344,9.277,4.691,0.871,-1.038,-0.719,-0.295,322172,0.0001923401,0.02940633,5,-0.009793995,-9.686994e-05,1.057903,0.04448773,17.249,1.0163991160312293,1.5339641456044533,0.009793995,9.686994e-05,0.000160283416,0.000147461208,1.057903,0.04448773,0.029166932200000002,0.0416029651
3114,6,2026-09-24T05:54:27.528+00:00,walking-slowly-then-fall,Trial 4: grandma walking slowly at home then sudden fall,3205,1.451,3.354,9.277,4.694,0.758,-1.006,-0.644,-0.297,322272,3.205668e-05,0.006472663,5,-3.25605e-05,-0.0003527484,0.9167697,-0.04203253,17.349,1.0167416757852952,1.4146858308472592,3.25605e-05,0.0003527484,0.00013463807199999998,0.00014104987100000001,0.9167697,0.04203253,0.0273888668,0.030707731399999993
3115,6,2026-09-24T05:54:27.627+00:00,walking-slowly-then-fall,Trial 4: grandma walking slowly at home then sudden fall,3206,1.442,3.373,9.267,4.694,0.638,-1.069,-0.763,-0.398,322372,0.0001923401,0.01084333,5,0.0163455,0.0002243968,0.3736667,-0.1315847,17.449,1.0163137701062417,1.4601280765741065,0.0163455,0.0002243968,0.00011540405199999999,0.000128226731,0.3736667,0.1315847,0.027820132600000002,0.0304605974
3116,6,2026-09-24T05:54:27.728+00:00,walking-slowly-then-fall,Trial 4: grandma walking slowly at home then sudden fall,3207,1.451,3.383,9.267,4.701,0.513,-1.151,-0.659,-0.432,322473,6.411337e-05,0.011055,5,0.03589384,-0.0001282896,-0.04038809,-0.04634761,17.55,1.0167924668849673,1.4220587189001725,0.03589384,0.0001282896,0.00012181538999999998,0.00013143239999999999,0.04038809,0.04634761,0.0165579986,0.026337764399999998
3117,6,2026-09-24T05:54:27.828+00:00,walking-slowly-then-fall,Trial 4: grandma walking slowly at home then sudden fall,3208,1.442,3.393,9.267,4.701,0.472,-1.493,-0.616,-0.546,322573,6.411337e-05,0.04016467,5,0.02608683,-0.000223948,-0.6337619,0.02606275,17.65,1.0170057842974751,1.6826434559941688,0.02608683,0.000223948,0.000108992724,0.00012181539699999998,0.6337619,0.02606275,0.0195883986,0.0236165324
3118,6,2026-09-24T05:54:27.928+00:00,walking-slowly-then-fall,Trial 4: grandma walking slowly at home then sudden fall,3209,1.442,3.403,9.277,4.707,0.651,-1.627,-0.654,-0.543,322673,6.411337e-05,0.017147,5,0.03259725,-6.430379e-05,-0.6377458,0.05053575,17.75,1.018300384022965,1.870466786660485,0.03259725,6.430379e-05,8.334737800000001e-05,0.00012181539700000001,0.6377458,0.05053575,0.017136532599999997,0.0231517324
3119,6,2026-09-24T05:54:28.027+00:00,walking-slowly-then-fall,Trial 4: grandma walking slowly at home then sudden fall,3210,1.442,3.413,9.287,4.714,0.505,-1.745,-0.49,-0.577,322773,6.411337e-05,0.020712,5,0.04567244,-0.0002564514,-0.4674716,0.02581727,17.85,1.0195953796446575,1.8815286338506785,0.04567244,0.0002564514,8.9758716e-05,0.00011219839400000001,0.4674716,0.02581727,0.019984400000000003,0.0236866334
3120,6,2026-09-24T05:54:28.127+00:00,walking-slowly-then-fall,Trial 4: grandma walking slowly at home then sudden fall,3211,1.442,3.413,9.297,4.717,0.413,-1.588,-0.595,-0.59,322873,3.205668e-05,0.01471266,5,0.04576349,-6.411337e-05,-0.3463334,-0.01213735,17.95,1.0205425722757497,1.745376177217966,0.04576349,6.411337e-05,5.770203199999999e-05,8.6553042e-05,0.3463334,0.01213735,0.020758266,0.0242891993
3121,6,2026-09-24T05:54:28.227+00:00,walking-slowly-then-fall,Trial 4: grandma walking slowly at home then sudden fall,3212,1.432,3.403,9.287,4.707,0.432,-1.576,-0.533,-0.559,322973,9.617005e-05,0.001449669,5,0.02288151,3.205668e-05,-0.07333326,-0.07986433,18.05,1.019101148803949,1.7188627053956347,0.02288151,3.205668e-05,6.4113368e-05,9.2964379e-05,0.07333326,0.07986433,0.0188371998,0.017697599199999997
3122,6,2026-09-24T05:54:28.328+00:00,walking-slowly-then-fall,Trial 4: grandma walking slowly at home then sudden fall,3213,1.432,3.413,9.257,4.701,0.254,-1.619,-0.539,-0.635,323074,0.0003205668,0.01118967,5,-0.01961914,0.0005448316,-0.1648786,-0.03107099,18.151,1.0166076728724958,1.7251660789616747,0.01961914,0.0005448316,0.00011540405399999998,0.00011219838900000002,0.1648786,0.03107099,0.013042199800000001,0.0163152992
3123,6,2026-09-24T05:54:28.427+00:00,walking-slowly-then-fall,Trial 4: grandma walking slowly at home then sudden fall,3214,1.432,3.423,9.277,4.71,0.313,-1.459,-0.281,-0.476,323174,0.000160285,0.03188166,5,-0.02282925,0.0004800829,0.1566323,0.01881414,18.251,1.0188505245334996,1.5184238538695314,0.02282925,0.0004800829,0.00013463838000000002,0.00010899287900000001,0.1566323,0.01881414,0.0159891318,0.016562832200000002
3124,6,2026-09-24T05:54:28.527+00:00,walking-slowly-then-fall,Trial 4: grandma walking slowly at home then sudden fall,3215,1.412,3.413,9.277,4.701,2.037,-1.181,-0.805,0.017,323274,0.0001602865,1.108012,5,-0.02934061,0.0003204433,1.292086,2.208262,18.351,1.0182112351215011,2.488404107053354,0.02934061,0.0003204433,0.000153873006,0.00012181586100000001,1.292086,2.208262,0.2334491318,0.1267167659
3125,6,2026-09-24T05:54:28.628+00:00,walking-slowly-then-fall,Trial 4: grandma walking slowly at home then sudden fall,3216,1.402,3.442,9.248,4.697,2.7,-0.973,-1.023,0.235,323375,0.0006090817,0.1767857,5,-0.01955451,0.0008637448,2.22906,1.437717,18.452,1.0163377622226444,3.0468439408673365,0.01955451,0.0008637448,0.00026927801000000003,0.00016349002100000002,2.22906,1.437717,0.2658637398,0.14331100289999998
3126,6,2026-09-24T05:54:28.729+00:00,walking-slowly-then-fall,Trial 4: grandma walking slowly at home then sudden fall,3217,1.393,3.452,9.189,4.678,4.545,-0.414,-1.467,0.888,323476,0.001218191,1.304547,5,-0.0586447,0.002237246,3.738097,2.716433,18.553,1.0109830536946953,4.793799119696194,0.0586447,0.002237246,0.0004936822,0.00027889778399999997,3.738097,2.716433,0.526483206,0.2726602028999999
3127,6,2026-09-24T05:54:28.830+00:00,walking-slowly-then-fall,Trial 4: grandma walking slowly at home then sudden fall,3218,1.363,3.521,9.15,4.678,7.538,0.442,-2.57,1.803,323577,0.002372195,3.635798,5,-0.08755982,0.005441667,5.38704,7.348147,18.654,1.0093527410050438,7.976321708657444,0.08755982,0.005441667,0.00090400784,0.000509705947,5.38704,7.348147,1.2514048719999997,0.6322235359
3128,6,2026-09-24T05:54:28.930+00:00,walking-slowly-then-fall,Trial 4: grandma walking slowly at home then sudden fall,3219,1.304,3.697,9.13,4.71,10.658,1.224,-2.907,2.992,323677,0.01166869,3.486497,5,-0.000174674,0.02454865,7.455341,8.15172,18.754,1.0131953094345203,11.114935402421374,0.000174674,0.02454865,0.0032056888399999996,0.00167016361,7.455341,8.15172,1.9423279399999998,0.9791585358999999
3129,6,2026-09-24T05:54:29.029+00:00,walking-slowly-then-fall,Trial 4: grandma walking slowly at home then sudden fall,3220,1.226,3.883,9.032,4.714,10.881,0.708,-3.3,2.763,323777,0.01682979,0.1568112,5,0.06486334,0.04263603,7.127342,2.15635,18.854,1.0102798895910605,11.392428406621654,0.06486334,0.04263603,0.00653958954,0.0033467312730000006,7.127342,2.15635,1.75208778,0.9927684559
3130,6,2026-09-24T05:54:29.129+00:00,walking-slowly-then-fall,Trial 4: grandma walking slowly at home then sudden fall,3221,1.157,4.06,8.983,4.733,12.115,0.828,-3.49,3.151,323877,0.01275862,0.5244188,5,0.1467597,0.03746581,5.478025,-5.013977,18.954,1.0121244011027066,12.634829203436032,0.1467597,0.03746581,0.008969497199999999,0.004619387605,5.478025,5.013977,1.8216144,1.0437390698999998
3131,6,2026-09-24T05:54:29.228+00:00,walking-slowly-then-fall,Trial 4: grandma walking slowly at home then sudden fall,3222,1.079,4.286,8.875,4.746,17.083,2.073,-4.822,4.778,323977,0.02288848,9.335092,5,0.1601753,0.04212251,6.108666,8.43651,19.054,1.011009733276279,17.871147193171453,0.1601753,0.04212251,0.013303555,0.006898618600000001,6.108666,8.43651,3.4277234,1.9771033029999998
3132,6,2026-09-24T05:54:29.329+00:00,walking-slowly-then-fall,Trial 4: grandma walking slowly at home then sudden fall,3223,0.981,4.59,8.748,4.773,16.469,2.184,-5.016,4.546,324078,0.03942983,0.1423178,5,0.1566519,0.06152152,5.111511,2.454218,19.155,1.0123371819791065,17.3539065630768,0.1566519,0.06152152,0.020715082,0.01080954492,5.111511,2.454218,2.72902736,1.9902161159999998
3133,6,2026-09-24T05:54:29.429+00:00,walking-slowly-then-fall,Trial 4: grandma walking slowly at home then sudden fall,3224,0.892,4.805,8.64,4.779,12.456,1.778,-4.514,3.24,324178,0.02199103,5.507002,5,0.169499,0.03693027,2.338554,10.25048,19.255,1.012210444398391,13.367476051970318,0.169499,0.03693027,0.02277955,0.01299261942,2.338554,10.25048,3.1331283599999997,2.53772815
3134,6,2026-09-24T05:54:29.529+00:00,walking-slowly-then-fall,Trial 4: grandma walking slowly at home then sudden fall,3225,0.804,4.943,8.561,4.769,10.514,2.436,-5.573,2.459,324278,0.01093138,1.77527,5,0.1043811,-0.004449655,-2.911094,-1.347744,19.355,1.011373365228214,12.14646537063355,0.1043811,0.004449655,0.021599868,0.014069728769999998,2.911094,1.347744,3.4568201199999997,2.60445395
3135,6,2026-09-24T05:54:29.629+00:00,walking-slowly-then-fall,Trial 4: grandma walking slowly at home then sudden fall,3226,0.735,4.913,8.375,4.675,8.445,4.399,-9.867,0.992,324378,0.01343176,8.857521,5,-0.1464927,-0.04723412,-9.635132,0.6331565,19.455,0.9929461111299377,13.712290654737451,0.1464927,0.04723412,0.021734496000000002,0.015351996599999997,9.635132,0.6331565,5.123440560000001,3.47252748
3136,6,2026-09-24T05:54:29.729+00:00,walking-slowly-then-fall,Trial 4: grandma walking slowly at home then sudden fall,3227,0.5,5.178,8.385,4.688,14.681,9.826,-14.347,3.387,324478,0.04186618,29.47014,5,-0.2745857,-0.003686567,-4.565667,62.00617,19.555,1.0062171298462537,22.757821644436888,0.2745857,0.003686567,0.025530036,0.0194167955,4.565667,62.00617,9.15045016,6.28908678
3137,6,2026-09-24T05:54:29.828+00:00,walking-slowly-then-fall,Trial 4: grandma walking slowly at home then sudden fall,3228,0.177,5.247,7.296,4.24,5.62,1.594,-1.765,1.816,324578,0.4314524,102.7248,5,-1.160452,0.8498575,-1.919667,222.1304,19.655,0.916576579267159,6.102496292501947,1.160452,0.8498575,0.10393455,0.062324816000000005,1.919667,222.1304,29.6669466,16.197986980000003
3138,6,2026-09-24T05:54:29.928+00:00,walking-slowly-then-fall,Trial 4: grandma walking slowly at home then sudden fall,3229,0.029,5.403,7.6,4.344,-5.147,-5.437,8.318,-0.755,324678,0.04622586,89.01004,5,-1.284671,0.4886096,-5.604666,268.3368,19.755,0.9508723828510187,11.191143909359758,1.284671,0.4886096,0.108781516,0.065780533,5.604666,268.3368,46.3675542,24.75034128
3139,6,2026-09-24T05:54:30.028+00:00,walking-slowly-then-fall,Trial 4: grandma walking slowly at home then sudden fall,3230,-0.029,5.394,7.786,4.384,-7.202,-5.355,4.383,-2.725,324778,0.01275862,6.571325,5,-0.9250956,0.003013415,-11.576,54.96751,19.855,0.9658702931962696,9.987768419421828,0.9250956,0.003013415,0.10914696400000001,0.065373416,11.576,54.96751,47.3267652,25.39179266
3140,6,2026-09-24T05:54:30.128+00:00,walking-slowly-then-fall,Trial 4: grandma walking slowly at home then sudden fall,3231,0.0,5.198,8.032,4.41,-12.664,-2.003,6.717,-2.65,324878,0.03314661,15.50563,5,-0.4118805,-0.4361329,-16.61433,-124.0825,19.955,0.9755877563787023,14.47435642783471,0.4118805,0.4361329,0.113089934,0.06741221500000001,16.61433,124.0825,48.656387,26.889913780000008
3141,6,2026-09-24T05:54:30.227+00:00,walking-slowly-then-fall,Trial 4: grandma walking slowly at home then sudden fall,3232,-0.373,4.884,8.257,4.256,-41.593,6.25,6.91,-9.478,324978,0.09607428,301.6787,5,0.09806681,-0.6838355,-24.48267,324.4036,20.055,0.9789840402370631,42.62379909158732,0.09806681,0.6838355,0.123931554,0.07473079499999999,24.48267,324.4036,103.098099,56.12427458
3142,6,2026-09-24T05:54:30.328+00:00,walking-slowly-then-fall,Trial 4: grandma walking slowly at home then sudden fall,3233,-0.353,4.315,8.591,4.184,-37.424,3.305,4.535,-9.861,325078,0.145025,10.56473,5,-0.4478364,0.2809139,-24.965,138.2168,20.155,0.9809919859736761,37.84237077668364,0.4478364,0.2809139,0.066646074,0.08529031200000001,24.965,138.2168,84.666085,57.1665158
3143,6,2026-09-24T05:54:30.427+00:00,walking-slowly-then-fall,Trial 4: grandma walking slowly at home then sudden fall,3234,-0.294,3.972,8.865,4.181,-33.86,-2.613,-0.028,-12.167,325178,0.06555621,22.84859,5,-0.6308932,0.2174735,-26.096,27.61364,20.255,0.9910227577218799,33.96068540238845,0.6308932,0.2174735,0.070512144,0.08964683,26.096,27.61364,71.433795,58.9006746
3144,6,2026-09-24T05:54:30.527+00:00,walking-slowly-then-fall,Trial 4: grandma walking slowly at home then sudden fall,3235,-0.265,3.609,9.052,4.132,-28.492,-0.419,-2.051,-10.321,325278,0.05574669,12.57386,5,-0.6308942,0.01468208,-18.03067,-284.6937,20.355,0.9940732673158724,28.568798119626944,0.6308942,0.01468208,0.079109758,0.09412836100000001,18.03067,284.6937,72.634302,59.98053359999999
3145,6,2026-09-24T05:54:30.627+00:00,walking-slowly-then-fall,Trial 4: grandma walking slowly at home then sudden fall,3236,-0.363,3.393,9.179,4.07,-18.376,-3.744,-0.995,-7.705,325378,0.02413876,38.16808,5,-0.4249558,-0.2331493,3.085998,-525.0122,20.455,0.9985841899250792,18.779907800625647,0.4249558,0.2331493,0.07730818799999999,0.095199061,3.085998,525.0122,77.16679200000002,62.911589500000005
3146,6,2026-09-24T05:54:30.726+00:00,walking-slowly-then-fall,Trial 4: grandma walking slowly at home then sudden fall,3237,-0.333,3.089,9.356,4.037,-9.127,-7.585,-2.268,-6.327,325478,0.04148156,33.9726,5,-0.4053416,-0.2485043,11.53133,62.13522,20.555,1.0052744219083272,12.082142939065074,0.4053416,0.2485043,0.066389644,0.095160599,11.53133,62.13522,23.625572,63.361835500000005
3147,6,2026-09-24T05:54:30.826+00:00,walking-slowly-then-fall,Trial 4: grandma walking slowly at home then sudden fall,3238,-0.108,2.952,9.414,4.086,-4.43,-6.878,-6.548,-5.952,325578,0.02439522,13.62669,5,-0.2843938,-0.09658711,16.424,2.954923,20.655,1.006110968601245,10.478935442114338,0.2843938,0.09658711,0.042263688,0.05445488100000001,16.424,2.954923,24.237963999999998,54.45202450000001
3148,6,2026-09-24T05:54:30.926+00:00,walking-slowly-then-fall,Trial 4: grandma walking slowly at home then sudden fall,3239,0.069,2.844,9.444,4.119,-0.277,-10.478,-2.601,-4.452,325678,0.01455379,15.26207,5,-0.009806156,-0.08212935,13.49033,-19.16498,20.755,1.0057640075088023,10.799556194585035,0.009806156,0.08212935,0.032063204,0.05128767399999999,13.49033,19.16498,22.72066,47.0772275
3149,6,2026-09-24T05:54:31.025+00:00,walking-slowly-then-fall,Trial 4: grandma walking slowly at home then sudden fall,3240,0.196,3.001,9.414,4.204,3.029,-12.496,-0.358,-3.275,325778,0.01391267,6.677671,5,0.3497715,-0.04737996,10.73467,-81.69135,20.855,1.0077552188947736,12.862854309988899,0.3497715,0.04737996,0.0236964,0.051403079,10.73467,81.69135,21.5414222,47.087862099999995
3150,6,2026-09-24T05:54:31.125+00:00,walking-slowly-then-fall,Trial 4: grandma walking slowly at home then sudden fall,3241,0.304,3.177,9.395,4.292,2.306,-10.194,-1.808,-3.232,325878,0.01439349,2.641478,5,0.6276259,-0.06465868,8.866332,-69.61126,20.955,1.0117916445305504,10.606796688916027,0.6276259,0.06465868,0.021747345999999997,0.04952776699999999,8.866332,69.61126,14.4361018,45.8014469
3151,6,2026-09-24T05:54:31.225+00:00,walking-slowly-then-fall,Trial 4: grandma walking slowly at home then sudden fall,3242,0.392,3.226,9.395,4.338,3.654,-8.118,-2.493,-2.319,325978,0.003398017,2.198702,5,0.6766591,-0.04215469,8.485999,-35.47656,21.055,1.0137167302960257,9.244927744444517,0.6766591,0.04215469,0.014130637400000002,0.040260140699999995,8.485999,35.47656,8.081322199999999,15.8534471
3152,6,2026-09-24T05:54:31.324+00:00,walking-slowly-then-fall,Trial 4: grandma walking slowly at home then sudden fall,3243,0.461,3.423,9.405,4.429,6.608,-7.173,-5.404,-1.99,326078,0.01442558,6.03102,5,0.7551122,-0.01077108,5.880667,-22.94107,21.155,1.0216695205320665,11.149924170145733,0.7551122,0.01077108,0.012136709400000001,0.027200198699999994,5.880667,22.94107,6.5621882,15.400076100000001
3153,6,2026-09-24T05:54:31.425+00:00,walking-slowly-then-fall,Trial 4: grandma walking slowly at home then sudden fall,3244,0.539,3.521,9.346,4.469,5.026,-5.169,-3.878,-1.34,326179,0.006411343,2.949138,5,0.6654081,-0.01495161,5.102126,-4.062745,21.256,1.0198981039308446,8.186459613288275,0.6654081,0.01495161,0.01050822,0.021285712000000002,5.102126,4.062745,4.0996018,13.410130900000002
3154,6,2026-09-24T05:54:31.527+00:00,walking-slowly-then-fall,Trial 4: grandma walking slowly at home then sudden fall,3245,0.51,3.55,9.267,4.442,10.472,-4.279,-5.866,0.109,326280,0.002628648,11.46772,5,0.4289029,-0.02044214,7.625576,18.32619,21.357,1.0132710665243723,12.7429423996187,0.4289029,0.02044214,0.0082514156,0.0159739078,7.625576,18.32619,5.0576115999999995,13.299516899999997
3155,6,2026-09-24T05:54:31.626+00:00,walking-slowly-then-fall,Trial 4: grandma walking slowly at home then sudden fall,3246,0.49,3.707,9.238,4.478,10.146,-2.439,-3.752,1.318,326380,0.008623299,2.653624,5,0.2922175,-0.001395282,9.318498,6.329257,21.457,1.016256529483835,11.089073045119687,0.2922175,0.001395282,0.0070973774,0.0144223617,9.318498,6.329257,5.0600408,9.748071299999998
3156,6,2026-09-24T05:54:31.725+00:00,walking-slowly-then-fall,Trial 4: grandma walking slowly at home then sudden fall,3247,0.461,3.825,9.179,4.488,6.997,-0.936,-0.819,1.747,326480,0.006058752,6.925899,5,0.1267822,-0.01449997,10.08377,1.509157,21.557,1.0151027112789457,7.106677564094208,0.1267822,0.01449997,0.0076295244,0.0108800809,10.08377,1.509157,6.0054802,7.0434012
3157,6,2026-09-24T05:54:31.825+00:00,walking-slowly-then-fall,Trial 4: grandma walking slowly at home then sudden fall,3248,0.461,3.903,9.13,4.498,5.055,-0.947,-0.124,1.328,326580,0.002853057,1.418171,5,0.1042513,-0.003682671,6.966805,-7.55215,21.657,1.0135939660873154,5.14443485720249,0.1042513,0.003682671,0.005315019799999999,0.008725864600000001,6.966805,7.55215,5.0829104,5.8225493
3158,6,2026-09-24T05:54:31.926+00:00,walking-slowly-then-fall,Trial 4: grandma walking slowly at home then sudden fall,3249,0.402,3.932,9.12,4.485,3.791,-1.235,-0.163,0.798,326681,0.001474611,0.5607203,5,0.1042513,-0.008074484,1.378849,-22.99772,21.758,1.013562153190706,3.9904229099181956,0.1042513,0.008074484,0.0043276734,0.0074179467,1.378849,22.99772,4.60522686,4.35241433
3159,6,2026-09-24T05:54:32.026+00:00,walking-slowly-then-fall,Trial 4: grandma walking slowly at home then sudden fall,3250,0.392,3.981,9.101,4.491,3.805,-1.538,-0.367,0.633,326781,0.0009617085,0.04454033,5,0.02274524,-0.01984354,-2.314739,-11.55424,21.858,1.0137344807651758,4.120456042721485,0.02274524,0.01984354,0.003994285499999999,0.00612285055,2.314739,11.55424,2.320590926,3.689101263
3160,6,2026-09-24T05:54:32.126+00:00,walking-slowly-then-fall,Trial 4: grandma walking slowly at home then sudden fall,3251,0.382,4.05,9.071,4.501,3.186,-1.486,-0.327,0.458,326881,0.001891355,0.129155,5,0.01949003,-0.01020097,-3.265267,-14.92452,21.958,1.0137408351626913,3.530682795154501,0.01949003,0.01020097,0.0026478967,0.00487263705,3.265267,14.92452,1.8156971260000003,3.437868962999999
3161,6,2026-09-24T05:54:32.225+00:00,walking-slowly-then-fall,Trial 4: grandma walking slowly at home then sudden fall,3252,0.284,4.06,9.081,4.475,2.162,-0.642,0.699,0.74,326981,0.003269793,0.9378627,5,-0.02938107,0.001237627,-1.515958,-1.394592,22.058,1.0147524765784937,2.361145696478724,0.02938107,0.001237627,0.0020901048999999996,0.00485981465,1.515958,1.394592,0.6180898659999999,3.3117850329999996
3162,6,2026-09-24T05:54:32.325+00:00,walking-slowly-then-fall,Trial 4: grandma walking slowly at home then sudden fall,3253,0.294,4.06,9.081,4.478,1.149,-0.621,0.996,0.508,327081,3.205688e-05,0.3716063,5,-0.02941942,-0.0005770232,-0.4729998,0.5150944,22.158,1.0147820900986309,1.6425157533491117,0.02941942,0.0005770232,0.001525904876,0.003420462338,0.4729998,0.5150944,0.408776926,2.745843663
3163,6,2026-09-24T05:54:32.426+00:00,walking-slowly-then-fall,Trial 4: grandma walking slowly at home then sudden fall,3254,0.314,4.08,9.071,4.488,1.456,-0.675,0.852,0.544,327182,0.0002885105,0.03930032,5,-0.02928896,-0.003202859,-0.1274787,0.2284039,22.259,1.014748480224128,1.8169933956952071,0.02928896,0.003202859,0.001288684776,0.0028081790879999997,0.1274787,0.2284039,0.30449293,2.4548598950000002
3164,6,2026-09-24T05:54:32.526+00:00,walking-slowly-then-fall,Trial 4: grandma walking slowly at home then sudden fall,3255,0.314,4.07,9.071,4.485,1.634,-0.716,0.936,0.618,327282,3.205668e-05,0.01347366,5,-0.01947656,-0.006678578,0.1247359,-1.128578,22.359,1.0143308256559318,2.014623538033843,0.01947656,0.006678578,0.001102754412,0.0025485199559999996,0.1247359,1.128578,0.29827959600000004,1.309435261
3165,6,2026-09-24T05:54:32.625+00:00,walking-slowly-then-fall,Trial 4: grandma walking slowly at home then sudden fall,3256,0.324,4.08,9.061,4.488,1.61,-0.764,0.789,0.545,327382,9.617025e-05,0.008163,5,0.03261722,-0.006327351,-0.2783167,-2.211848,22.459,1.013851771704623,1.948927140762322,0.03261722,0.006327351,0.000743717462,0.001695807081,0.2783167,2.211848,0.27408119599999997,1.044889161
3166,6,2026-09-24T05:54:32.725+00:00,walking-slowly-then-fall,Trial 4: grandma walking slowly at home then sudden fall,3257,0.324,4.089,9.061,4.491,1.61,-0.8,0.644,0.485,327482,3.205668e-05,0.007440332,5,0.02612445,-0.0001909343,-0.04549759,-0.7592621,22.559,1.0142287226755007,1.9096690812808381,0.02612445,0.0001909343,9.617019800000002e-05,0.0010931375489999999,0.04549759,0.7592621,0.08799672239999999,0.3530432942
3167,6,2026-09-24T05:54:32.824+00:00,walking-slowly-then-fall,Trial 4: grandma walking slowly at home then sudden fall,3258,0.343,4.119,9.052,4.505,2.065,-0.827,0.36,0.533,327582,0.000448794,0.09613668,5,0.03922606,0.0003205668,-0.1566665,0.1076394,22.659,1.0147201825108172,2.2533872281523206,0.03922606,0.0003205668,0.00017951762200000003,0.000852711249,0.1566665,0.1076394,0.0329027984,0.2208398622
3168,6,2026-09-24T05:54:32.925+00:00,walking-slowly-then-fall,Trial 4: grandma walking slowly at home then sudden fall,3259,0.363,4.158,9.032,4.518,3.561,-0.655,0.27,1.059,327683,0.0007693608,0.7585667,5,0.08159789,0.001824855,0.8696234,1.577655,22.76,1.0145933275314993,3.6307913737916695,0.08159789,0.001824855,0.00027568768200000003,0.000782186229,0.8696234,1.577655,0.17675607440000002,0.24062450220000003
3169,6,2026-09-24T05:54:33.026+00:00,walking-slowly-then-fall,Trial 4: grandma walking slowly at home then sudden fall,3260,0.373,4.197,9.012,4.527,2.67,-0.736,0.255,0.73,327784,0.0006731904,0.266889,5,0.104109,0.001881509,0.9389895,1.262018,22.861,1.014451501929388,2.781298437780455,0.104109,0.001881509,0.00040391442599999993,0.000753334419,0.9389895,1.262018,0.22743914240000002,0.26285936919999997
3170,6,2026-09-24T05:54:33.127+00:00,walking-slowly-then-fall,Trial 4: grandma walking slowly at home then sudden fall,3261,0.373,4.227,9.003,4.534,1.897,-0.902,0.068,0.354,327885,0.0003205668,0.2200181,5,0.1069971,0.0007925291,-0.06473652,0.5897668,22.962,1.014915647608242,2.101627226698398,0.1069971,0.0007925291,0.00044879373599999994,0.000596255599,0.06473652,0.5897668,0.26981016240000005,0.2719456792
3171,6,2026-09-24T05:54:33.228+00:00,walking-slowly-then-fall,Trial 4: grandma walking slowly at home then sudden fall,3262,0.363,4.246,9.003,4.537,1.23,-1.026,-0.054,0.05,327986,0.0001602834,0.158383,5,0.08091313,-0.001015658,-1.653135,-0.4099565,23.063,1.0157023273606616,1.6026515528960124,0.08091313,0.001015658,0.00047443907999999995,0.000285304639,1.653135,0.4099565,0.29999869599999995,0.19399770919999998
3172,6,2026-09-24T05:54:33.327+00:00,walking-slowly-then-fall,Trial 4: grandma walking slowly at home then sudden fall,3263,0.363,4.256,8.993,4.537,0.73,-1.137,-0.093,-0.167,328086,6.411337e-05,0.08794733,5,0.04867599,-0.001908634,-3.106011,-1.439016,23.163,1.0152162388384545,1.3543699642269094,0.04867599,0.001908634,0.0003975029539999999,0.000288510288,3.106011,1.439016,0.298360826,0.16563181219999998
3173,6,2026-09-24T05:54:33.427+00:00,walking-slowly-then-fall,Trial 4: grandma walking slowly at home then sudden fall,3264,0.363,4.256,8.993,4.537,0.145,-1.255,-0.244,-0.451,328187,0.0,0.1263167,5,0.02273945,-0.001592257,-2.86335,-0.4102866,23.264,1.0152162388384545,1.2866957682373872,0.02273945,0.001592257,0.00024363079399999997,0.000259659238,2.86335,0.4102866,0.17191082600000002,0.1743334502
3174,6,2026-09-24T05:54:33.529+00:00,walking-slowly-then-fall,Trial 4: grandma walking slowly at home then sudden fall,3265,0.392,4.266,8.993,4.55,-1.028,-1.256,0.324,-0.653,328288,0.0003205674,0.5661847,5,0.03248755,-0.0001583141,-2.499203,0.656789,23.365,1.015764645984239,1.6550818710867448,0.03248755,0.0001583141,0.000173106194,0.00028851030999999997,2.499203,0.656789,0.23176996599999997,0.22960455419999998
3175,6,2026-09-24T05:54:33.628+00:00,walking-slowly-then-fall,Trial 4: grandma walking slowly at home then sudden fall,3266,0.353,4.158,9.042,4.518,-4.271,-0.399,0.523,-1.382,328388,0.005193184,3.7637,5,-0.02590467,0.01025172,-3.330425,7.637747,23.465,1.0154824182782816,4.321362169501649,0.02590467,0.01025172,0.0011476296340000001,0.000798211685,3.330425,7.637747,0.940506346,0.6051582542
3176,6,2026-09-24T05:54:33.730+00:00,walking-slowly-then-fall,Trial 4: grandma walking slowly at home then sudden fall,3267,0.402,4.109,9.032,4.514,-19.793,-2.504,3.069,-6.409,328489,0.001634894,83.94853,5,-0.06481393,0.008262557,-13.32164,170.1579,23.566,1.0126686092615333,20.185431033297256,0.06481393,0.008262557,0.0014425517539999998,0.000958495417,13.32164,170.1579,17.698535746,8.999267221
3177,6,2026-09-24T05:54:33.830+00:00,walking-slowly-then-fall,Trial 4: grandma walking slowly at home then sudden fall,3268,0.02,2.501,7.875,3.465,-12.307,-29.283,2.914,-12.892,328589,1.357317,257.7264,5,-2.167359,2.699735,-30.47663,595.3356,23.666,0.8425536013159103,31.89745654437043,2.167359,2.699735,0.27289312908,0.136645316017,30.47663,595.3356,69.22622628,34.762293553
3178,6,2026-09-24T05:54:33.929+00:00,walking-slowly-then-fall,Trial 4: grandma walking slowly at home then sudden fall,3269,0.0,1.853,8.414,3.423,-9.457,-22.329,2.045,-9.914,328689,0.2367394,19.0786,5,-3.297088,1.820367,-29.95489,290.6571,23.766,0.8785493140077375,24.33518265803649,3.297088,1.820367,0.32024100908,0.16024231993700003,29.95489,290.6571,73.01668294,36.594296883
3179,6,2026-09-24T05:54:34.029+00:00,walking-slowly-then-fall,Trial 4: grandma walking slowly at home then sudden fall,3270,0.01,1.373,8.816,3.4,-7.022,-17.096,1.446,-7.557,328789,0.130888,11.2241,5,-3.320951,0.48795,-15.85328,-49.03874,23.866,0.909819383568426,18.538409208990938,3.320951,0.48795,0.3463544956000001,0.173263800897,15.85328,49.03874,75.148266,37.690017983000004
3180,6,2026-09-24T05:54:34.128+00:00,walking-slowly-then-fall,Trial 4: grandma walking slowly at home then sudden fall,3271,0.01,1.01,9.12,3.38,-5.214,-13.137,0.979,-5.791,328889,0.07469225,6.386879,5,-2.333982,-1.080314,6.571998,-401.6256,23.966,0.9356672817706567,14.167745268743365,2.333982,1.080314,0.3602543088,0.18070096921700002,6.571998,401.6256,75.6729018,38.306704073000006
3181,6,2026-09-24T05:54:34.229+00:00,walking-slowly-then-fall,Trial 4: grandma walking slowly at home then sudden fall,3272,0.01,0.745,9.346,3.367,-3.84,-10.202,0.646,-4.465,328989,0.04032752,3.537664,5,-0.2386281,-2.796026,20.97633,-521.0691,24.066,0.9560503839091566,10.919877288687818,0.2386281,2.796026,0.367992834,0.184717692877,20.97633,521.0691,59.59072860000001,38.644632173000005
3182,6,2026-09-24T05:54:34.328+00:00,walking-slowly-then-fall,Trial 4: grandma walking slowly at home then sudden fall,3273,0.01,0.549,9.522,3.36,-2.81,-8.001,0.379,-3.477,329089,0.02320908,1.992196,5,-0.1569061,-0.5176211,15.96467,-41.85924,24.166,0.9725868335215458,8.488565367598932,0.1569061,0.5176211,0.10117125,0.18703218954,15.96467,41.85924,8.4438878,38.835057039999995
3183,6,2026-09-24T05:54:34.428+00:00,walking-slowly-then-fall,Trial 4: grandma walking slowly at home then sudden fall,3274,0.01,0.402,9.65,3.354,-2.037,-6.368,0.196,-2.736,329189,0.01263036,1.099236,5,-0.1111417,-0.2879984,11.95533,-24.64442,24.266,0.9848801386334933,6.68873747429214,0.1111417,0.2879984,0.056349442000000007,0.18829522554,11.95533,24.64442,4.848015,38.93234897
3184,6,2026-09-24T05:54:34.528+00:00,walking-slowly-then-fall,Trial 4: grandma walking slowly at home then sudden fall,3275,0.01,0.284,9.748,3.347,-1.457,-5.126,0.042,-2.18,329289,0.007821847,0.6342267,5,-0.07845283,-0.161438,8.949667,-13.94373,24.366,0.9944416598251294,5.3292109171996564,0.07845283,0.161438,0.0317362114,0.1890453535,8.949667,13.94373,2.7300403399999995,38.93915317000001
3185,6,2026-09-24T05:54:34.627+00:00,walking-slowly-then-fall,Trial 4: grandma walking slowly at home then sudden fall,3276,0.01,0.196,9.826,3.344,-1.04,-4.194,-0.073,-1.769,329389,0.004648278,0.3519128,5,-0.0588398,-0.08674573,6.689667,-7.729472,24.466,1.0021729853596397,4.321639156616388,0.0588398,0.08674573,0.017727417000000002,0.18899086289999997,6.689667,7.729472,1.5230471,38.59797445
3186,6,2026-09-24T05:54:34.728+00:00,walking-slowly-then-fall,Trial 4: grandma walking slowly at home then sudden fall,3277,0.01,0.137,9.885,3.344,-0.745,-3.478,-0.142,-1.455,329490,0.002308085,0.2014806,5,-0.04238421,-0.04966317,5.000644,-4.31799,24.567,1.0080867961868687,3.5597293436439803,0.04238421,0.04966317,0.01012353,0.18905818199999996,5.000644,4.31799,0.8558104200000001,30.22326951
3187,6,2026-09-24T05:54:34.829+00:00,walking-slowly-then-fall,Trial 4: grandma walking slowly at home then sudden fall,3278,0.01,0.088,9.924,3.341,-0.471,-2.958,-0.211,-1.213,329591,0.001314327,0.1167457,5,-0.02925091,-0.02798802,3.75101,-2.383884,24.668,1.0120066685033293,3.0026864638186916,0.02925091,0.02798802,0.0057445794,0.0534579147,3.75101,2.383884,0.48072036,4.462304080000001
3188,6,2026-09-24T05:54:34.929+00:00,walking-slowly-then-fall,Trial 4: grandma walking slowly at home then sudden fall,3279,0.01,0.049,9.954,3.338,-0.3,-2.568,-0.263,-1.044,329692,0.0008014188,0.0613483,5,-0.02270053,-0.01722732,2.805727,-1.369123,24.769,1.01503832879684,2.5988060720261523,0.02270053,0.01722732,0.0033787911599999993,0.029864116580000006,2.805727,1.369123,0.27314282,2.56057891
3189,6,2026-09-24T05:54:35.030+00:00,walking-slowly-then-fall,Trial 4: grandma walking slowly at home then sudden fall,3280,0.01,0.029,9.973,3.338,-0.155,-2.276,-0.284,-0.905,329793,0.0002564539,0.03557668,5,-0.01941884,-0.01018843,2.118152,-0.765153,24.87,1.0169677899453267,2.2988816846458193,0.01941884,0.01018843,0.0018657125400000003,0.01680096197,2.118152,0.765153,0.153412816,1.4417265780000001
3190,6,2026-09-24T05:54:35.131+00:00,walking-slowly-then-fall,Trial 4: grandma walking slowly at home then sudden fall,3281,0.02,0.01,9.993,3.341,-0.063,-2.057,-0.3,-0.807,329894,0.0002885107,0.01889368,5,-0.009709538,-0.005046556,1.589109,-0.4419236,24.971,1.0190049627019364,2.0797158459751177,0.009709538,0.005046556,0.0009937590800000002,0.00936058804,1.589109,0.4419236,0.086808992,0.8049280459999999
3191,6,2026-09-24T05:54:35.231+00:00,walking-slowly-then-fall,Trial 4: grandma walking slowly at home then sudden fall,3282,0.02,0.0,10.013,3.344,0.022,-1.892,-0.312,-0.727,329995,0.0001602835,0.01153133,5,0.009709538,-0.002793064,1.19703,-0.2503795,25.072,1.021043880837374,1.9176788052226055,0.009709538,0.002793064,0.0005641987799999999,0.0053438643899999996,1.19703,0.2503795,0.048819138,0.45231477900000006
3192,6,2026-09-24T05:54:35.332+00:00,walking-slowly-then-fall,Trial 4: grandma walking slowly at home then sudden fall,3283,0.02,0.0,10.022,3.347,0.086,-1.769,-0.339,-0.674,330096,3.205668e-05,0.006651325,5,0.02589202,-0.001618708,0.9079208,-0.1321181,25.173,1.0219616235999776,1.8032409711405737,0.02589202,0.001618708,0.00030774471599999994,0.003026162058,0.9079208,0.1321181,0.026800263,0.2537603115
3193,6,2026-09-24T05:54:35.433+00:00,walking-slowly-then-fall,Trial 4: grandma walking slowly at home then sudden fall,3284,0.02,-0.01,10.032,3.347,0.134,-1.676,-0.341,-0.628,330197,6.411348e-05,0.003652337,5,0.02589226,-0.000634787,0.6805279,-0.07533766,25.274,1.0229818460151259,1.7155794939320066,0.02589226,0.000634787,0.000160283652,0.0017695374059999995,0.6805279,0.07533766,0.015261070400000002,0.1442019452
3194,6,2026-09-24T05:54:35.533+00:00,walking-slowly-then-fall,Trial 4: grandma walking slowly at home then sudden fall,3285,0.02,-0.01,10.032,3.347,0.153,-1.589,-0.343,-0.593,330298,0.0,0.002644667,5,0.01618296,-0.0006665262,0.5217821,-0.03997725,25.375,1.0229818460151259,1.6327825942237382,0.01618296,0.0006665262,0.00010899287199999999,0.0009873527059999997,0.5217821,0.03997725,0.008674667799999999,0.0810437419
3195,6,2026-09-24T05:54:35.633+00:00,walking-slowly-then-fall,Trial 4: grandma walking slowly at home then sudden fall,3286,0.02,-0.01,10.032,3.347,0.167,-1.541,-0.362,-0.579,330398,0.0,0.0009536659,5,0.006492435,-0.0003500131,0.3754689,-0.02497104,25.475,1.0229818460151259,1.5917330178142313,0.006492435,0.0003500131,5.1290731999999994e-05,0.000522524906,0.3754689,0.02497104,0.00508666498,0.04594782849
3196,6,2026-09-24T05:54:35.731+00:00,walking-slowly-then-fall,Trial 4: grandma walking slowly at home then sudden fall,3287,0.02,-0.01,10.032,3.347,0.177,-1.505,-0.376,-0.568,330498,0.0,0.000530667,5,0.0,-0.0001276515,0.2599013,-0.01487373,25.575,1.0229818460151259,1.561323156812836,0.0,0.0001276515,1.9234032e-05,0.000291716406,0.2599013,0.01487373,0.00288653238,0.02585283519
3197,6,2026-09-24T05:54:35.832+00:00,walking-slowly-then-fall,Trial 4: grandma walking slowly at home then sudden fall,3288,0.02,-0.01,10.032,3.347,0.185,-1.478,-0.369,-0.554,330599,0.0,0.0002806658,5,0.0,-0.0001278428,0.171693,-0.00882032,25.676,1.0229818460151259,1.5345585684489205,0.0,0.0001278428,1.2822695999999999e-05,0.000160283706,0.171693,0.00882032,0.0016124005400000002,0.01420633177
3198,6,2026-09-24T05:54:35.932+00:00,walking-slowly-then-fall,Trial 4: grandma walking slowly at home then sudden fall,3289,0.02,-0.01,10.032,3.347,0.191,-1.441,-0.381,-0.544,330700,0.0,0.000516335,5,0.0,0.0,0.122713,-0.004896961,25.777,1.0229818460151259,1.5027052272485115,0.0,0.0,0.0,8.0141826e-05,0.122713,0.004896961,0.00098520014,0.00812313527
3199,6,2026-09-24T05:54:36.031+00:00,walking-slowly-then-fall,Trial 4: grandma walking slowly at home then sudden fall,3290,0.02,-0.01,10.032,3.347,0.213,-1.43,-0.373,-0.53,330800,0.0,0.0002230004,5,0.0,0.0,0.1209405,-0.001465469,25.877,1.0229818460151259,1.4931168741930418,0.0,0.0,0.0,5.4496435999999994e-05,0.1209405,0.001465469,0.00050086682,0.00458776731
3200,6,2026-09-24T05:54:36.131+00:00,walking-slowly-then-fall,Trial 4: grandma walking slowly at home then sudden fall,3291,0.02,-0.01,10.032,3.347,0.212,-1.422,-0.384,-0.531,330900,0.0,6.199951e-05,5,0.0,0.0,0.0968991,-0.0009888245,25.977,1.0229818460151259,1.4881142429262615,0.0,0.0,0.0,2.5645365999999997e-05,0.0968991,0.0009888245,0.000322533542,0.002704599261
3201,6,2026-09-24T05:54:36.231+00:00,walking-slowly-then-fall,Trial 4: grandma walking slowly at home then sudden fall,3292,0.02,-0.01,10.032,3.347,0.229,-1.399,-0.375,-0.515,331000,0.0,0.0002996668,5,0.0,0.0,0.09016373,-0.0004147147,26.077,1.0229818460151259,1.4663788732793446,0.0,0.0,0.0,9.617016e-06,0.09016373,0.0004147147,0.00027633350199999997,0.0015814329410000002
3202,6,2026-09-24T05:54:36.330+00:00,walking-slowly-then-fall,Trial 4: grandma walking slowly at home then sudden fall,3293,0.02,-0.01,10.032,3.347,0.224,-1.399,-0.368,-0.514,331100,0.0,2.466665e-05,5,0.0,0.0,0.07366657,-0.0009066703,26.177,1.0229818460151259,1.463830932860759,0.0,0.0,0.0,6.4113479999999996e-06,0.07366657,0.0009066703,0.00022513367200000003,0.0009187671059999999
3203,6,2026-09-24T05:54:36.430+00:00,walking-slowly-then-fall,Trial 4: grandma walking slowly at home then sudden fall,3294,0.02,-0.01,10.032,3.347,0.238,-1.399,-0.381,-0.514,331200,0.0,0.0001216668,5,0.0,0.0,0.04900008,-0.0002400001,26.277,1.0229818460151259,1.4693556410889774,0.0,0.0,0.0,0.0,0.04900008,0.0002400001,0.000146200032,0.0005657000859999999
3204,6,2026-09-24T05:54:36.530+00:00,walking-slowly-then-fall,Trial 4: grandma walking slowly at home then sudden fall,3295,0.02,-0.01,10.032,3.347,0.248,-1.399,-0.373,-0.508,331300,0.0,5.466669e-05,5,0.0,0.0,0.04766679,-0.0001926656,26.377,1.0229818460151259,1.468956772679169,0.0,0.0,0.0,0.0,0.04766679,0.0001926656,0.00011253329000000001,0.00030670005499999997
3205,6,2026-09-24T05:54:36.629+00:00,walking-slowly-then-fall,Trial 4: grandma walking slowly at home then sudden fall,3296,0.02,-0.01,10.032,3.347,0.238,-1.399,-0.367,-0.509,331400,0.0,4.53332e-05,5,0.0,0.0,0.01766682,-0.0004786671,26.477,1.0229818460151259,1.465787842765794,0.0,0.0,0.0,0.0,0.01766682,0.0004786671,0.00010920002800000001,0.00021586678499999995
3206,6,2026-09-24T05:54:36.729+00:00,walking-slowly-then-fall,Trial 4: grandma walking slowly at home then sudden fall,3297,0.02,-0.01,10.032,3.347,0.231,-1.399,-0.362,-0.51,331500,0.0,2.466675e-05,5,0.0,0.0,0.01333344,-7.633335e-05,26.577,1.0229818460151259,1.463422700384274,0.0,0.0,0.0,0.0,0.01333344,7.633335e-05,5.4200018e-05,0.00016526676
3207,6,2026-09-24T05:54:36.829+00:00,walking-slowly-then-fall,Trial 4: grandma walking slowly at home then sudden fall,3298,0.02,-0.01,10.032,3.347,0.225,-1.399,-0.359,-0.511,331600,0.0,1.500003e-05,5,0.0,0.0,0.004000068,-0.0002433334,26.677,1.0229818460151259,1.4617479262855138,0.0,0.0,0.0,0.0,0.004000068,0.0002433334,5.226669400000001e-05,0.000138700183
3208,6,2026-09-24T05:54:36.929+00:00,walking-slowly-then-fall,Trial 4: grandma walking slowly at home then sudden fall,3299,0.02,-0.01,10.032,3.347,0.238,-1.381,-0.356,-0.5,331700,0.0,0.0001673335,5,0.0,0.0,0.01499999,0.0001950004,26.777,1.0229818460151259,1.4458703261357846,0.0,0.0,0.0,0.0,0.01499999,0.0001950004,6.1400034e-05,0.000103800033
3209,6,2026-09-24T05:54:37.028+00:00,walking-slowly-then-fall,Trial 4: grandma walking slowly at home then sudden fall,3300,0.02,-0.01,10.032,3.347,0.248,-1.385,-0.372,-0.503,331800,0.0,0.0001239998,5,0.0,0.0,0.023,0.0003,26.877,1.0229818460151259,1.455373835136526,0.0,0.0,0.0,0.0,0.023,0.0003,7.5266656e-05,9.3899973e-05
3210,6,2026-09-24T05:54:37.128+00:00,walking-slowly-then-fall,Trial 4: grandma walking slowly at home then sudden fall,3301,0.02,-0.01,10.032,3.347,0.238,-1.371,-0.366,-0.5,331900,0.0,0.0001106661,5,0.0,0.0,0.02866662,0.0002809985,26.977,1.0229818460151259,1.4388332078458572,0.0,0.0,0.0,0.0,0.02866662,0.0002809985,8.8333236e-05,9.876663200000002e-05
3211,6,2026-09-24T05:54:37.228+00:00,walking-slowly-then-fall,Trial 4: grandma walking slowly at home then sudden fall,3302,0.02,-0.01,10.032,3.347,0.248,-1.36,-0.362,-0.491,332000,0.0,7.900023e-05,5,0.0,0.0,0.03933328,7.133299e-05,27.077,1.0229818460151259,1.4290374382779483,0.0,0.0,0.0,0.0,0.03933328,7.133299e-05,9.9199932e-05,7.6699975e-05
3212,6,2026-09-24T05:54:37.327+00:00,walking-slowly-then-fall,Trial 4: grandma walking slowly at home then sudden fall,3303,0.02,-0.01,10.032,3.347,0.238,-1.37,-0.359,-0.497,332100,0.0,6.966652e-05,5,0.0,0.0,0.01700005,-0.0002403335,27.177,1.0229818460151259,1.4361145497487309,0.0,0.0,0.0,0.0,0.01700005,0.0002403335,0.00011013323000000001,8.1199962e-05
3213,6,2026-09-24T05:54:37.427+00:00,walking-slowly-then-fall,Trial 4: grandma walking slowly at home then sudden fall,3304,0.02,-0.01,10.032,3.347,0.231,-1.377,-0.356,-0.501,332200,0.0,3.56665e-05,5,0.0,0.0,0.007333398,-0.0002176662,27.277,1.0229818460151259,1.4409115170613358,0.0,0.0,0.0,0.0,0.007333398,0.0002176662,8.379983e-05,7.2599932e-05
3214,6,2026-09-24T05:54:37.527+00:00,walking-slowly-then-fall,Trial 4: grandma walking slowly at home then sudden fall,3305,0.02,-0.01,10.032,3.347,0.243,-1.382,-0.354,-0.498,332300,0.0,5.766661e-05,5,0.0,0.0,-0.005333155,-0.0001493327,27.377,1.0229818460151259,1.4471658508961576,0.0,0.0,0.0,0.0,0.005333155,0.0001493327,7.0533192e-05,7.2899924e-05
3215,6,2026-09-24T05:54:37.627+00:00,walking-slowly-then-fall,Trial 4: grandma walking slowly at home then sudden fall,3306,0.02,-0.01,10.032,3.347,0.252,-1.386,-0.353,-0.496,332400,0.0,3.266688e-05,5,0.0,0.0,-0.009333283,-0.0001046666,27.477,1.0229818460151259,1.4522771774010634,0.0,0.0,0.0,0.0,0.009333283,0.0001046666,5.4933347999999996e-05,7.163329200000001e-05
3216,6,2026-09-24T05:54:37.726+00:00,walking-slowly-then-fall,Trial 4: grandma walking slowly at home then sudden fall,3307,0.02,-0.01,10.032,3.347,0.241,-1.372,-0.352,-0.494,332500,0.0,0.0001060006,5,0.0,0.0,0.01033321,6.966851e-05,27.577,1.0229818460151259,1.4367912165655803,0.0,0.0,0.0,0.0,0.01033321,6.966851e-05,6.033342200000001e-05,7.9766677e-05
3217,6,2026-09-24T05:54:37.826+00:00,walking-slowly-then-fall,Trial 4: grandma walking slowly at home then sudden fall,3308,0.02,-0.01,10.032,3.347,0.233,-1.379,-0.351,-0.499,332600,0.0,3.799986e-05,5,0.0,0.0,0.006666541,5.300068e-05,27.677,1.0229818460151259,1.441919207168002,0.0,0.0,0.0,0.0,0.006666541,5.300068e-05,5.400009000000001e-05,8.206665999999999e-05
3218,6,2026-09-24T05:54:37.926+00:00,walking-slowly-then-fall,Trial 4: grandma walking slowly at home then sudden fall,3309,0.02,-0.01,10.032,3.347,0.227,-1.384,-0.368,-0.508,332700,0.0,0.0001166665,5,0.0,0.0,-0.02466673,0.0001233328,27.777,1.0229818460151259,1.4499686203501094,0.0,0.0,0.0,0.0,0.02466673,0.0001233328,7.020009e-05,7.699996e-05
3219,6,2026-09-24T05:54:38.026+00:00,walking-slowly-then-fall,Trial 4: grandma walking slowly at home then sudden fall,3310,0.02,-0.01,10.032,3.347,0.222,-1.388,-0.363,-0.51,332800,0.0,2.200015e-05,5,0.0,0.0,-0.04200003,-1.066752e-05,27.877,1.0229818460151259,1.4517565222860203,0.0,0.0,0.0,0.0,0.04200003,1.066752e-05,6.3066798e-05,6.6799995e-05
3220,6,2026-09-24T05:54:38.126+00:00,walking-slowly-then-fall,Trial 4: grandma walking slowly at home then sudden fall,3311,0.02,-0.01,10.032,3.347,0.236,-1.391,-0.359,-0.505,332900,0.0,7.366672e-05,5,0.0,0.0,-0.03133324,-8.066745e-05,27.977,1.0229818460151259,1.455835842394327,0.0,0.0,0.0,0.0,0.03133324,8.066745e-05,7.126676600000001e-05,6.310005700000002e-05
3221,6,2026-09-24T05:54:38.225+00:00,walking-slowly-then-fall,Trial 4: grandma walking slowly at home then sudden fall,3312,0.02,-0.01,10.032,3.347,0.229,-1.393,-0.356,-0.507,333000,0.0,2.066661e-05,5,0.0,0.0,-0.01166666,-7.76663e-05,28.077,1.0229818460151259,1.4558935400639705,0.0,0.0,0.0,0.0,0.01166666,7.76663e-05,5.4199968e-05,5.7266695e-05
3222,6,2026-09-24T05:54:38.325+00:00,walking-slowly-then-fall,Trial 4: grandma walking slowly at home then sudden fall,3313,0.02,-0.01,10.032,3.347,0.241,-1.377,-0.354,-0.497,333100,0.0,0.000134667,5,0.0,0.0,0.02633339,3.466736e-05,28.177,1.0229818460151259,1.4420561708893311,0.0,0.0,0.0,0.0,0.02633339,3.466736e-05,7.353339599999999e-05,6.3766743e-05
3223,6,2026-09-24T05:54:38.425+00:00,walking-slowly-then-fall,Trial 4: grandma walking slowly at home then sudden fall,3314,0.02,-0.01,10.032,3.347,0.233,-1.365,-0.353,-0.495,333200,0.0,6.96664e-05,5,0.0,0.0,0.0373334,0.0001563328,28.277,1.0229818460151259,1.4290286911045558,0.0,0.0,0.0,0.0,0.0373334,0.0001563328,6.4133376e-05,6.716673299999999e-05
3224,6,2026-09-24T05:54:38.524+00:00,walking-slowly-then-fall,Trial 4: grandma walking slowly at home then sudden fall,3315,0.02,-0.01,10.032,3.347,0.227,-1.373,-0.352,-0.499,333300,0.0,3.366673e-05,5,0.0,0.0,0.02233323,-3.100018e-05,28.377,1.0229818460151259,1.4354657780664783,0.0,0.0,0.0,0.0,0.02233323,3.100018e-05,6.6466692e-05,6.476674500000001e-05
3225,6,2026-09-24T05:54:38.624+00:00,walking-slowly-then-fall,Trial 4: grandma walking slowly at home then sudden fall,3316,0.02,-0.01,10.032,3.347,0.24,-1.379,-0.351,-0.497,333400,0.0,6.866632e-05,5,0.0,0.0,0.01733327,-5.000825e-06,28.477,1.0229818460151259,1.4430668730173248,0.0,0.0,0.0,0.0,0.01733327,5.000825e-06,6.5466612e-05,6.8366689e-05
3226,6,2026-09-24T05:54:38.727+00:00,walking-slowly-then-fall,Trial 4: grandma walking slowly at home then sudden fall,3317,0.02,-0.01,10.042,3.351,0.25,-1.384,-0.35,-0.495,333500,3.205668e-05,4.200003e-05,5,0.006537437,6.411337e-05,0.002333254,-0.000186334,28.577,1.0240015596975824,1.449295001026361,0.006537437,6.411337e-05,6.411336e-06,3.205668e-06,0.002333254,0.000186334,6.973329599999999e-05,6.1966632e-05
3227,6,2026-09-24T05:54:38.827+00:00,walking-slowly-then-fall,Trial 4: grandma walking slowly at home then sudden fall,3318,0.02,-0.01,10.042,3.351,0.257,-1.37,-0.367,-0.493,333601,0.0,0.0001779996,5,0.009786544,3.186486e-05,0.007992589,0.0002250936,28.678,1.0240015596975824,1.4414014014146095,0.009786544,3.186486e-05,6.411336e-06,3.205668e-06,0.007992589,0.0002250936,7.8399816e-05,7.5966606e-05
3228,6,2026-09-24T05:54:38.927+00:00,walking-slowly-then-fall,Trial 4: grandma walking slowly at home then sudden fall,3319,0.02,-0.01,10.042,3.351,0.262,-1.377,-0.362,-0.492,333701,0.0,3.299993e-05,5,0.009773547,-1.274604e-07,0.01727818,0.0001080388,28.778,1.0240015596975824,1.44769368306973,0.009773547,1.274604e-07,6.411336e-06,3.205668e-06,0.01727818,0.0001080388,7.1066522e-05,6.759994899999999e-05
3229,6,2026-09-24T05:54:39.028+00:00,walking-slowly-then-fall,Trial 4: grandma walking slowly at home then sudden fall,3320,0.02,-0.02,10.042,3.347,0.266,-1.382,-0.376,-0.497,333801,3.205679e-05,7.899999e-05,5,6.498369e-06,3.18016e-05,0.001010034,1.209055e-05,28.878,1.0240030828696496,1.4567278400579842,6.498369e-06,3.18016e-05,1.2822693999999999e-05,6.411346999999999e-06,0.001010034,1.209055e-05,8.013317400000001e-05,7.3299933e-05
3230,6,2026-09-24T05:54:39.127+00:00,walking-slowly-then-fall,Trial 4: grandma walking slowly at home then sudden fall,3321,0.02,-0.02,10.042,3.347,0.252,-1.369,-0.387,-0.501,333902,0.0,0.0001620001,5,-0.009760564,-3.211954e-05,-0.01726144,0.0001410692,28.979,1.0240030828696496,1.4447954872576256,0.009760564,3.211954e-05,1.2822693999999999e-05,6.411346999999999e-06,0.01726144,0.0001410692,9.879993e-05,8.2133271e-05
3231,6,2026-09-24T05:54:39.227+00:00,walking-slowly-then-fall,Trial 4: grandma walking slowly at home then sudden fall,3322,0.02,-0.02,10.042,3.347,0.259,-1.376,-0.377,-0.498,334002,0.0,6.600035e-05,5,-0.009773547,-1.274609e-07,-0.0182874,-9.422391e-05,29.079,1.0240030828696496,1.4500296548691685,0.009773547,1.274609e-07,6.411358e-06,6.411346999999999e-06,0.0182874,9.422391e-05,0.00010359999399999998,8.6666645e-05
3232,6,2026-09-24T05:54:39.328+00:00,walking-slowly-then-fall,Trial 4: grandma walking slowly at home then sudden fall,3323,0.02,-0.02,10.042,3.347,0.264,-1.382,-0.37,-0.496,334103,0.0,3.666634e-05,5,-0.006498421,-3.199243e-05,-0.00795371,-5.610558e-06,29.18,1.0240030828696496,1.4548264501307362,0.006498421,3.199243e-05,6.411358e-06,6.411346999999999e-06,0.00795371,5.610558e-06,7.5333342e-05,7.6866579e-05
3233,6,2026-09-24T05:54:39.428+00:00,walking-slowly-then-fall,Trial 4: grandma walking slowly at home then sudden fall,3324,0.02,-0.02,10.042,3.347,0.268,-1.386,-0.365,-0.494,334204,0.0,1.900019e-05,5,0.0,-6.366772e-05,0.01124972,-0.0002434071,29.281,1.0240030828696496,1.4580963616990477,0.0,6.366772e-05,6.411358e-06,6.411346999999999e-06,0.01124972,0.0002434071,7.2533394e-05,7.1799958e-05
3234,6,2026-09-24T05:54:39.527+00:00,walking-slowly-then-fall,Trial 4: grandma walking slowly at home then sudden fall,3325,0.02,-0.02,10.042,3.347,0.271,-1.389,-0.378,-0.499,334305,0.0,6.23332e-05,5,0.0,0.0,0.00891008,-0.0002439496,29.382,1.0240030828696496,1.4648023757490292,0.0,0.0,0.0,6.411346999999999e-06,0.00891008,0.0002439496,6.920003599999999e-05,7.4666605e-05
3235,6,2026-09-24T05:54:39.627+00:00,walking-slowly-then-fall,Trial 4: grandma walking slowly at home then sudden fall,3326,0.02,-0.02,10.042,3.347,0.273,-1.374,-0.371,-0.491,334405,0.0,9.266772e-05,5,0.0,0.0,0.01188058,7.816236e-05,29.482,1.0240030828696496,1.4491535460398943,0.0,0.0,0.0,6.411346999999999e-06,0.01188058,7.816236e-05,5.5333560000000006e-05,7.7066745e-05
3236,6,2026-09-24T05:54:39.727+00:00,walking-slowly-then-fall,Trial 4: grandma walking slowly at home then sudden fall,3327,0.02,-0.02,10.042,3.347,0.274,-1.363,-0.365,-0.485,334505,0.0,5.266599e-05,5,0.0,0.0,0.02614843,0.0001052675,29.582,1.0240030828696496,1.4373830387200204,0.0,0.0,0.0,3.205679e-06,0.02614843,0.0001052675,5.2666688e-05,7.8133341e-05
3237,6,2026-09-24T05:54:39.826+00:00,walking-slowly-then-fall,Trial 4: grandma walking slowly at home then sudden fall,3328,0.02,-0.02,10.042,3.347,0.275,-1.372,-0.361,-0.486,334605,0.0,3.266636e-05,5,0.0,0.0,0.03057888,1.792197e-05,29.682,1.0240030828696496,1.445105532478511,0.0,0.0,0.0,3.205679e-06,0.03057888,1.792197e-05,5.1866692e-05,6.360001699999999e-05
3238,6,2026-09-24T05:54:39.926+00:00,walking-slowly-then-fall,Trial 4: grandma walking slowly at home then sudden fall,3329,0.02,-0.02,10.042,3.347,0.258,-1.361,-0.358,-0.487,334705,0.0,0.0001396671,5,0.0,0.0,0.02800003,9.466653e-05,29.782,1.0240030828696496,1.4307512012925239,0.0,0.0,0.0,3.205679e-06,0.02800003,9.466653e-05,7.600007399999999e-05,7.426673399999999e-05
3239,6,2026-09-24T05:54:40.026+00:00,walking-slowly-then-fall,Trial 4: grandma walking slowly at home then sudden fall,3330,0.02,-0.02,10.042,3.347,0.263,-1.37,-0.373,-0.493,334805,0.0,0.0001103337,5,0.0,0.0,-0.007666737,0.000122333,29.882,1.0240030828696496,1.4440214679844618,0.0,0.0,0.0,0.0,0.007666737,0.000122333,8.5600174e-05,7.740010500000001e-05
3240,6,2026-09-24T05:54:40.125+00:00,walking-slowly-then-fall,Trial 4: grandma walking slowly at home then sudden fall,3331,0.02,-0.02,10.042,3.347,0.249,-1.377,-0.384,-0.504,334905,0.0,0.000122,5,0.0,0.0,-0.04600003,0.0002163354,29.982,1.0240030828696496,1.4510637477381894,0.0,0.0,0.0,0.0,0.04600003,0.0002163354,9.146663e-05,7.340009500000001e-05
